# name|category|district|town|lat|lon|blurb|fun_fact|fun_facts|opening_hours|ticket_price|visit_minutes|links|source_url
Масткі|кафе|||53.8837325|25.7416428|||[]||||[]|osm_poi:node/306067507
Остановка|остановка транспорта|||54.626694|26.5514307|||[]||||[]|osm_poi:node/306068545
VIP Bar|кафе|||53.6987003|23.8383735|||[]|Th, Su 18:00-04:00; Fr-Sa 18:00-06:00|||[]|osm_poi:node/320409500
Золотой Телёнок|ресторан||Гродна|53.6984045|23.8076687|||[]|Mo-We 12:00-16:00; Th 12:00-24:00; Fr 12:00-02:00; Sa 14:00-02:00; Su off|||[]|osm_poi:node/320409501
Верас|кафе||Гродна|53.6970713|23.8197521|||[]|Mo-Su 12:00-02:00|||[]|osm_poi:node/320409511
Фея|кафе|||53.6921143|23.8255206|||[]||||[]|osm_poi:node/320409561
Чабурэчная|кафе||Гродна|53.6827724|23.8319323|||[]|Mo-Su 11:00-23:00|||[]|osm_poi:node/320409617
Nomo|ресторан|||53.6825076|23.8328052|||[]|Mo-Su 12:00-23:00|||[]|osm_poi:node/320409626
Карчма|ресторан||Гродна|53.6824606|23.8323654|||[]|Mo-Su 09:00-23:00|||[]|osm_poi:node/320409627
Гудини|кафе||Гродна|53.6810398|23.8407979|||[]|Mo-Th 12:00-02:00; Fr 12:00-04:00; Sa 15:00-04:00; Su 12:00-02:00|||[]|osm_poi:node/320409638
Подкова|кафе|||53.678958|23.834238|||[]|Mo-Th 12:00-23:00; Fr-Sa 12:00-01:00; Su 12:00-00:00|||[]|osm_poi:node/320409652
Нёман|гостиница||Гродна|53.676584|23.8301047|||[]|24/7|||[]|osm_poi:node/320409679
Кулинария|кафе|||53.6713779|23.8046837|||[]|Mo-Su 08:00-21:00|||[]|osm_poi:node/320409755
Столовая|кафе|||53.670726|23.821502|||[]|Mo-Fr 10:00-16:00|||[]|osm_poi:node/320409768
вуліца Паповіча|остановка транспорта|||53.6685516|23.8021631|||[]||||[]|osm_poi:node/320409795
вуліца Лізы Чайкінай|остановка транспорта|||53.6651341|23.7889722|||[]||||[]|osm_poi:node/320409829
Фолюш|остановка транспорта|||53.6652295|23.7834212|||[]||||[]|osm_poi:node/320409830
Заря|кафе||Гродна|53.6648936|23.7905407|||[]|Mo-Su 12:00-00:00|||[]|osm_poi:node/320409833
вуліца Лізы Чайкінай|остановка транспорта|||53.664239|23.7907901|||[]||||[]|osm_poi:node/320409842
плошча Дзекабрыстаў|остановка транспорта|||53.6636504|23.8009358|||[]||||[]|osm_poi:node/320409845
плошча Дзекабрыстаў|остановка транспорта|||53.663654|23.7990015|||[]||||[]|osm_poi:node/320409848
Кафе Очаг|кафе|||53.6633181|23.7782989|||[]||||[]|osm_poi:node/320409851
Шансон|кафе|||53.6627172|23.8395103|||[]|Tu-Su 12:00-24:00|||[]|osm_poi:node/320409854
Турист|ресторан||Гродна|53.654706|23.8460252|||[]|Mo-Th 18:00-00:00; Mo-Su 07:00-10:00; Fr-Sa 18:00-2:00|||[]|osm_poi:node/320409905
Тройка|ресторан||Гродна|53.650327|23.8465515|||[]|Tu-Th 16:00-00:00; Fr-Su 16:00-02:00|||[]|osm_poi:node/320409925
Drive Cafe|кафе||Гродна|53.648854|23.8362135|||[]|24/7|||[]|osm_poi:node/320409928
вуліца Курчатава|остановка транспорта|||53.7053062|23.8580595|||[]||||[]|osm_poi:node/320676302
Шклозавод|остановка транспорта|||53.6655962|23.8267775|||[]||||[]|osm_poi:node/347507534
Дом Навукі і Тэхнікі|остановка транспорта|||53.6979803|23.8195924|||[]||||[]|osm_poi:node/352676263
Фарты|остановка транспорта|||53.6969682|23.8026413|||[]||||[]|osm_poi:node/352929479
бульвар Ленінскага Камсамола|остановка транспорта|||53.6981199|23.8099963|||[]||||[]|osm_poi:node/352929480
Дом Навукі і Тэхнікі|остановка транспорта|||53.6973566|23.8205644|||[]||||[]|osm_poi:node/353051092
кінатэатр «Космас»|остановка транспорта|||53.6911698|23.8251368|||[]||||[]|osm_poi:node/353052064
1-я паліклініка|остановка транспорта|||53.6853581|23.8291679|||[]||||[]|osm_poi:node/353057025
вуліца Леніна|остановка транспорта|||53.6818078|23.8404349|||[]||||[]|osm_poi:node/387618810
Гуманітарны каледж|остановка транспорта|||53.6781906|23.8411909|||[]||||[]|osm_poi:node/387627658
Верона|кафе||Гродна|53.6754996|23.8624609|||[]|Mo-Su 11:30-02:00|||[]|osm_poi:node/387671759
Гімназія №5|остановка транспорта|||53.7034245|23.7966269|||[]||||[]|osm_poi:node/387715380
Гімназія №5|остановка транспорта|||53.7023125|23.7970409|||[]||||[]|osm_poi:node/387715382
вуліца Будзёнага|остановка транспорта|||53.6843614|23.8458763|||[]||||[]|osm_poi:node/390154580
Гарадская клінічная бальніца №3|остановка транспорта|||53.6986378|23.7880858|||[]||||[]|osm_poi:node/390970665
вуліца Фестывальная|остановка транспорта|||53.6904349|23.8010294|||[]||||[]|osm_poi:node/391056399
Фарты|остановка транспорта|||53.6973069|23.8028367|||[]||||[]|osm_poi:node/391427240
Магазін «ГроДар»|остановка транспорта|||53.6981997|23.8001769|||[]||||[]|osm_poi:node/391427241
MoonTea|кафе||Гродна|53.68148|23.8311644|||[]|10:00-22:00|||[]|osm_poi:node/394582076
Абутковая фабрыка «Нёман»|остановка транспорта|||53.6715279|23.8062824|||[]||||[]|osm_poi:node/418977869
гіпермаркет «Мацерык»|остановка транспорта|||53.671553|23.8615027|||[]||||[]|osm_poi:node/421950815
праспект Румлёўскі|остановка транспорта|||53.663856|23.8603503|||[]||||[]|osm_poi:node/421962534
Прыгарадная вуліца|остановка транспорта|||53.6666476|23.8483277|||[]||||[]|osm_poi:node/428642560
вуліца Фестывальная|остановка транспорта|||53.6891282|23.8004176|||[]||||[]|osm_poi:node/429379287
Аздараўленчы комплекс|остановка транспорта|||53.6928062|23.8006532|||[]||||[]|osm_poi:node/429379288
вуліца Болдзіна|остановка транспорта|||53.6936675|23.8012254|||[]||||[]|osm_poi:node/429379289
Абласная бальніца|остановка транспорта|||53.6958588|23.7944971|||[]||||[]|osm_poi:node/429379290
Туалет|туалет|||53.804374|24.1825454|||[]||||[]|osm_poi:node/430901804
вуліца Карбышава|остановка транспорта|||53.6792075|23.8422316|||[]||||[]|osm_poi:node/431330918
Заапарк|остановка транспорта|||53.6870281|23.8476509|||[]||||[]|osm_poi:node/431335367
Чыгуначны вакзал|остановка транспорта|||53.6861085|23.845256|||[]||||[]|osm_poi:node/431335369
Тэатр лялек|остановка транспорта|||53.6858452|23.8353505|||[]||||[]|osm_poi:node/431340008
Гроднахлебпрам|остановка транспорта|||53.6910746|23.8363438|||[]||||[]|osm_poi:node/431341287
Медыцынскі ўніверсітэт|остановка транспорта|||53.699337|23.8172257|||[]||||[]|osm_poi:node/431346173
Туалет|туалет|||53.8022988|24.1832949|||[]||||[]|osm_poi:node/437334009
Старый Лямус|ресторан||Гродна|53.6863537|23.8358256|||[]|Mo-Su 12:00-02:00|||[]|osm_poi:node/442980793
Пасінічы|остановка транспорта|||53.0102943|25.1275242|||[]||||[]|osm_poi:node/443968164
Пасінічы|остановка транспорта|||53.0097567|25.1256598|||[]||||[]|osm_poi:node/443968167
мікрараён Усходні|остановка транспорта|||54.47605|26.4260327|||[]||||[]|osm_poi:node/444506088
Туалет|туалет|||54.4715351|26.4051147|||[]||no||[]|osm_poi:node/444718242
вуліца Маладзёжная|остановка транспорта|||53.6781149|23.8363237|||[]||||[]|osm_poi:node/445394314
Дом сувязі|остановка транспорта|||53.6769241|23.8379979|||[]||||[]|osm_poi:node/445394323
парк Жылібера|остановка транспорта|||53.6875824|23.8350452|||[]||||[]|osm_poi:node/445397980
Офицерская столовая|кафе|||53.6802567|23.8417329|||[]|Mo-Fr 12:00-15:00|||[]|osm_poi:node/449710605
Du-du lounge|кафе|||54.4817194|26.4002748|||[]|Mo-Th 11:30-01:00; Fr-Su 11:30-04:00|||[]|osm_poi:node/451770805
Упраўленне статыстыкі|остановка транспорта|||53.6987316|23.8088557|||[]||||[]|osm_poi:node/456382905
вуліца Вясенняя|остановка транспорта|||53.6838764|23.8056255|||[]||||[]|osm_poi:node/457640339
Каледж эканомікі і кіравання|остановка транспорта|||53.6742918|23.8045118|||[]||||[]|osm_poi:node/457699017
вучылішча Алімпійскага Рэзерву|остановка транспорта|||53.6736605|23.803845|||[]||||[]|osm_poi:node/457709643
Завулак Паповіча|остановка транспорта|||53.675931|23.8015029|||[]||||[]|osm_poi:node/457714319
Завулак Паповіча|остановка транспорта|||53.6754512|23.8029384|||[]||||[]|osm_poi:node/457714320
Бальніца хуткай медыцынскай дапамогі|остановка транспорта|||53.6741758|23.795551|||[]||||[]|osm_poi:node/457714321
вуліца Дамброўскага|остановка транспорта|||53.706691|23.7956807|||[]||||[]|osm_poi:node/462597932
вуліца Томіна|остановка транспорта|||53.6517374|23.83218|||[]||||[]|osm_poi:node/467926933
магазін «Квасоўскі»|остановка транспорта|||53.6479887|23.8374874|||[]||||[]|osm_poi:node/468000466
магазін «Квасоўскі»|остановка транспорта|||53.648641|23.8395033|||[]||||[]|osm_poi:node/468000488
Царква усіх Беларускіх святых|остановка транспорта|||53.6532169|23.8558982|||[]||||[]|osm_poi:node/471704412
Гродзенская абласная клінічная бальніца|остановка транспорта|||53.6505083|23.8597677|||[]||||[]|osm_poi:node/471704481
Гандлёва-забаўляльны комплекс «Трыніці»|остановка транспорта|||53.6517272|23.8549394|||[]||||[]|osm_poi:node/471704609
Бросты|остановка транспорта|||53.5887137|23.8170195|||[]||||[]|osm_poi:node/474829244
кінатэатр «Усход»|остановка транспорта|||53.675557|23.8509825|||[]||||[]|osm_poi:node/483668126
гандлёвы цэнтр «На Пушкіна»|остановка транспорта|||53.6947181|23.8351212|||[]||||[]|osm_poi:node/483668152
вуліца Пушкіна|остановка транспорта|||53.6971223|23.8317992|||[]||||[]|osm_poi:node/483668159
бульвар Ленінскага Камсамола|остановка транспорта|||53.6980942|23.8077979|||[]||||[]|osm_poi:node/483675942
вуліца Дубко|остановка транспорта|||53.6995581|23.8219578|||[]||||[]|osm_poi:node/483740204
Свяцк|остановка транспорта|||53.795287|23.6535077|||[]||||[]|osm_poi:node/487131538
Сярэдняя школа №13|остановка транспорта|||53.6804979|23.8550355|||[]||||[]|osm_poi:node/492603180
вуліца Пралетарская|остановка транспорта|||53.6876755|23.8532089|||[]||||[]|osm_poi:node/492603221
Гроднагаз|остановка транспорта|||53.6903079|23.8768731|||[]||||[]|osm_poi:node/506553532
вуліца Куйбышава|остановка транспорта|||53.6885294|23.8783017|||[]||||[]|osm_poi:node/506553533
вуліца Куйбышава|остановка транспорта|||53.6879691|23.8782161|||[]||||[]|osm_poi:node/506553534
Механічны завод|остановка транспорта|||53.6782243|23.887833|||[]||||[]|osm_poi:node/506553579
Гродна Азот|остановка транспорта|||53.6725076|23.8904877|||[]||||[]|osm_poi:node/506553713
Азот|остановка транспорта|||53.6691273|23.8915464|||[]||||[]|osm_poi:node/506553732
вуліца Друцк|остановка транспорта|||53.6704789|23.8620997|||[]||||[]|osm_poi:node/507052813
вуліца Панямуньская|остановка транспорта|||53.6641255|23.8702271|||[]||||[]|osm_poi:node/507053096
вуліца Панямуньская|остановка транспорта|||53.6668205|23.8688395|||[]||||[]|osm_poi:node/507053247
Тралейбуснае упраўленне|остановка транспорта|||53.6737676|23.8640219|||[]||||[]|osm_poi:node/517455834
Дзяржаўтаінспекцыя|остановка транспорта|||53.6700041|23.8605638|||[]||||[]|osm_poi:node/517535527
Дзяржаўтаінспекцыя|остановка транспорта|||53.6711054|23.8600723|||[]||||[]|osm_poi:node/517535531
праспект Кляцкова|остановка транспорта|||53.6492548|23.8459297|||[]||||[]|osm_poi:node/522814962
вуліца Фамічова|остановка транспорта|||53.6571341|23.8413553|||[]||||[]|osm_poi:node/522934844
праспект Янкі Купалы|остановка транспорта|||53.6529324|23.8527638|||[]||||[]|osm_poi:node/522934860
вуліца Фамічова|остановка транспорта|||53.657615|23.8408998|||[]||||[]|osm_poi:node/522934882
Сярэдняя школа №3|остановка транспорта|||53.6613069|23.8472583|||[]||||[]|osm_poi:node/522934900
вуліца Парыжскай Камуны|остановка транспорта|||53.6752473|23.8312292|||[]||||[]|osm_poi:node/523866088
кінатэатр «Усход»|остановка транспорта|||53.6752018|23.8517113|||[]||||[]|osm_poi:node/524212287
цэнтр мэблі «Пінскдрэў»|остановка транспорта|||53.692679|23.823432|||[]||||[]|osm_poi:node/527169340
вуліца Болдзіна|остановка транспорта|||53.6956399|23.8007138|||[]||||[]|osm_poi:node/540085270
Сартавальны ўчастак|остановка транспорта|||53.7409778|23.8224204|||[]||||[]|osm_poi:node/540450798
Сартавальны ўчастак|остановка транспорта|||53.7395939|23.8215182|||[]||||[]|osm_poi:node/540450799
Грандзічы|остановка транспорта|||53.7296194|23.8174151|||[]||||[]|osm_poi:node/540450800
Грандзічы|остановка транспорта|||53.72934|23.8169673|||[]||||[]|osm_poi:node/540450801
Магазін|остановка транспорта|||53.7231085|23.8145683|||[]||||[]|osm_poi:node/540450802
Магазін|остановка транспорта|||53.7224492|23.8139446|||[]||||[]|osm_poi:node/540450803
Мірная вуліца|остановка транспорта|||53.7430259|23.8266453|||[]||||[]|osm_poi:node/540450810
Мірная вуліца|остановка транспорта|||53.7430098|23.8253393|||[]||||[]|osm_poi:node/540450812
Гранітэкс|остановка транспорта|||53.7076157|23.8162003|||[]||||[]|osm_poi:node/540468193
Гранітэкс|остановка транспорта|||53.7066361|23.8158803|||[]||||[]|osm_poi:node/540468194
сквер памяці воінаў Аўганцаў|остановка транспорта|||53.7048157|23.8157375|||[]||||[]|osm_poi:node/540468199
вуліца Багуцкага|остановка транспорта|||53.7104013|23.8143716|||[]||||[]|osm_poi:node/540468228
вуліца Багуцкага|остановка транспорта|||53.7127743|23.8141291|||[]||||[]|osm_poi:node/540468240
вуліца Багатая|остановка транспорта|||53.7483141|23.8237807|||[]||||[]|osm_poi:node/541216748
вуліца Багатая|остановка транспорта|||53.7473767|23.8232818|||[]||||[]|osm_poi:node/541217396
вуліца Крынічная|остановка транспорта|||53.7521981|23.8392305|||[]||||[]|osm_poi:node/541317153
вуліца Крынічная|остановка транспорта|||53.7524049|23.8384088|||[]||||[]|osm_poi:node/541317339
Гожа|остановка транспорта|||53.812208|23.8618523|||[]||||[]|osm_poi:node/541342417
Пошта|остановка транспорта|||53.640367|23.8440639|||[]||||[]|osm_poi:node/550172056
ЖЭС №20|остановка транспорта|||53.6412277|23.8448097|||[]||||[]|osm_poi:node/550195828
вуліца Кабяка|остановка транспорта|||53.6436593|23.850626|||[]||||[]|osm_poi:node/550400917
Остановка|остановка транспорта|||53.6942458|23.7535593|||[]||||[]|osm_poi:node/553542262
Остановка|остановка транспорта|||53.6926938|23.7543415|||[]||||[]|osm_poi:node/553542490
Гарадскі цэнтр культуры|остановка транспорта|||53.7040792|23.8065827|||[]||||[]|osm_poi:node/558675966
4-я паліклініка|остановка транспорта|||53.7025897|23.8067841|||[]||||[]|osm_poi:node/558676018
Каледж тэхнікі, тэхналогій і дызайну|остановка транспорта|||53.7034641|23.8080639|||[]||||[]|osm_poi:node/558676030
Туалет|туалет|||53.6964682|23.8052768|||[]||yes||[]|osm_poi:node/558678397
Школа|остановка транспорта|||53.6718505|23.7673669|||[]||||[]|osm_poi:node/559449960
Школа|остановка транспорта|||53.6720507|23.7664253|||[]||||[]|osm_poi:node/559449990
Ласосна|остановка транспорта|||53.6747765|23.7745424|||[]||||[]|osm_poi:node/559488479
вуліца Рэпіна|остановка транспорта|||53.6554305|23.7876032|||[]||||[]|osm_poi:node/559614286
Остановка|остановка транспорта|||53.6995851|23.9904381|||[]||||[]|osm_poi:node/560734507
Остановка|остановка транспорта|||53.7000621|23.9873823|||[]||||[]|osm_poi:node/560734532
Следчы камітэт|остановка транспорта|||53.7156855|23.8123651|||[]||||[]|osm_poi:node/566474014
Следчы камітэт|остановка транспорта|||53.7156606|23.8129338|||[]||||[]|osm_poi:node/566477282
Сярэдняя школа №28|остановка транспорта|||53.7011811|23.8489292|||[]||||[]|osm_poi:node/571696869
Сярэдняя школа №28|остановка транспорта|||53.7006139|23.8505033|||[]||||[]|osm_poi:node/571696879
Раённыя электрычныя сеткі|остановка транспорта|||53.6950673|23.8542744|||[]||||[]|osm_poi:node/571696980
ЖЭС №19|остановка транспорта|||53.6984087|23.8552198|||[]||||[]|osm_poi:node/571697053
ЖЭС №19|остановка транспорта|||53.6993434|23.8542449|||[]||||[]|osm_poi:node/571697067
Сярэдняя школа №28|остановка транспорта|||53.7012944|23.8497652|||[]||||[]|osm_poi:node/571697087
Сярэдняя школа №36|остановка транспорта|||53.7064028|23.8493072|||[]||||[]|osm_poi:node/571723336
Сярэдняя школа №36|остановка транспорта|||53.7076545|23.8498571|||[]||||[]|osm_poi:node/571723353
вуліца Ліможа|остановка транспорта|||53.7101872|23.8494018|||[]||||[]|osm_poi:node/571724656
вуліца Ліможа|остановка транспорта|||53.712084|23.8497376|||[]||||[]|osm_poi:node/571724659
Гроднааблнафтапрадукт|остановка транспорта|||53.7072087|23.8390848|||[]||||[]|osm_poi:node/571727605
Дзевятоўка|остановка транспорта|||53.7108177|23.8396221|||[]||||[]|osm_poi:node/571727611
вуліца Падрыжацкая|остановка транспорта|||53.6999372|23.8585044|||[]||||[]|osm_poi:node/572299808
вуліца Таўлая|остановка транспорта|||53.7042783|23.8586752|||[]||||[]|osm_poi:node/572300012
вуліца Дамброўскага|остановка транспорта|||53.7053702|23.7957977|||[]||||[]|osm_poi:node/574866391
вуліца Вясенняя|остановка транспорта|||53.6829136|23.806805|||[]||||[]|osm_poi:node/575962840
Інстытут біяхіміі|остановка транспорта|||53.6960956|23.7972793|||[]||||[]|osm_poi:node/577361981
Сухаўляны|остановка транспорта|||53.5617337|24.2837408|||[]||||[]|osm_poi:node/577950326
Сухаўляны|остановка транспорта|||53.5617648|24.2844801|||[]||||[]|osm_poi:node/577950327
Паліклініка № 7|остановка транспорта|||53.6431765|23.8599367|||[]||||[]|osm_poi:node/598298392
Паліклініка № 7|остановка транспорта|||53.6423625|23.8605443|||[]||||[]|osm_poi:node/598298393
Рацічы|остановка транспорта|||53.7632725|23.6612699|||[]||||[]|osm_poi:node/632718043
праспект Румлёўскі|остановка транспорта|||53.6649582|23.8610346|||[]||||[]|osm_poi:node/648549185
Гроднахлебпрам|остановка транспорта|||53.6923259|23.8348546|||[]||||[]|osm_poi:node/660628859
Гроднааблнафтапрадукт|остановка транспорта|||53.7077644|23.8401007|||[]||||[]|osm_poi:node/660629167
Радыёхваля|остановка транспорта|||53.7049814|23.8181557|||[]||||[]|osm_poi:node/661079466
Тэхналагічны каледж|остановка транспорта|||53.7041683|23.8168697|||[]||||[]|osm_poi:node/661087659
Столовая ГрГУ|кафе|||53.6854|23.84|||[]|Mo-Sa 09:00-13:00,13:30-18:00|||[]|osm_poi:node/663382305
Легенда|ресторан|||53.8728864|25.3178193|||[]|Th 19:00-24:00; Fr 19:00-02:00; Su 19:00-02:00; Sa 19:00-24:00|||[]|osm_poi:node/674043486
МНС|остановка транспорта|||53.7004433|23.8301178|||[]||||[]|osm_poi:node/674941480
Поразава|остановка транспорта|||52.9368486|24.3666191|||[]||||[]|osm_poi:node/695662467
Сакольнікі|остановка транспорта|||52.9593777|24.2489591|||[]||||[]|osm_poi:node/695795480
Сакольнікі|остановка транспорта|||52.959909|24.2484509|||[]||||[]|osm_poi:node/695795481
Кватары|остановка транспорта|||53.1268093|24.0719393|||[]||||[]|osm_poi:node/695826058
Баяры|остановка транспорта|||53.4773945|23.8842037|||[]||||[]|osm_poi:node/695828071
Турэц|остановка транспорта|||53.5217819|26.3094506|||[]||||[]|osm_poi:node/699133195
праспект Кляцкова|остановка транспорта|||53.6494098|23.8445314|||[]||||[]|osm_poi:node/700322741
Пагараны|остановка транспорта|||53.6323456|23.8911167|||[]||||[]|osm_poi:node/721265675
вуліца Урублеўскага|остановка транспорта|||53.7082236|23.8045148|||[]||||[]|osm_poi:node/721382302
праспект Янкі Купалы|остановка транспорта|||53.652783|23.8521592|||[]||||[]|osm_poi:node/724399827
Румлёва|остановка транспорта|||53.6564821|23.8574208|||[]||||[]|osm_poi:node/724447433
Grand Food|кафе|||53.6625094|23.8148409|||[]|Mo-Su 12:00-23:00|||[]|osm_poi:node/724481619
Остановка|остановка транспорта|||53.5684751|23.8142538|||[]||||[]|osm_poi:node/733184402
вуліца Рабінавая|остановка транспорта|||53.6702611|23.7486052|||[]||||[]|osm_poi:node/736634019
вуліца Дачная|остановка транспорта|||53.6734279|23.7480385|||[]||||[]|osm_poi:node/736634023
вуліца Дачная|остановка транспорта|||53.6723527|23.7477204|||[]||||[]|osm_poi:node/736634034
вуліца Васільковая|остановка транспорта|||53.6694056|23.7416619|||[]||||[]|osm_poi:node/736634047
вуліца Рабінавая|остановка транспорта|||53.6697802|23.7453971|||[]||||[]|osm_poi:node/736634066
Вуліца Паўднёвая|остановка транспорта|||53.6431046|23.8690711|||[]||||[]|osm_poi:node/752022868
вуліца Томіна|остановка транспорта|||53.6516187|23.832986|||[]||||[]|osm_poi:node/769817040
Румлёва|остановка транспорта|||53.6572242|23.8582971|||[]||||[]|osm_poi:node/769817041
гасцініца «Турыст»|остановка транспорта|||53.6540794|23.8489765|||[]||||[]|osm_poi:node/769817042
гасцініца «Турыст»|остановка транспорта|||53.6548939|23.8479285|||[]||||[]|osm_poi:node/769817043
Стаматалагічная паліклініка|остановка транспорта|||53.6612348|23.8150886|||[]||||[]|osm_poi:node/769847373
вуліца Перамоганосная|остановка транспорта|||53.6744497|23.8584567|||[]||||[]|osm_poi:node/769847374
Тытунёвая фабрыка|остановка транспорта|||53.6668998|23.8205726|||[]||||[]|osm_poi:node/769847375
Белкард|остановка транспорта|||53.6665851|23.8258636|||[]||||[]|osm_poi:node/769847376
Абласная філармонія|остановка транспорта|||53.6678104|23.8232635|||[]||||[]|osm_poi:node/769847377
Стаматалагічная паліклініка|остановка транспорта|||53.661811|23.8170321|||[]||||[]|osm_poi:node/769847378
вуліца Перамогі|остановка транспорта|||53.6620591|23.8310225|||[]||||[]|osm_poi:node/769847379
Аўтобусны парк горада Гродна|остановка транспорта|||53.6591345|23.836291|||[]||||[]|osm_poi:node/769847380
вуліца Цітова|остановка транспорта|||53.6699254|23.8173508|||[]||||[]|osm_poi:node/769847382
шаша Індурская|остановка транспорта|||53.6468224|23.836609|||[]||||[]|osm_poi:node/769847383
вуліца Кутузава|остановка транспорта|||53.6592607|23.8083655|||[]||||[]|osm_poi:node/769847384
вуліца Перамоганосная|остановка транспорта|||53.6748297|23.8570954|||[]||||[]|osm_poi:node/769847385
вуліца Гарнавых|остановка транспорта|||53.6694911|23.8233649|||[]||||[]|osm_poi:node/769847386
Аўтобусны парк горада Гродна|остановка транспорта|||53.6617488|23.8318717|||[]||||[]|osm_poi:node/769847387
гандлёвы цэнтр «Карона»|остановка транспорта|||53.6729343|23.8606311|||[]||||[]|osm_poi:node/769847388
вуліца Суворава|остановка транспорта|||53.6593566|23.8107672|||[]||||[]|osm_poi:node/769847389
Аўтанавучальны камбінат|остановка транспорта|||53.6545082|23.8307448|||[]||||[]|osm_poi:node/771956595
Аўтанавучальны камбінат|остановка транспорта|||53.6553408|23.8310971|||[]||||[]|osm_poi:node/771956997
РБУ–2|остановка транспорта|||53.6554627|23.8197773|||[]||||[]|osm_poi:node/772146718
Калбасіно|остановка транспорта|||53.6447483|23.774239|||[]||||[]|osm_poi:node/778512633
Фортуна|ресторан||Гродна|53.6559451|23.779544|||[]|Tu-We 12:00-18:00; Th-Su 12:00-02:00|||[]|osm_poi:node/810018751
Сярэдняя школа №37|остановка транспорта|||53.6567618|23.7800947|||[]||||[]|osm_poi:node/810018755
Еўраопт|остановка транспорта|||53.669159|23.7901073|||[]||||[]|osm_poi:node/810018765
магазін «1000 дробязей»|остановка транспорта|||53.6724547|23.7931838|||[]||||[]|osm_poi:node/810018790
Shaw-Books|кафе|||53.6560198|23.7795834|||[]|Mo-Su 11:00-23:00|||[]|osm_poi:node/810018797
вуліца Ксцінская|остановка транспорта|||53.6459028|23.7767137|||[]||||[]|osm_poi:node/810057025
вуліца Вольгі Саломавай|остановка транспорта|||53.6533908|23.7784701|||[]||||[]|osm_poi:node/810057067
Туалет|туалет|||53.6450982|23.7503703|||[]||no||[]|osm_poi:node/810124569
тав. Садаводаў ПТ|остановка транспорта|||53.6345169|23.7562894|||[]||||[]|osm_poi:node/810138510
возера Юбілейнае|остановка транспорта|||53.637664|23.7616114|||[]||||[]|osm_poi:node/810138537
пав. Вучэбны к-т ПТ|остановка транспорта|||53.6317251|23.748447|||[]||||[]|osm_poi:node/810160024
Тарусічы|остановка транспорта|||53.641189|23.7417665|||[]||||[]|osm_poi:node/810198164
Ласосна|остановка транспорта|||53.6750173|23.7743765|||[]||||[]|osm_poi:node/810327445
плошча Савецкая|остановка транспорта|||53.6777435|23.8300794|||[]||||[]|osm_poi:node/816814535
Абласное абʼяднанне прафсаюзаў|остановка транспорта|||53.6791687|23.8289737|||[]||||[]|osm_poi:node/816859292
Сярэдняя школа №35|остановка транспорта|||53.6288318|23.8539712|||[]||||[]|osm_poi:node/824217329
вуліца Рагачэўскага|остановка транспорта|||53.6303857|23.8562119|||[]||||[]|osm_poi:node/824217336
Вуліца Садакова|остановка транспорта|||53.6274816|23.8506997|||[]||||[]|osm_poi:node/824217353
Паўднёвы|остановка транспорта|||53.6212215|23.8411415|||[]||||[]|osm_poi:node/824217358
Вуліца Зорная|остановка транспорта|||53.6230996|23.8413588|||[]||||[]|osm_poi:node/824217361
Вуліца Садакова|остановка транспорта|||53.6279842|23.8523772|||[]||||[]|osm_poi:node/824462246
Паварот на Фабрычны|остановка транспорта|||53.6299872|23.8235424|||[]||||[]|osm_poi:node/828093362
Космос|ресторан|||53.2839431|24.4087448|||[]||||[]|osm_poi:node/829315070
Росинка|ресторан|||53.292469|24.40443|||[]||||[]|osm_poi:node/829320165
Рось|остановка транспорта|||53.2934759|24.4234106|||[]||||[]|osm_poi:node/829324114
Дом|ресторан||Гродна|53.6561414|23.8022248|||[]|Fr-Su 12:00-01:00|||[]|osm_poi:node/835374078
вуліца Карскага|остановка транспорта|||53.6851376|23.8805223|||[]||||[]|osm_poi:node/836147035
вуліца Карскага|остановка транспорта|||53.6845325|23.8802135|||[]||||[]|osm_poi:node/836148496
Астравок-1|остановка транспорта|||53.7748932|23.8437879|||[]||||[]|osm_poi:node/847177126
Остановка|остановка транспорта|||53.7971098|23.8568433|||[]||||[]|osm_poi:node/847177151
Новая Гожа|остановка транспорта|||53.8066927|23.861312|||[]||||[]|osm_poi:node/847177156
Остановка|остановка транспорта|||53.7665295|23.8356151|||[]||||[]|osm_poi:node/847177165
Астравок-1|остановка транспорта|||53.7754222|23.844469|||[]||||[]|osm_poi:node/847177168
вуліца Грандзіцкая|остановка транспорта|||53.7212639|23.813468|||[]||||[]|osm_poi:node/847177176
вуліца Гожская|остановка транспорта|||53.7539455|23.8240639|||[]||||[]|osm_poi:node/847177180
Вуліца Багуцкага|остановка транспорта|||53.7119922|23.813781|||[]||||[]|osm_poi:node/847177186
Остановка|остановка транспорта|||53.7961755|23.856122|||[]||||[]|osm_poi:node/847177199
Новая Гожа|остановка транспорта|||53.805509|23.8603713|||[]||||[]|osm_poi:node/847177201
Слоним|ресторан|||53.083379|25.2998513|||[]||||[]|osm_poi:node/857373678
Полонез|ресторан|||53.0815685|25.3247351|||[]|We-Su 12:00-16:00,17:00-23:00; Mo,Tu off|||[]|osm_poi:node/857375644
Щара|кафе|||53.0957787|25.3178536|||[]||||[]|osm_poi:node/857405549
Электратэхнічны каледж|остановка транспорта|||53.6981876|23.8396241|||[]||||[]|osm_poi:node/890949599
вуліца Церашковай|остановка транспорта|||53.6933979|23.8384153|||[]||||[]|osm_poi:node/890949668
вуліца Брыкеля|остановка транспорта|||53.7002615|23.8397069|||[]||||[]|osm_poi:node/890949690
Старая мельница|кафе|||54.4237708|25.940722|||[]||||[]|osm_poi:node/899605527
Карчма|кафе|||54.4364183|25.9727379|||[]||||[]|osm_poi:node/904484822
Уют|кафе|||53.2600206|24.4169898|||[]||||[]|osm_poi:node/914427559
Дарожна-будаўнічы трэст №6|остановка транспорта|||53.6609902|23.830408|||[]||||[]|osm_poi:node/917139972
Свитязь|ресторан||Навагрудак|53.5971665|25.8251892|||[]|Mo-Tu 13:00-24:00; Fr-Sa 13:00-01:00; Su 13:00-24:00|||[]|osm_poi:node/940858947
Туалет|туалет|||53.5535519|23.8719935|||[]|Mo-Su 00:10-23:40|||[]|osm_poi:node/955703944
плошча Савецкая|остановка транспорта|||53.6772992|23.8303693|||[]||||[]|osm_poi:node/969186894
Вішнявец-1|остановка транспорта|||53.643687|23.8402999|||[]||||[]|osm_poi:node/969186897
вуліца Заслонава|остановка транспорта|||53.690282|23.8658789|||[]||||[]|osm_poi:node/969186900
вуліца Заслонава|остановка транспорта|||53.6904164|23.8641057|||[]||||[]|osm_poi:node/969186903
Сярэдняя школа №13|остановка транспорта|||53.6796215|23.8544678|||[]||||[]|osm_poi:node/969186904
Лакаматыўнае дэпо|остановка транспорта|||53.6895808|23.8572233|||[]||||[]|osm_poi:node/969186910
Вішнявец-1|остановка транспорта|||53.6449779|23.8392903|||[]||||[]|osm_poi:node/969186914
Сярэдняя школа №5|остановка транспорта|||53.6834778|23.8546632|||[]||||[]|osm_poi:node/969186915
Аўтавакзал|остановка транспорта|||53.6763488|23.8432417|||[]||||[]|osm_poi:node/969186916
Сярэдняя школа №5|остановка транспорта|||53.6853376|23.8543902|||[]||||[]|osm_poi:node/969186924
вуліца Кабяка|остановка транспорта|||53.6431905|23.8489121|||[]||||[]|osm_poi:node/969186925
вуліца Каханоўскага|остановка транспорта|||53.6899993|23.8468245|||[]||||[]|osm_poi:node/969358804
Сярэдняя школа №27|остановка транспорта|||53.7153329|23.8494408|||[]||||[]|osm_poi:node/969358821
вуліца Ціміразева|остановка транспорта|||53.6889968|23.8464087|||[]||||[]|osm_poi:node/969358826
Дзевятоўка–5|остановка транспорта|||53.7113414|23.8594652|||[]||||[]|osm_poi:node/969358849
Раённыя электрычныя сеткі|остановка транспорта|||53.6954318|23.8554112|||[]||||[]|osm_poi:node/969358852
Дзевятоўка–4|остановка транспорта|||53.714422|23.8584413|||[]||||[]|osm_poi:node/969358856
вуліца Лідская|остановка транспорта|||53.6714712|23.8545589|||[]||||[]|osm_poi:node/969358860
парк Раённая|остановка транспорта|||53.7161142|23.84862|||[]||||[]|osm_poi:node/969358868
вуліца Лідская|остановка транспорта|||53.6721368|23.853911|||[]||||[]|osm_poi:node/969358884
Дарожна-будаўнічы трэст №6|остановка транспорта|||53.6602473|23.8300394|||[]||||[]|osm_poi:node/969358888
Сярэдняя школа №27|остановка транспорта|||53.715868|23.8506385|||[]||||[]|osm_poi:node/969358897
Царква Святога Георгія|остановка транспорта|||53.2619369|24.4204965|||[]||||[]|osm_poi:node/982364137
ЖЭС|остановка транспорта|||53.2650301|24.4190052|||[]||||[]|osm_poi:node/982364808
Дом гандлю|остановка транспорта|||53.2605403|24.4291185|||[]||||[]|osm_poi:node/982378220
Вуліца Будаўнікоў|остановка транспорта|||53.2695398|24.416838|||[]||||[]|osm_poi:node/982466767
Остановка|остановка транспорта|||53.2709192|24.4204724|||[]||||[]|osm_poi:node/982467979
рынак Паўднёвы|остановка транспорта|||53.6221497|23.865948|||[]||||[]|osm_poi:node/993522297
Остановка|остановка транспорта|||53.2608597|24.4314001|||[]||||[]|osm_poi:node/999072446
Вуліца Шарыпава|остановка транспорта|||53.6258405|23.8467081|||[]||||[]|osm_poi:node/999272156
Вуліца Шарыпава|остановка транспорта|||53.6259635|23.8474319|||[]||||[]|osm_poi:node/999407759
Універсітэт|остановка транспорта|||53.6842957|23.8403849|||[]||||[]|osm_poi:node/1015286529
кінатэатр «Кастрычнік»|остановка транспорта|||53.6707675|23.8025831|||[]||||[]|osm_poi:node/1015286531
Універсітэт|остановка транспорта|||53.684294|23.8387099|||[]||||[]|osm_poi:node/1015286532
Абутковая фабрыка «Нёман»|остановка транспорта|||53.6715705|23.8040908|||[]||||[]|osm_poi:node/1015286533
вуліца Леніна|остановка транспорта|||53.6807991|23.840795|||[]||||[]|osm_poi:node/1015286535
Радзільны дом|остановка транспорта|||53.7005838|23.8191926|||[]||||[]|osm_poi:node/1017096351
Остановка|остановка транспорта|||53.9079783|23.7514669|||[]||||[]|osm_poi:node/1029506236
вуліца Вішнявецкая|остановка транспорта|||53.6377427|23.8471441|||[]||||[]|osm_poi:node/1030655684
Малахавічы|остановка транспорта|||53.635148|23.8507282|||[]||||[]|osm_poi:node/1030655685
Остановка|остановка транспорта|||53.4101129|23.7635383|||[]||||[]|osm_poi:node/1031631316
Остановка|остановка транспорта|||53.5231457|23.7854945|||[]||||[]|osm_poi:node/1031879913
Дубаўка|остановка транспорта|||53.4650242|23.8364871|||[]||||[]|osm_poi:node/1032009899
Остановка|остановка транспорта|||53.5419371|23.8937756|||[]||||[]|osm_poi:node/1032786700
Палуба|кафе||Гродна|53.6928777|23.8284549|||[]|Mo 12:00-21:00; Tu-Su 12:00-2:00|||[]|osm_poi:node/1089317945
Мока|кафе|||53.6933682|23.8237162|||[]|12:00-15:00, 16:00-00:00|||[]|osm_poi:node/1089317951
Березка|ресторан|||53.1619161|24.4673746|||[]||||[]|osm_poi:node/1109414624
Туалет|туалет|||53.1644229|24.46111|||[]||||[]|osm_poi:node/1124606717
Слонімская вуліца-1|остановка транспорта|||53.1366636|24.4546361|||[]||||[]|osm_poi:node/1125000407
Любовь Тортова|кафе|||53.6845544|23.8431991|||[]|Mo-Su 10:00-21:00|||[]|osm_poi:node/1157378592
Ачысныя збудаванні|остановка транспорта|||53.7399178|23.8116672|||[]||||[]|osm_poi:node/1176774196
КБМ|остановка транспорта|||53.7185067|23.8078134|||[]||||[]|osm_poi:node/1176774207
Аўтастанцыя|остановка транспорта|||53.4074982|24.5358483|||[]||||[]|osm_poi:node/1176924618
Столовая №1|кафе|||53.0935978|25.3194426|||[]||||[]|osm_poi:node/1182909837
Аўтастанцыя|остановка транспорта|||53.4078923|24.5349111|||[]||||[]|osm_poi:node/1189325656
Гімназія №1|остановка транспорта|||53.4110191|24.5337086|||[]||||[]|osm_poi:node/1189325658
Гімназія №1|остановка транспорта|||53.4107994|24.5335302|||[]||||[]|osm_poi:node/1189325661
вуліца Астроўскага|остановка транспорта|||53.69018|23.8267966|||[]||||[]|osm_poi:node/1194420972
Верас|ресторан|||53.0704616|25.3111367|||[]||||[]|osm_poi:node/1195318498
Shaw-Books|кафе|||53.6786896|23.8352831|||[]|Mo-Su 11:00-23:00|||[]|osm_poi:node/1204096636
Остановка|остановка транспорта|||54.4894251|26.4229302|||[]||||[]|osm_poi:node/1248119951
Плошча|остановка транспорта|||54.4813323|26.400625|||[]||||[]|osm_poi:node/1248119952
Остановка|остановка транспорта|||54.4932116|26.4301461|||[]||||[]|osm_poi:node/1248119983
1-я школа|остановка транспорта|||54.4821334|26.3916105|||[]||||[]|osm_poi:node/1248129037
Палітэхнічны каледж|остановка транспорта|||53.6537641|23.7942304|||[]||||[]|osm_poi:node/1248149821
Палітэхнічны каледж|остановка транспорта|||53.6536873|23.7950624|||[]||||[]|osm_poi:node/1248150148
Остановка|остановка транспорта|||54.5076077|26.3722059|||[]||||[]|osm_poi:node/1252314249
Остановка|остановка транспорта|||54.5085047|26.3711008|||[]||||[]|osm_poi:node/1252314251
Остановка|остановка транспорта|||54.5051241|26.3744372|||[]||||[]|osm_poi:node/1252314252
Остановка|остановка транспорта|||54.5077024|26.3685001|||[]||||[]|osm_poi:node/1252315023
Белые Розы|ресторан||Гродна|53.7116167|23.8394951|||[]|Tu-Su 12:00-2:00|||[]|osm_poi:node/1255373973
вуліца Савецкіх Пагранічнікаў|остановка транспорта|||53.6705939|23.8113306|||[]||||[]|osm_poi:node/1256409910
вуліца Савецкіх Пагранічнікаў|остановка транспорта|||53.6710064|23.8099326|||[]||||[]|osm_poi:node/1256410412
Цэнтральная паліклініка|остановка транспорта|||53.6712078|23.8212776|||[]||||[]|osm_poi:node/1256772885
вуліца Свярдлова|остановка транспорта|||53.6757847|23.8328959|||[]||||[]|osm_poi:node/1256779549
Сярэдняя школа №2|остановка транспорта|||53.6895994|23.8458191|||[]||||[]|osm_poi:node/1256784537
Электратэхнічны каледж|остановка транспорта|||53.6991603|23.8400373|||[]||||[]|osm_poi:node/1256845828
Туалет|туалет|||54.4787741|26.406536|||[]||||[]|osm_poi:node/1266033803
вуліца Дзяржынскага|остановка транспорта|||53.7019768|23.8400875|||[]||||[]|osm_poi:node/1271367429
Замок Зеваны|ресторан||Каробчыцы|53.5987467|23.7389047|||[]|We-Su 12:00-00:00|||[]|osm_poi:node/1274265353
Гарадзенскі Маёнтак «Каробчыцы»|остановка транспорта|||53.5994835|23.740712|||[]||||[]|osm_poi:node/1274268667
Столовая|кафе|||53.9323065|25.7691739|||[]||||[]|osm_poi:node/1280344866
Традиция|кафе|||53.8941636|25.3042121|||[]|Mo-Fr 12:00-23:00; Sa-Su 11:00-01:00|||[]|osm_poi:node/1280418968
"Сталовая ""3оў - Смак"""|кафе||Гродна|53.6764387|23.8112105|||[]|Mo-Fr 11:00-15:00|||[]|osm_poi:node/1281735877
Дзевятоўка|остановка транспорта|||53.7116511|23.8401156|||[]||||[]|osm_poi:node/1290401320
вуліца Белыя Росы|остановка транспорта|||53.7154654|23.8396828|||[]||||[]|osm_poi:node/1290405083
вуліца Белыя Росы|остановка транспорта|||53.7167408|23.8401163|||[]||||[]|osm_poi:node/1290407694
вуліца Белыя Росы|остановка транспорта|||53.7160317|23.8408115|||[]||||[]|osm_poi:node/1290407696
Путрышкі|остановка транспорта|||53.6972051|23.9418122|||[]||||[]|osm_poi:node/1298310024
Купалинка|ресторан|||53.7333712|23.7879064|||[]||||[]|osm_poi:node/1306215215
Туалет|туалет|||53.3956131|24.5341445|||[]||||[]|osm_poi:node/1309422058
Баранавічы|остановка транспорта|||53.6721248|23.7393211|||[]||||[]|osm_poi:node/1326288764
Баранавічы-5|остановка транспорта|||53.6602941|23.7345024|||[]||||[]|osm_poi:node/1326302611
Остановка|остановка транспорта|||53.6512198|23.7200188|||[]||||[]|osm_poi:node/1326302612
Остановка|остановка транспорта|||53.6494379|23.7034278|||[]||||[]|osm_poi:node/1326302613
с/т Доблесць|остановка транспорта|||53.6525099|23.7347239|||[]||||[]|osm_poi:node/1326302637
Остановка|остановка транспорта|||53.651193|23.7141942|||[]||||[]|osm_poi:node/1326302641
с/т Доблесць|остановка транспорта|||53.6521381|23.7344086|||[]||||[]|osm_poi:node/1326432634
Остановка|остановка транспорта|||53.6513337|23.7206543|||[]||||[]|osm_poi:node/1326432640
Музычны каледж|остановка транспорта|||53.6581344|23.8439998|||[]||||[]|osm_poi:node/1326828671
Остановка|остановка транспорта|||53.6513729|23.7248895|||[]||||[]|osm_poi:node/1327127357
Остановка|остановка транспорта|||53.6512425|23.7241921|||[]||||[]|osm_poi:node/1327127515
Рандеву|кафе||Гродна|53.6726751|23.8161505|||[]|Mo-Fr 12:00-23:00; Sa-Su 17:00-23:00|||[]|osm_poi:node/1328426878
вуліца Гагарына|остановка транспорта|||53.6725347|23.8157798|||[]||||[]|osm_poi:node/1328437289
вуліца Гагарына|остановка транспорта|||53.6731748|23.8122519|||[]||||[]|osm_poi:node/1328437318
Туалет|туалет|||53.428398|25.9068406|||[]||||[]|osm_poi:node/1357418018
Витрувий|кафе||Гродна|53.6745615|23.8634339|||[]|Mo-Th 11:30-17:30; Fr 11:30-1:00; Sa 17:00-1:00|||[]|osm_poi:node/1362587729
Збляны-2|остановка транспорта|||53.6130255|25.2571229|||[]||||[]|osm_poi:node/1363473681
Жемчужина|кафе|||53.4643956|25.406908|||[]|Mo-Sa 09:00-16:00|||[]|osm_poi:node/1376000930
Булочная|кафе||Гродна|53.6757069|23.8507991|||[]|Mo-Su 10:00-22:00|||[]|osm_poi:node/1380182221
Анненский падворак|кафе|||53.1493526|24.8156972|||[]|We,Th,Su 12:00-15:00,17:00-24:00; Fr,Sa 12:00-15:00,17:00-02:00; Mo,Tu off|||[]|osm_poi:node/1380740193
Зельвянка|ресторан|||53.1495731|24.8179572|||[]|12:00-24:00|||[]|osm_poi:node/1380748324
вуліца Калініна|остановка транспорта|||53.8893286|25.3157952|||[]||||[]|osm_poi:node/1425114588
вуліца Калініна|остановка транспорта|||53.8886774|25.3140839|||[]||||[]|osm_poi:node/1425114589
вуліца Баўмана|остановка транспорта|||53.8870367|25.3087876|||[]||||[]|osm_poi:node/1425114590
вуліца Баўмана|остановка транспорта|||53.8872253|25.309204|||[]||||[]|osm_poi:node/1425114591
Дзіцячая паліклініка|остановка транспорта|||53.897448|25.2868858|||[]||||[]|osm_poi:node/1425114592
Лядовы Палац|остановка транспорта|||53.8952635|25.3221565|||[]||||[]|osm_poi:node/1425114594
ганлёва-забаўляльны цэнтр ЛідаПарк|остановка транспорта|||53.8964351|25.3217314|||[]||||[]|osm_poi:node/1425114595
вуліца Крупскай|остановка транспорта|||53.893873|25.2725113|||[]||||[]|osm_poi:node/1425114596
Лакафарба|остановка транспорта|||53.9066704|25.3148947|||[]||||[]|osm_poi:node/1425114597
Лядовы Палац|остановка транспорта|||53.8935365|25.3237562|||[]||||[]|osm_poi:node/1425114598
Белінвестбанк|остановка транспорта|||53.9010655|25.3179244|||[]||||[]|osm_poi:node/1425114599
Школа №8|остановка транспорта|||53.9015525|25.3167301|||[]||||[]|osm_poi:node/1425114600
Белінвестбанк|остановка транспорта|||53.9023207|25.3175459|||[]||||[]|osm_poi:node/1425114601
Лідскі замак|остановка транспорта|||53.8872178|25.3047386|||[]||||[]|osm_poi:node/1425114602
Дзяржаўтаінспекцыя|остановка транспорта|||53.8978924|25.2823725|||[]||||[]|osm_poi:node/1425114604
Музычная школа|остановка транспорта|||53.8909647|25.3027|||[]||||[]|osm_poi:node/1425114605
Музычная школа|остановка транспорта|||53.8915445|25.3030664|||[]||||[]|osm_poi:node/1425114606
вуліца Навасельская|остановка транспорта|||53.8912816|25.3211998|||[]||||[]|osm_poi:node/1425114607
вуліца Навасельская|остановка транспорта|||53.8910915|25.3200942|||[]||||[]|osm_poi:node/1425114608
Абутковая фабрыка|остановка транспорта|||53.8975996|25.2926374|||[]||||[]|osm_poi:node/1425114609
Абутковая фабрыка|остановка транспорта|||53.8977692|25.291429|||[]||||[]|osm_poi:node/1425114610
вуліца Савецкая|остановка транспорта|||53.8953662|25.3016499|||[]||||[]|osm_poi:node/1425114611
вуліца Савецкая|остановка транспорта|||53.8959669|25.3014805|||[]||||[]|osm_poi:node/1425114613
Школа №6|остановка транспорта|||53.8943957|25.2784348|||[]||||[]|osm_poi:node/1425114617
Школа №6|остановка транспорта|||53.8951267|25.2779473|||[]||||[]|osm_poi:node/1425114620
вуліца 8 Сакавіка|остановка транспорта|||53.8983303|25.2977265|||[]||||[]|osm_poi:node/1425114623
вуліца 8 Сакавіка|остановка транспорта|||53.8987014|25.2965116|||[]||||[]|osm_poi:node/1425114627
Аўтобусны парк №2|остановка транспорта|||53.872799|25.3169019|||[]||||[]|osm_poi:node/1427783873
Аўтобусны парк №2|остановка транспорта|||53.8726054|25.3174949|||[]||||[]|osm_poi:node/1427783876
крама Кніжны свет|остановка транспорта|||53.8915267|25.2976688|||[]||||[]|osm_poi:node/1427783891
мікрараён Чырвонаармейскі|остановка транспорта|||53.894609|25.2620922|||[]||||[]|osm_poi:node/1427783899
вуліца Наскова|остановка транспорта|||53.8659518|25.3241511|||[]||||[]|osm_poi:node/1427783903
вуліца Наскова|остановка транспорта|||53.8668871|25.3236305|||[]||||[]|osm_poi:node/1427783906
вуліца Рыбіноўскага|остановка транспорта|||53.8958499|25.2686591|||[]||||[]|osm_poi:node/1427783909
вуліца Рыбіноўскага|остановка транспорта|||53.8960088|25.2710414|||[]||||[]|osm_poi:node/1427783915
Раённая паліклініка|остановка транспорта|||53.8924334|25.2967757|||[]||||[]|osm_poi:node/1427783917
Шайбакі|остановка транспорта|||53.8625609|25.3284292|||[]||||[]|osm_poi:node/1427783919
праспект Перамогі|остановка транспорта|||53.8815321|25.3075807|||[]||||[]|osm_poi:node/1427783921
Ваенкамат|остановка транспорта|||53.8961063|25.2958024|||[]||||[]|osm_poi:node/1427783944
Аўтавакзал|остановка транспорта|||53.8847188|25.293598|||[]||||[]|osm_poi:node/1427831915
мікрараён Індустрыяльны|остановка транспорта|||53.9362336|25.2768321|||[]||||[]|osm_poi:node/1427831916
кінатэатр Юбілейны|остановка транспорта|||53.8899724|25.2993531|||[]||||[]|osm_poi:node/1427831917
завод Лідсельмаш|остановка транспорта|||53.9016716|25.2941874|||[]||||[]|osm_poi:node/1427831921
завод Лідсельмаш|остановка транспорта|||53.9023365|25.2939412|||[]||||[]|osm_poi:node/1427831923
вуліца Астроўскага|остановка транспорта|||53.8835413|25.2983497|||[]||||[]|osm_poi:node/1427831925
вуліца Прытыцкага|остановка транспорта|||53.9335083|25.263292|||[]||||[]|osm_poi:node/1427831927
вуліца Прытыцкага|остановка транспорта|||53.9331211|25.2639355|||[]||||[]|osm_poi:node/1427831933
Рынак Лідскага райспажыутаварыства|остановка транспорта|||53.8841236|25.3016105|||[]||||[]|osm_poi:node/1427831936
Школа №5|остановка транспорта|||53.9145053|25.2807342|||[]||||[]|osm_poi:node/1427831937
Школа №5|остановка транспорта|||53.9152451|25.2803818|||[]||||[]|osm_poi:node/1427831940
вуліца Паўночная|остановка транспорта|||53.9197043|25.2752806|||[]||||[]|osm_poi:node/1427831950
вуліца Паўночная|остановка транспорта|||53.9206046|25.2748409|||[]||||[]|osm_poi:node/1427831951
Туалет|туалет|||53.4801542|25.4145354|||[]||||[]|osm_poi:node/1428983472
Столовая ОАО Лакокраска|ресторан|||53.9069834|25.3216368|||[]||||[]|osm_poi:node/1457581529
Остановка|остановка транспорта|||53.6436629|24.7144206|||[]||||[]|osm_poi:node/1475176395
Тапілішкі-1|остановка транспорта|||53.632659|24.7175996|||[]||||[]|osm_poi:node/1475182727
Визави|кафе|||54.6143292|25.9559607|||[]|Mo-Th 11:00-23:00; Fr-Su 12:00-01:00|||[]|osm_poi:node/1488737645
Радуга|ресторан|||54.6149398|25.9557807|||[]||||[]|osm_poi:node/1488737648
Остановка|остановка транспорта|||53.1115558|25.3413371|||[]||||[]|osm_poi:node/1490384831
вуліца Якуба Коласа|остановка транспорта|||53.1121747|25.3418374|||[]||||[]|osm_poi:node/1490384835
Лясніцтва|остановка транспорта|||53.1157562|25.3456938|||[]||||[]|osm_poi:node/1490384838
плошча Сапегі|остановка транспорта|||53.097982|25.3312931|||[]||||[]|osm_poi:node/1490384840
Тэсктыльшчык|остановка транспорта|||53.100763|25.3330685|||[]||||[]|osm_poi:node/1490384845
плошча Сапегі|остановка транспорта|||53.0982537|25.3295663|||[]||||[]|osm_poi:node/1490384846
плошча Сапегі|остановка транспорта|||53.097748|25.3306148|||[]||||[]|osm_poi:node/1490384852
вуліца Янкі Купалы|остановка транспорта|||53.0970274|25.32029|||[]||||[]|osm_poi:node/1490384854
Лясніцтва|остановка транспорта|||53.1153162|25.3450733|||[]||||[]|osm_poi:node/1490384857
крама Пралеска|остановка транспорта|||53.1082869|25.3381114|||[]||||[]|osm_poi:node/1490384858
крама Спутнік|остановка транспорта|||53.097356|25.3198838|||[]||||[]|osm_poi:node/1490384869
Дом гандлю|остановка транспорта|||53.094443|25.3187589|||[]||||[]|osm_poi:node/1490384870
Туалет|туалет|||54.6119033|25.9478956|||[]||||[]|osm_poi:node/1494390931
Туалет|туалет|||54.6147387|25.959746|||[]||yes||[]|osm_poi:node/1494390932
BLACK BAR|кафе|||54.6127871|25.9481994|||[]|Tu-Th 18:00-02:00, Fr-Sa 18:00-05:00|||[]|osm_poi:node/1501585385
Гродна АТЭП|остановка транспорта|||53.6561152|23.8008236|||[]||||[]|osm_poi:node/1523242464
вуліца Суворава|остановка транспорта|||53.6585808|23.8076583|||[]||||[]|osm_poi:node/1523245557
Тытунёвая фабрыка|остановка транспорта|||53.6653847|23.8198628|||[]||||[]|osm_poi:node/1523246676
"магазін ""Фламінга"""|остановка транспорта|||53.6627238|23.7832044|||[]||||[]|osm_poi:node/1523250230
вуліца Вольгі Саломавай|остановка транспорта|||53.6542444|23.7792455|||[]||||[]|osm_poi:node/1523251173
Гроднажылбуд|остановка транспорта|||53.6494825|23.7833383|||[]||||[]|osm_poi:node/1523251556
Гроднажылбуд|остановка транспорта|||53.6513104|23.7874974|||[]||||[]|osm_poi:node/1523252489
вуліца Усава|остановка транспорта|||53.6569692|23.8120149|||[]||||[]|osm_poi:node/1523253307
вуліца Усава|остановка транспорта|||53.6581911|23.8142431|||[]||||[]|osm_poi:node/1523253312
вуліца Пучкова|остановка транспорта|||53.6524819|23.807523|||[]||||[]|osm_poi:node/1523253943
вуліца Пучкова|остановка транспорта|||53.6539121|23.8074414|||[]||||[]|osm_poi:node/1523254214
вуліца Калініна|остановка транспорта|||53.6512652|23.8106996|||[]||||[]|osm_poi:node/1523254494
вуліца Калініна|остановка транспорта|||53.6505333|23.8131234|||[]||||[]|osm_poi:node/1523254861
вуліца Чырвонасцяжная|остановка транспорта|||53.6504697|23.8150654|||[]||||[]|osm_poi:node/1523255096
завулак Перамогі|остановка транспорта|||53.6524711|23.8184103|||[]||||[]|osm_poi:node/1523255315
вуліца Чырвонасцяжная|остановка транспорта|||53.6520395|23.8159694|||[]||||[]|osm_poi:node/1523255490
вуліца Сакалоўскага|остановка транспорта|||53.6619401|23.8033849|||[]||||[]|osm_poi:node/1523257240
вуліца Сакалоўскага|остановка транспорта|||53.6629723|23.8027091|||[]||||[]|osm_poi:node/1523257242
вуліца Выдавецкая|остановка транспорта|||53.64811|23.8091209|||[]||||[]|osm_poi:node/1523259844
вуліца Акульная|остановка транспорта|||53.6502003|23.8025735|||[]||||[]|osm_poi:node/1523259846
вуліца Акульная|остановка транспорта|||53.6494773|23.8037765|||[]||||[]|osm_poi:node/1523259849
вуліца Славінскага|остановка транспорта|||53.6473635|23.8309407|||[]||||[]|osm_poi:node/1523488140
Хімвалакно|остановка транспорта|||53.6459731|23.8241785|||[]||||[]|osm_poi:node/1523488162
Хімвалакно|остановка транспорта|||53.6463999|23.8243968|||[]||||[]|osm_poi:node/1523488164
вуліца Славінскага|остановка транспорта|||53.647261|23.8327254|||[]||||[]|osm_poi:node/1523488166
вуліца Вішнявецкая|остановка транспорта|||53.6387691|23.8465698|||[]||||[]|osm_poi:node/1523492652
Вішнявец–7|остановка транспорта|||53.6369876|23.8558022|||[]||||[]|osm_poi:node/1523494869
Вішнявец|остановка транспорта|||53.6400278|23.8645148|||[]||||[]|osm_poi:node/1523495751
Тралейбуснае упраўленне|остановка транспорта|||53.6739277|23.8652797|||[]||||[]|osm_poi:node/1523499632
Судмедэкспертыза|остановка транспорта|||53.6725186|23.8776393|||[]||||[]|osm_poi:node/1523500354
Курган Славы|остановка транспорта|||53.6731629|23.8721664|||[]||||[]|osm_poi:node/1523500355
Ваига|кафе|||54.6144164|25.9512506|||[]||||[]|osm_poi:node/1539183429
вуліца Выдавецкая|остановка транспорта|||53.6475488|23.8099237|||[]||||[]|osm_poi:node/1545785655
Школа №17|остановка транспорта|||53.8935451|25.25596|||[]||||[]|osm_poi:node/1561171267
Радуга|ресторан|||53.7013976|23.8064825|||[]|Mo-We 12:00-15:00; Th 12:00-24:00; Fr 12:00-02:00; Sa 16:00-24:00; Su off|||[]|osm_poi:node/1561249567
Шаурма Сити|кафе|||53.6893349|23.8001958|||[]||||[]|osm_poi:node/1561454816
праспект Незалежнасці|остановка транспорта|||53.0749163|25.3078388|||[]||||[]|osm_poi:node/1566990524
Першамайскі|остановка транспорта|||53.8895666|25.4147764|||[]||||[]|osm_poi:node/1589170799
Курган Славы|остановка транспорта|||53.6727722|23.8730444|||[]||||[]|osm_poi:node/1598365230
Судмедэкспертыза|остановка транспорта|||53.6722739|23.8782057|||[]||||[]|osm_poi:node/1598365253
вуліца Паповіча|остановка транспорта|||53.6671462|23.8012035|||[]||||[]|osm_poi:node/1598365280
Остановка|остановка транспорта|||54.2567868|26.0112385|||[]||||[]|osm_poi:node/1628443466
Остановка|остановка транспорта|||54.2567712|26.010981|||[]||||[]|osm_poi:node/1628443494
аўтастанцыя Ваўкавыск|остановка транспорта|||53.1548824|24.4500651|||[]||||[]|osm_poi:node/1628731883
Аўтавакзал|остановка транспорта|||53.1554397|24.4472281|||[]||||[]|osm_poi:node/1628731887
Аптэчны склад|остановка транспорта|||53.7064701|23.8396371|||[]||||[]|osm_poi:node/1638426900
вуліца Брыкеля|остановка транспорта|||53.7009549|23.8414376|||[]||||[]|osm_poi:node/1638426912
Малочны Мір|остановка транспорта|||53.70657|23.8295485|||[]||||[]|osm_poi:node/1638426916
Вытворчасць «Аўтаагрэгатаў»|остановка транспорта|||53.7064591|23.8274704|||[]||||[]|osm_poi:node/1638426925
Паліклініка|остановка транспорта|||53.6945118|23.7880155|||[]||||[]|osm_poi:node/1648213200
Столовая|кафе|||53.7176518|23.8076074|||[]||||[]|osm_poi:node/1657604907
Сімакава|остановка транспорта|||53.4086506|26.4951157|||[]||||[]|osm_poi:node/1659106721
вуліца Паркавая|остановка транспорта|||54.619952|25.9690725|||[]||||[]|osm_poi:node/1666822136
Сквер Воінаў-інтэрнацыяналістаў|остановка транспорта|||53.1583116|24.4540168|||[]||||[]|osm_poi:node/1667511105
Сквер Воінаў-інтэрнацыяналістаў|остановка транспорта|||53.1584889|24.4535434|||[]||||[]|osm_poi:node/1667511119
Сквер Воінаў-інтэрнацыяналістаў|остановка транспорта|||53.1592894|24.4545771|||[]||||[]|osm_poi:node/1667511236
Туалет|туалет|||54.6100288|25.9324823|||[]||||[]|osm_poi:node/1667674333
мікрараён Сонечны|остановка транспорта|||53.1671791|24.4454991|||[]||||[]|osm_poi:node/1670563774
вуліца Гарбатава|остановка транспорта|||53.1667056|24.4426514|||[]||||[]|osm_poi:node/1670563867
Лясгас|остановка транспорта|||53.1656119|24.4912055|||[]||||[]|osm_poi:node/1670838518
Анастасия|кафе|||54.6183927|25.9640366|||[]||||[]|osm_poi:node/1688252877
АРХідэя|кафе||Гродна|53.6861237|23.8340488|||[]|Mo-Tu 08:00-22:00; We-Su 08:00-24:00|||[]|osm_poi:node/1697657553
Родны Кут|кафе|||53.688003|23.8429969|||[]||||[]|osm_poi:node/1697658247
Славия|кафе||Гродна|53.6779321|23.8365744|||[]|Mo-Su 07:30-00:00|||[]|osm_poi:node/1697662270
Раскоша 1795|кафе|||53.6797507|23.83014|||[]|Mo-Su 10:00-22:00|||[]|osm_poi:node/1697696165
вуліца Таўлая|остановка транспорта|||53.7054695|23.8591456|||[]||||[]|osm_poi:node/1703461189
вуліца Курчатава|остановка транспорта|||53.7067213|23.8504604|||[]||||[]|osm_poi:node/1703461238
вуліца Данілава|остановка транспорта|||53.6557559|23.7852081|||[]||||[]|osm_poi:node/1715874572
Каменка|остановка транспорта|||53.5861592|24.4749139|||[]||||[]|osm_poi:node/1723413862
Пратасаўшчына|остановка транспорта|||53.5916325|24.5162711|||[]||||[]|osm_poi:node/1723413878
Балі|остановка транспорта|||53.6038971|24.5854617|||[]||||[]|osm_poi:node/1723413885
Вароны|остановка транспорта|||53.6054798|24.6204463|||[]||||[]|osm_poi:node/1723413908
Дубраўляны|остановка транспорта|||53.6070257|24.6408883|||[]||||[]|osm_poi:node/1723413931
вуліца Гарбатава|остановка транспорта|||53.1656905|24.4423905|||[]||||[]|osm_poi:node/1727087315
Парахаўня|остановка транспорта|||53.1529491|24.4978349|||[]||||[]|osm_poi:node/1729248563
вуліца Баграціёна|остановка транспорта|||53.1616197|24.4738663|||[]||||[]|osm_poi:node/1729248761
Вуліца Вялікая Альшанка|остановка транспорта|||53.6214513|23.8209868|||[]||||[]|osm_poi:node/1729333393
ГАП №1|остановка транспорта|||53.6524272|23.7944309|||[]||||[]|osm_poi:node/1731282240
Туалет|туалет|||53.6508308|23.7894968|||[]||||[]|osm_poi:node/1731285440
Туалет|туалет|||53.6488054|23.7897382|||[]||||[]|osm_poi:node/1731285441
Вуліца Рэпіна|остановка транспорта|||53.6549044|23.7859511|||[]||||[]|osm_poi:node/1731539385
Балі|остановка транспорта|||53.6039686|24.5824178|||[]||||[]|osm_poi:node/1740102417
Стральцы|остановка транспорта|||53.5747733|24.3533853|||[]||||[]|osm_poi:node/1740102418
Пясчанка|остановка транспорта|||53.5775544|24.3228789|||[]||||[]|osm_poi:node/1740102419
Сікорыца|остановка транспорта|||53.5783654|24.3833388|||[]||||[]|osm_poi:node/1740102420
Прудцы|остановка транспорта|||53.5827151|24.4197468|||[]||||[]|osm_poi:node/1740102426
Каменка|остановка транспорта|||53.5862616|24.4712581|||[]||||[]|osm_poi:node/1740102432
Пратасаўшчына|остановка транспорта|||53.5911203|24.5115114|||[]||||[]|osm_poi:node/1740102442
Саволеўка|остановка транспорта|||53.5993185|24.1289289|||[]||||[]|osm_poi:node/1740102449
Вароны|остановка транспорта|||53.6057604|24.6174711|||[]||||[]|osm_poi:node/1740102455
Дубраўляны|остановка транспорта|||53.6067614|24.635782|||[]||||[]|osm_poi:node/1740102472
Абухава|остановка транспорта|||53.612811|24.0845895|||[]||||[]|osm_poi:node/1740102473
Абуховічы|остановка транспорта|||53.6182411|24.0681267|||[]||||[]|osm_poi:node/1740102489
Александрова|остановка транспорта|||53.636145|24.0243521|||[]||||[]|osm_poi:node/1740102495
Сіўкава|остановка транспорта|||53.6456641|24.0021202|||[]||||[]|osm_poi:node/1740102496
Остановка|остановка транспорта|||53.8216882|23.8709506|||[]||||[]|osm_poi:node/1740112636
Райста|остановка транспорта|||53.8305221|23.8838707|||[]||||[]|osm_poi:node/1740112637
Плябанішкі|остановка транспорта|||53.8618704|23.8928985|||[]||||[]|osm_poi:node/1740112638
Плябанішкі|остановка транспорта|||53.8625834|23.8933133|||[]||||[]|osm_poi:node/1740112639
ФАК|остановка транспорта|||53.8886464|25.2905365|||[]||||[]|osm_poi:node/1747510252
Фабрычны|остановка транспорта|||53.6358026|23.8068147|||[]||||[]|osm_poi:node/1751614949
Prego Pizza|кафе||Гродна|53.6707391|23.8520814|||[]|Mo-Th 12:00-00:00; Fr-Sa 12:00-02:00; Su 12:00-00:00|||[]|osm_poi:node/1752237535
УПП «Дарожнік»|остановка транспорта|||53.6372991|23.7978387|||[]||||[]|osm_poi:node/1772031502
вуліца Магістральная|остановка транспорта|||53.6834009|23.8611472|||[]||||[]|osm_poi:node/1775264966
вуліца Магістральная|остановка транспорта|||53.6845253|23.8605642|||[]||||[]|osm_poi:node/1775264970
Паліклініка|остановка транспорта|||53.1633764|24.4435557|||[]||||[]|osm_poi:node/1776118456
вуліца Барычэўскага|остановка транспорта|||53.1694934|24.4333431|||[]||||[]|osm_poi:node/1776139507
Кафе «Строитель»|кафе|||53.6672487|23.9111678|||[]|Mo-Fr 08:30-16:00|||[]|osm_poi:node/1777279868
Вуліца Альшанская|остановка транспорта|||53.6254639|23.8073306|||[]||||[]|osm_poi:node/1778441497
вуліца Лапенкаўская|остановка транспорта|||53.7206435|23.8388313|||[]||||[]|osm_poi:node/1782787378
Липичанка|ресторан|||53.4655364|25.4047912|||[]||||[]|osm_poi:node/1807254443
Дзядзька Ваня|гостиница|||53.4649514|25.4065816|||[]||||[]|osm_poi:node/1807276519
Заўжды цікаVа|кафе||Дзятлава|53.4800244|25.4146433|||[]|24/7|||[]|osm_poi:node/1807311722
ФОРТ|кафе|||54.6068415|25.9404861|||[]||||[]|osm_poi:node/1808500827
Абуховічы|остановка транспорта|||53.6177762|24.068328|||[]||||[]|osm_poi:node/1816629935
Вуліца 8 Сакавіка|остановка транспорта|||53.6242159|23.8134897|||[]||||[]|osm_poi:node/1826098518
вуліца Напалеона Орды|остановка транспорта|||53.6249639|23.8118261|||[]||||[]|osm_poi:node/1826098520
Столовая|кафе|||53.6597413|23.8306557|||[]|Mo-Fr 08:30-16:00|||[]|osm_poi:node/1832189988
Валэйкішкі|остановка транспорта|||54.7349467|25.8278894|||[]||||[]|osm_poi:node/1842404050
Остановка|остановка транспорта|||54.712172|26.2772267|||[]||||[]|osm_poi:node/1842459178
Туалет|туалет|||53.862405|23.8922713|||[]||||[]|osm_poi:node/1845696655
Вытворчасць «Аўтаагрэгатаў»|остановка транспорта|||53.7055922|23.8227621|||[]||||[]|osm_poi:node/1850620819
Ракавічы|остановка транспорта|||53.5149316|24.8334495|||[]||||[]|osm_poi:node/1850703200
Ракавічы|остановка транспорта|||53.5156318|24.8326057|||[]||||[]|osm_poi:node/1850703208
Солнечный|кафе||Гродна|53.6535543|23.844814|||[]|Mo-Su 08:00-22:00|||[]|osm_poi:node/1851895778
Бона|ресторан||Гродна|53.6774184|23.8286721|||[]|Mo-Su 12:00-23:00|||[]|osm_poi:node/1863658390
Абухава|остановка транспорта|||53.6109289|24.0887387|||[]||||[]|osm_poi:node/1863692459
Прудцы|остановка транспорта|||53.5824734|24.4205572|||[]||||[]|osm_poi:node/1863692461
Остановка|остановка транспорта|||53.6332833|24.0299936|||[]||||[]|osm_poi:node/1863692462
Сіўкава|остановка транспорта|||53.6437028|24.0057506|||[]||||[]|osm_poi:node/1863692466
Вялікая Капліца|остановка транспорта|||53.6914579|23.8905773|||[]||||[]|osm_poi:node/1863721263
Остановка|остановка транспорта|||53.6922921|23.9207467|||[]||||[]|osm_poi:node/1863721264
Остановка|остановка транспорта|||53.695006|23.9277696|||[]||||[]|osm_poi:node/1863721265
Путрышкі|остановка транспорта|||53.6973302|23.9406751|||[]||||[]|osm_poi:node/1863721266
Остановка|остановка транспорта|||53.6973538|24.0169482|||[]||||[]|osm_poi:node/1863721267
Галаўнічы|остановка транспорта|||53.6983662|24.0269069|||[]||||[]|osm_poi:node/1863721268
Табольская Будка|остановка транспорта|||53.7201628|24.0803059|||[]||||[]|osm_poi:node/1863721270
Стрыеўка|остановка транспорта|||53.7311089|24.1437033|||[]||||[]|osm_poi:node/1863721271
Стрыеўка|остановка транспорта|||53.7312167|24.1422832|||[]||||[]|osm_poi:node/1863721272
Остановка|остановка транспорта|||53.793852|24.18359|||[]||||[]|osm_poi:node/1863721273
Остановка|остановка транспорта|||53.7942346|24.1835277|||[]||||[]|osm_poi:node/1863721274
Жылічы|остановка транспорта|||53.4705793|24.164429|||[]||||[]|osm_poi:node/1877115514
Грушаўка|остановка транспорта|||53.4729971|24.1313641|||[]||||[]|osm_poi:node/1877115523
Газа|остановка транспорта|||54.7784919|26.0425373|||[]||||[]|osm_poi:node/1897829973
Газа|остановка транспорта|||54.778853|26.0451357|||[]||||[]|osm_poi:node/1897829987
Сярэдняя школа №1|остановка транспорта|||53.6023899|24.7359394|||[]||||[]|osm_poi:node/1906522515
Сярэдняя школа №1|остановка транспорта|||53.6020618|24.7360167|||[]||||[]|osm_poi:node/1906522516
вуліца Заходняя|остановка транспорта|||53.5985261|24.7280491|||[]||||[]|osm_poi:node/1906522517
вуліца Заходняя|остановка транспорта|||53.598841|24.7294064|||[]||||[]|osm_poi:node/1906522518
Навасёлкі|остановка транспорта|||53.6097048|24.721371|||[]||||[]|osm_poi:node/1906522519
плошча Свабоды|остановка транспорта|||53.6040725|24.7411416|||[]||||[]|osm_poi:node/1906522550
плошча Свабоды|остановка транспорта|||53.603708|24.7399625|||[]||||[]|osm_poi:node/1906522551
Сярэдняя школа №2|остановка транспорта|||53.6129497|24.7359515|||[]||||[]|osm_poi:node/1906523342
Аўтапровад|остановка транспорта|||53.610245|24.7378659|||[]||||[]|osm_poi:node/1906523345
Сярэдняя школа №2|остановка транспорта|||53.6133836|24.7353355|||[]||||[]|osm_poi:node/1906523348
Аўтапровад|остановка транспорта|||53.6097255|24.7379134|||[]||||[]|osm_poi:node/1906523351
Лясніцтва|остановка транспорта|||53.6244576|24.7285857|||[]||||[]|osm_poi:node/1906525423
Аўтапарк №12|остановка транспорта|||53.6206726|24.730683|||[]||||[]|osm_poi:node/1906525424
Лясніцтва|остановка транспорта|||53.6247811|24.7281041|||[]||||[]|osm_poi:node/1906525425
Аўтапарк №12|остановка транспорта|||53.6202499|24.7312519|||[]||||[]|osm_poi:node/1906525426
Рэзы|остановка транспорта|||53.5831764|24.7472575|||[]||||[]|osm_poi:node/1906527804
Універсам|остановка транспорта|||53.6018414|24.7423821|||[]||||[]|osm_poi:node/1906527811
Універсам|остановка транспорта|||53.6024495|24.7419707|||[]||||[]|osm_poi:node/1906527812
Гарадскія могілкі|остановка транспорта|||53.5886559|24.7322631|||[]||||[]|osm_poi:node/1914466724
Бальніца|остановка транспорта|||53.6025225|24.7261226|||[]||||[]|osm_poi:node/1915500912
рака Дзітва|остановка транспорта|||53.7501549|25.4159611|||[]||||[]|osm_poi:node/1938485606
Сярэдняя школа № 39|остановка транспорта|||53.6265648|23.8041046|||[]||||[]|osm_poi:node/1942475218
Фабрычны|остановка транспорта|||53.6354709|23.807806|||[]||||[]|osm_poi:node/1942546407
Остановка|остановка транспорта|||53.6295605|23.8221817|||[]||||[]|osm_poi:node/1942546511
Фабрычны|остановка транспорта|||53.6308502|23.8126599|||[]||||[]|osm_poi:node/1942546767
крама Салют|остановка транспорта|||53.0902576|25.319952|||[]||||[]|osm_poi:node/1943508620
ФСАН|остановка транспорта|||53.0805587|25.3069724|||[]||||[]|osm_poi:node/1944423338
Сярэдняя школа №10|остановка транспорта|||53.0855461|25.300465|||[]||||[]|osm_poi:node/1944745979
Аўтапарк №4|остановка транспорта|||53.1490185|24.4610544|||[]||||[]|osm_poi:node/2060753505
Аграрны каледж|остановка транспорта|||53.171223|24.4721638|||[]||||[]|osm_poi:node/2060753506
Гарадскі парк|остановка транспорта|||53.1637146|24.460246|||[]||||[]|osm_poi:node/2060753509
вуліца Зенітчыкаў|остановка транспорта|||53.1527738|24.4580534|||[]||||[]|osm_poi:node/2060753511
вуліца Зенітчыкаў|остановка транспорта|||53.1529915|24.4577475|||[]||||[]|osm_poi:node/2060753512
Педагагічны каледж|остановка транспорта|||53.1607007|24.4487552|||[]||||[]|osm_poi:node/2060753513
Педагагічны каледж|остановка транспорта|||53.1609139|24.4505628|||[]||||[]|osm_poi:node/2060753514
плошча імя Леніна|остановка транспорта|||53.1630123|24.4665033|||[]||||[]|osm_poi:node/2060753515
Паліклініка|остановка транспорта|||53.1621056|24.4432009|||[]||||[]|osm_poi:node/2060753516
мікрараён Сонечны|остановка транспорта|||53.1665529|24.4474684|||[]||||[]|osm_poi:node/2060753518
Аўтадромная вуліца-1|остановка транспорта|||53.1437375|24.453446|||[]||||[]|osm_poi:node/2060753532
вуліца Будаўнікоў|остановка транспорта|||53.1467694|24.4586288|||[]||||[]|osm_poi:node/2060753533
Межавая вуліца-2|остановка транспорта|||53.1425845|24.4612801|||[]||||[]|osm_poi:node/2060753534
вуліца Перамогі|остановка транспорта|||53.166441|24.4680373|||[]||||[]|osm_poi:node/2060753535
вуліца Будаўнікоў|остановка транспорта|||53.1464397|24.4567672|||[]||||[]|osm_poi:node/2060753536
Дзіцячы сад №4|остановка транспорта|||53.1540087|24.4424119|||[]||||[]|osm_poi:node/2061662458
Дзіцячы сад №4|остановка транспорта|||53.1540861|24.4416162|||[]||||[]|osm_poi:node/2061662466
АЗС|остановка транспорта|||53.1515971|24.4309383|||[]||||[]|osm_poi:node/2064787534
АЗС|остановка транспорта|||53.151889|24.4301996|||[]||||[]|osm_poi:node/2064787539
Беллакт|остановка транспорта|||53.1330052|24.4134363|||[]||||[]|osm_poi:node/2064787542
Груды|остановка транспорта|||53.1281527|24.4108199|||[]||||[]|osm_poi:node/2064787545
Груды|остановка транспорта|||53.1286925|24.4114187|||[]||||[]|osm_poi:node/2064787549
Лакаматыўнае дэпо|остановка транспорта|||53.143034|24.4250569|||[]||||[]|osm_poi:node/2064787552
Лакаматыўнае дэпо|остановка транспорта|||53.1433362|24.4251951|||[]||||[]|osm_poi:node/2064787555
Кінатэатр Юнацтва|остановка транспорта|||53.1618324|24.4587072|||[]||||[]|osm_poi:node/2064787558
Мясакамбінат|остановка транспорта|||53.1238422|24.4073989|||[]||||[]|osm_poi:node/2064787564
Мясакамбінат|остановка транспорта|||53.1241834|24.4080111|||[]||||[]|osm_poi:node/2064787567
Ваўкавыскія электрасеткі|остановка транспорта|||53.1620519|24.4601012|||[]||||[]|osm_poi:node/2064787576
СШ №4|остановка транспорта|||53.139473|24.4188762|||[]||||[]|osm_poi:node/2064787584
СШ №4|остановка транспорта|||53.1399741|24.4197292|||[]||||[]|osm_poi:node/2064787591
СШ №5|остановка транспорта|||53.1534389|24.4339196|||[]||||[]|osm_poi:node/2064787594
СШ №5|остановка транспорта|||53.1532066|24.4320769|||[]||||[]|osm_poi:node/2064787598
Кастрычніцкая вуліца|остановка транспорта|||53.1479704|24.4334207|||[]||||[]|osm_poi:node/2064788022
Кастрычніцкая вуліца|остановка транспорта|||53.1480742|24.4341041|||[]||||[]|osm_poi:node/2064788026
Аўтапарк №4|остановка транспорта|||53.1483483|24.4612338|||[]||||[]|osm_poi:node/2066528962
ВЗЛА|остановка транспорта|||53.1564228|24.4587356|||[]||||[]|osm_poi:node/2066528972
Гарадская лазня|остановка транспорта|||53.1630718|24.4712617|||[]||||[]|osm_poi:node/2066528979
Гарадская лазня|остановка транспорта|||53.1632819|24.4700571|||[]||||[]|osm_poi:node/2066528990
вёска Ятвезь|остановка транспорта|||53.173676|24.4103059|||[]||||[]|osm_poi:node/2066528993
вёска Ятвезь|остановка транспорта|||53.174179|24.4086344|||[]||||[]|osm_poi:node/2066528997
Завод ДБАМ|остановка транспорта|||53.1707478|24.4253007|||[]||||[]|osm_poi:node/2066529000
Завод ДБАМ|остановка транспорта|||53.1710052|24.4251633|||[]||||[]|osm_poi:node/2066529004
Ачышчальныя збудаванні|остановка транспорта|||53.1752309|24.4015885|||[]||||[]|osm_poi:node/2066529007
Ачышчальныя збудаванні|остановка транспорта|||53.1757257|24.3996812|||[]||||[]|osm_poi:node/2066529010
вуліца Барычэўскага|остановка транспорта|||53.168892|24.4352277|||[]||||[]|osm_poi:node/2066529013
Цэнтральны рынак|остановка транспорта|||53.1592944|24.4635644|||[]||||[]|osm_poi:node/2066529016
Цэх керамікі|остановка транспорта|||53.1566845|24.4829546|||[]||||[]|osm_poi:node/2066529017
вуліца Амшэя|остановка транспорта|||53.1534695|24.4674073|||[]||||[]|osm_poi:node/2066529021
вуліца Амшэя|остановка транспорта|||53.1538549|24.4674652|||[]||||[]|osm_poi:node/2066529024
вуліца Баграціёна|остановка транспорта|||53.1604574|24.4740468|||[]||||[]|osm_poi:node/2066529027
Брэсцкая вуліца|остановка транспорта|||53.1577968|24.4562045|||[]||||[]|osm_poi:node/2066529031
вуліца Гастэлы|остановка транспорта|||53.1508068|24.4710752|||[]||||[]|osm_poi:node/2066529034
вуліца Гастэлы|остановка транспорта|||53.1511475|24.4709773|||[]||||[]|osm_poi:node/2066529037
вуліца Карла Маркса|остановка транспорта|||53.1595085|24.4709807|||[]||||[]|osm_poi:node/2066529040
вуліца Новапраектная|остановка транспорта|||53.1552218|24.4715605|||[]||||[]|osm_poi:node/2066529044
вуліца Новапраектная|остановка транспорта|||53.1554512|24.4720782|||[]||||[]|osm_poi:node/2066529046
вуліца Асіпенкі|остановка транспорта|||53.1570046|24.477906|||[]||||[]|osm_poi:node/2066529050
вуліца Пралетарская|остановка транспорта|||53.1554627|24.4654953|||[]||||[]|osm_poi:node/2066529053
вуліца Пралетарская|остановка транспорта|||53.155704|24.4650785|||[]||||[]|osm_poi:node/2066529056
вуліца Ракасоўскага–II|остановка транспорта|||53.1486093|24.4739|||[]||||[]|osm_poi:node/2066529059
Аўташкола|остановка транспорта|||53.1647365|24.4852555|||[]||||[]|osm_poi:node/2066529061
Шпіталь|остановка транспорта|||53.6916511|23.8377259|||[]||||[]|osm_poi:node/2072145228
Гарадская бальніца № 4|остановка транспорта|||53.6498134|23.8589453|||[]||||[]|osm_poi:node/2072145229
Дзіцячая бальніца|остановка транспорта|||53.6905621|23.8339363|||[]||||[]|osm_poi:node/2075107695
вуліца Урублеўскага|остановка транспорта|||53.7091995|23.8052|||[]||||[]|osm_poi:node/2075107696
Вуліца Урублеўскага|остановка транспорта|||53.7092353|23.8045949|||[]||||[]|osm_poi:node/2075107697
Гарадскі парк|остановка транспорта|||53.1635691|24.4595799|||[]||||[]|osm_poi:node/2076188674
плошча імя Леніна|остановка транспорта|||53.1619341|24.4660854|||[]||||[]|osm_poi:node/2078717166
Гродназелянбуд|остановка транспорта|||53.690215|23.7884031|||[]||||[]|osm_poi:node/2079132685
МНС|остановка транспорта|||53.700623|23.8284736|||[]||||[]|osm_poi:node/2079132692
Абласная бальніца|остановка транспорта|||53.6954153|23.792853|||[]||||[]|osm_poi:node/2079132703
Пошта|остановка транспорта|||53.6417213|23.8430421|||[]||||[]|osm_poi:node/2079132714
вуліца Дзяржынскага|остановка транспорта|||53.7013102|23.838135|||[]||||[]|osm_poi:node/2079132727
Аўтавакзал|остановка транспорта|||53.1544872|24.4474881|||[]||||[]|osm_poi:node/2082426123
Белые паруса|кафе|||53.1442288|24.825468|||[]||||[]|osm_poi:node/2085171398
Винтаж|кафе|||53.1621946|24.462173|||[]||||[]|osm_poi:node/2087420832
Цэнтральны рынак|остановка транспорта|||53.159149|24.4652738|||[]||||[]|osm_poi:node/2087420845
Гроднапрамбуд|остановка транспорта|||53.6753027|23.8618432|||[]||||[]|osm_poi:node/2090886205
Паліклініка №5|остановка транспорта|||53.679154|23.8623705|||[]||||[]|osm_poi:node/2090886206
Паліклініка № 5|остановка транспорта|||53.680356|23.863034|||[]||||[]|osm_poi:node/2090886207
вуліца Перамогі|остановка транспорта|||53.166885|24.4686124|||[]||||[]|osm_poi:node/2091476160
Стральцы|остановка транспорта|||53.5748424|24.3572372|||[]||||[]|osm_poi:node/2093998730
Сікорыца|остановка транспорта|||53.5784555|24.3870971|||[]||||[]|osm_poi:node/2093998876
вуліца Гастэлы-1|остановка транспорта|||53.9037887|25.2597952|||[]||||[]|osm_poi:node/2097987584
Остановка|остановка транспорта|||53.9057841|25.2552136|||[]||||[]|osm_poi:node/2097987791
магазін Алмі|остановка транспорта|||53.903915|25.2608661|||[]||||[]|osm_poi:node/2097988534
Дзіцячы сад №31|остановка транспорта|||53.8992649|25.2744517|||[]||||[]|osm_poi:node/2097988718
Дзіцячы сад №31|остановка транспорта|||53.8985474|25.2757101|||[]||||[]|osm_poi:node/2097988852
вуліца Гастэлы|остановка транспорта|||53.9017431|25.2683182|||[]||||[]|osm_poi:node/2097988857
вуліца Гастэлы|остановка транспорта|||53.9011384|25.2693762|||[]||||[]|osm_poi:node/2097988858
могілкі Зосіна|остановка транспорта|||53.922044|25.2273068|||[]||||[]|osm_poi:node/2097989294
вуліца Будаўнікоў|остановка транспорта|||53.9150968|25.2372777|||[]||||[]|osm_poi:node/2097989422
вуліца Будаўнікоў|остановка транспорта|||53.9160744|25.2381948|||[]||||[]|osm_poi:node/2097989615
вуліца Хмяльніцкага|остановка транспорта|||53.9193246|25.2424896|||[]||||[]|osm_poi:node/2097989769
вуліца Хмяльніцкага|остановка транспорта|||53.9195525|25.2424636|||[]||||[]|osm_poi:node/2097989770
мікрараён Маладзёжны|остановка транспорта|||53.9219032|25.2457486|||[]||||[]|osm_poi:node/2097990297
мікрараён Маладзёжны|остановка транспорта|||53.9216127|25.2449726|||[]||||[]|osm_poi:node/2097990924
Дачы|остановка транспорта|||53.927525|25.2463138|||[]||||[]|osm_poi:node/2097991478
Дачы|остановка транспорта|||53.9264272|25.2464553|||[]||||[]|osm_poi:node/2097991484
завод Нёман|остановка транспорта|||53.934497|25.244865|||[]||||[]|osm_poi:node/2097991594
завод Нёман|остановка транспорта|||53.9339573|25.2444836|||[]||||[]|osm_poi:node/2097991702
Лідахлебапрадукт|остановка транспорта|||53.9397599|25.245528|||[]||||[]|osm_poi:node/2097991739
плошча Міцкевіча|остановка транспорта|||53.8965266|25.2995933|||[]||||[]|osm_poi:node/2097993771
Лідскае піва|остановка транспорта|||53.8972282|25.3023279|||[]||||[]|osm_poi:node/2097993852
Лідскае піва|остановка транспорта|||53.8968111|25.3015905|||[]||||[]|osm_poi:node/2097993853
вуліца Набярэжная|остановка транспорта|||53.898988|25.3083172|||[]||||[]|osm_poi:node/2097994161
Малэйкаўшчызна|остановка транспорта|||53.9203077|25.3110092|||[]||||[]|osm_poi:node/2097994589
вуліца Таўлая|остановка транспорта|||53.8944977|25.3149435|||[]||||[]|osm_poi:node/2097995117
Паўднёвы гарадок|остановка транспорта|||53.8753369|25.3363137|||[]||||[]|osm_poi:node/2097996768
Патсдам|остановка транспорта|||53.8794452|25.3335791|||[]||||[]|osm_poi:node/2097996769
Патсдам|остановка транспорта|||53.8787319|25.3345137|||[]||||[]|osm_poi:node/2097996968
Лайкаўшчына|остановка транспорта|||53.8827124|25.3299631|||[]||||[]|osm_poi:node/2097997013
Лайкаўшчына|остановка транспорта|||53.8824647|25.3311008|||[]||||[]|osm_poi:node/2097997532
вуліца Малахава|остановка транспорта|||53.8844608|25.3242403|||[]||||[]|osm_poi:node/2097998030
вуліца Малахава|остановка транспорта|||53.8840316|25.3249908|||[]||||[]|osm_poi:node/2097998032
вуліца Герцэна|остановка транспорта|||53.8772631|25.3125793|||[]||||[]|osm_poi:node/2097999098
вуліца Герцэна|остановка транспорта|||53.8770873|25.3123322|||[]||||[]|osm_poi:node/2097999127
вуліца Хасанаўская|остановка транспорта|||53.8634762|25.2852247|||[]||||[]|osm_poi:node/2098000364
Лідаспецаўтатранс|остановка транспорта|||53.8679782|25.2867657|||[]||||[]|osm_poi:node/2098001212
завод Белтэкс-Оптык|остановка транспорта|||53.8691073|25.2844733|||[]||||[]|osm_poi:node/2098001328
завод Белтэкс-Оптык|остановка транспорта|||53.870592|25.28326|||[]||||[]|osm_poi:node/2098001519
вуліца Машэрава|остановка транспорта|||53.8758197|25.2814304|||[]||||[]|osm_poi:node/2098001771
завод Оптык|остановка транспорта|||53.8745035|25.277749|||[]||||[]|osm_poi:node/2098001899
Ветлячэбніца|остановка транспорта|||53.8771535|25.2738589|||[]||||[]|osm_poi:node/2098002188
крама Віталюр|остановка транспорта|||53.8799772|25.2780609|||[]||||[]|osm_poi:node/2098002895
крама Чайка|остановка транспорта|||53.8832392|25.2829645|||[]||||[]|osm_poi:node/2098003504
крама Чайка|остановка транспорта|||53.8838754|25.2842925|||[]||||[]|osm_poi:node/2098003969
вуліца Камуністычная|остановка транспорта|||53.8843217|25.2832969|||[]||||[]|osm_poi:node/2098004254
вуліца Камуністычная|остановка транспорта|||53.8847238|25.2833505|||[]||||[]|osm_poi:node/2098004377
вуліца Ленінская|остановка транспорта|||53.8894786|25.2947925|||[]||||[]|osm_poi:node/2098004455
Цэнтральная бібліятэка|остановка транспорта|||53.8904738|25.3010047|||[]||||[]|osm_poi:node/2098004848
АТС|остановка транспорта|||53.8789821|25.2857907|||[]||||[]|osm_poi:node/2098006718
вуліца Варшаўская|остановка транспорта|||53.8804217|25.2900193|||[]||||[]|osm_poi:node/2098007115
Чыгуначны вакзал|остановка транспорта|||53.8836166|25.2910901|||[]||||[]|osm_poi:node/2098007466
Чыгуначны вакзал|остановка транспорта|||53.8828372|25.2911839|||[]||||[]|osm_poi:node/2098007670
Мэблявая фабрыка|остановка транспорта|||53.8815764|25.2976096|||[]||||[]|osm_poi:node/2098007820
Мэблявая фабрыка|остановка транспорта|||53.8808231|25.2980682|||[]||||[]|osm_poi:node/2098007823
вуліца Шаўчэнкі|остановка транспорта|||53.8750759|25.3092977|||[]||||[]|osm_poi:node/2098010224
Остановка|остановка транспорта|||53.8757916|25.3067768|||[]||||[]|osm_poi:node/2098011451
вуліца Данскога|остановка транспорта|||53.8754746|25.3086618|||[]||||[]|osm_poi:node/2098011738
Лакаматыўнае дэпо|остановка транспорта|||53.8777858|25.3021564|||[]||||[]|osm_poi:node/2098012383
Лакаматыўнае дэпо|остановка транспорта|||53.8779466|25.3022388|||[]||||[]|osm_poi:node/2098012933
Ліда-Агратэхсэрвіс|остановка транспорта|||53.8709088|25.2911431|||[]||||[]|osm_poi:node/2098013630
вуліца Горкага|остановка транспорта|||53.8741641|25.2878681|||[]||||[]|osm_poi:node/2098013880
Остановка|остановка транспорта|||53.881982|25.2844003|||[]||||[]|osm_poi:node/2098014092
вуліца Клары Цэткін|остановка транспорта|||53.8878884|25.2818624|||[]||||[]|osm_poi:node/2098014424
вуліца Клары Цэткін|остановка транспорта|||53.8883639|25.2814273|||[]||||[]|osm_poi:node/2098014425
вуліца Аляксандра Неўскага|остановка транспорта|||53.8913779|25.2799529|||[]||||[]|osm_poi:node/2098014772
вуліца Аляксандра Неўскага|остановка транспорта|||53.8904275|25.2800795|||[]||||[]|osm_poi:node/2098014814
вуліца Тухачэўскага|остановка транспорта|||53.8982867|25.2548642|||[]||||[]|osm_poi:node/2098015312
крама Заходні|остановка транспорта|||53.8993797|25.2609783|||[]||||[]|osm_poi:node/2098015533
вуліца Кааператыўная|остановка транспорта|||53.9002786|25.2581144|||[]||||[]|osm_poi:node/2098016591
Больница|остановка транспорта|||53.8955966|25.2868211|||[]||||[]|osm_poi:node/2098018756
Больница|остановка транспорта|||53.8946865|25.2870085|||[]||||[]|osm_poi:node/2098019207
вуліца Касманаўтаў|остановка транспорта|||53.8899758|25.2875319|||[]||||[]|osm_poi:node/2098019798
вуліца Касманаўтаў|остановка транспорта|||53.8897913|25.2871917|||[]||||[]|osm_poi:node/2098020068
паварот ДРБУ-157|остановка транспорта|||53.8720496|25.2583562|||[]||||[]|osm_poi:node/2098021277
паварот ДРБУ-157|остановка транспорта|||53.8726921|25.2614577|||[]||||[]|osm_poi:node/2098021333
вёска Астроўля|остановка транспорта|||53.8692638|25.2500837|||[]||||[]|osm_poi:node/2098021524
вёска Астроўля|остановка транспорта|||53.8686628|25.2473382|||[]||||[]|osm_poi:node/2098021664
бальніца Астроўля|остановка транспорта|||53.8635412|25.2317355|||[]||||[]|osm_poi:node/2098022531
бальніца Астроўля|остановка транспорта|||53.8703553|25.2336554|||[]||||[]|osm_poi:node/2098022904
вуліца Дзяржынскага|остановка транспорта|||53.8725677|25.2951115|||[]||||[]|osm_poi:node/2098025920
вуліца Карла Маркса|остановка транспорта|||53.87632|25.292793|||[]||||[]|osm_poi:node/2098026837
клуб Чыгуначнікаў|остановка транспорта|||53.8796865|25.2915803|||[]||||[]|osm_poi:node/2098027824
Остановка|остановка транспорта|||53.7620067|24.5479677|||[]||||[]|osm_poi:node/2140180724
Остановка|остановка транспорта|||53.7638985|24.5483686|||[]||||[]|osm_poi:node/2140180730
Остановка|остановка транспорта|||53.7848848|24.5507688|||[]||||[]|osm_poi:node/2140180985
Остановка|остановка транспорта|||53.7872907|24.5514914|||[]||||[]|osm_poi:node/2140181028
Остановка|остановка транспорта|||53.8180571|24.5684971|||[]||||[]|osm_poi:node/2140181399
Остановка|остановка транспорта|||53.8180985|24.570474|||[]||||[]|osm_poi:node/2140181401
Остановка|остановка транспорта|||53.0573588|24.4180911|||[]||||[]|osm_poi:node/2169730508
Grand Bistro|кафе|||53.6822659|23.8316487|||[]|10:00-21:00|||[]|osm_poi:node/2189324533
Цэнтральная паліклініка|остановка транспорта|||53.6720714|23.8193852|||[]||||[]|osm_poi:node/2194105380
Аграрны ўніверсітэт|остановка транспорта|||53.695199|23.845569|||[]||||[]|osm_poi:node/2194294116
Белаграпрамбанк|остановка транспорта|||53.6727796|23.7951941|||[]||||[]|osm_poi:node/2194294117
Бальніца хуткай медыцынскай дапамогі|остановка транспорта|||53.673468|23.7928303|||[]||||[]|osm_poi:node/2194294118
Вайсковая часць|остановка транспорта|||53.6742234|23.7853568|||[]||||[]|osm_poi:node/2194294119
Воінская часць|остановка транспорта|||53.6745958|23.7844439|||[]||||[]|osm_poi:node/2194294120
вуліца Церашковай|остановка транспорта|||53.6942767|23.8393342|||[]||||[]|osm_poi:node/2194294121
Остановка|остановка транспорта|||53.694367|25.9752627|||[]||||[]|osm_poi:node/2197676366
Остановка|остановка транспорта|||53.7112386|25.987586|||[]||||[]|osm_poi:node/2197676423
вуліца Падрыжацкая|остановка транспорта|||53.7006295|23.8588095|||[]||||[]|osm_poi:node/2198107909
вуліца Рагачэўскага|остановка транспорта|||53.6293814|23.8567187|||[]||||[]|osm_poi:node/2198107910
КБМ|остановка транспорта|||53.7190603|23.8081468|||[]||||[]|osm_poi:node/2199954875
санаторый «Нёман-72»|остановка транспорта|||53.7300311|23.7953411|||[]||||[]|osm_poi:node/2199954877
вуліца 17 Верасня|остановка транспорта|||53.6890477|23.8377026|||[]||||[]|osm_poi:node/2199954878
вуліца 17 Верасня|остановка транспорта|||53.6891062|23.8355098|||[]||||[]|osm_poi:node/2199954879
заводакіраванне ААТ «ГроднаАзот»|остановка транспорта|||53.6765461|23.8930311|||[]||||[]|osm_poi:node/2205158374
БДУ-4|остановка транспорта|||53.6642085|23.9309704|||[]||||[]|osm_poi:node/2207492010
БУ–178|остановка транспорта|||53.6658717|23.9172388|||[]||||[]|osm_poi:node/2207492011
Союзпраммантаж|остановка транспорта|||53.6670491|23.9080299|||[]||||[]|osm_poi:node/2207492012
Туалет|туалет|||54.1405771|25.3141394|||[]||||[]|osm_poi:node/2210924895
Сярэдняя школа №37|остановка транспорта|||53.6566304|23.7804671|||[]||||[]|osm_poi:node/2211711899
вуліца Астроўскага|остановка транспорта|||53.6904942|23.8291592|||[]||||[]|osm_poi:node/2222979844
вуліца Пушкіна|остановка транспорта|||53.6963093|23.8334443|||[]||||[]|osm_poi:node/2222979850
Остановка|остановка транспорта|||53.6982239|24.0057168|||[]||||[]|osm_poi:node/2258547306
Галаўнічы|остановка транспорта|||53.6987014|24.0302466|||[]||||[]|osm_poi:node/2258701380
Перекресток Табола|остановка транспорта|||53.7006326|24.0448817|||[]||||[]|osm_poi:node/2258701393
Перекресток Табола|остановка транспорта|||53.7006592|24.0439403|||[]||||[]|osm_poi:node/2258701394
Азёры|остановка транспорта|||53.7276753|24.1694021|||[]||||[]|osm_poi:node/2263115413
Азёры|остановка транспорта|||53.7279438|24.1682998|||[]||||[]|osm_poi:node/2263115417
вуліца Грандзіцкая|остановка транспорта|||53.7216959|23.8150305|||[]||||[]|osm_poi:node/2264912745
Мясакамбінат|остановка транспорта|||53.7241451|23.8255581|||[]||||[]|osm_poi:node/2264912747
вуліца Гаспадарчая|остановка транспорта|||53.7221597|23.8231777|||[]||||[]|osm_poi:node/2264912748
ЦЭЦ–2|остановка транспорта|||53.6652991|23.9242086|||[]||||[]|osm_poi:node/2264947714
Greenwich|ресторан||Гродна|53.6818548|23.8321755|||[]|Mo-Th 17:00-02:00; Fr 17:00-04:00; Sa 15:00-04:00; Su 15:00-02:00|||[]|osm_poi:node/2268454430
Лядовы палац|остановка транспорта|||53.6895077|23.8257646|||[]||||[]|osm_poi:node/2270953861
Чыгуначны пераезд|остановка транспорта|||53.6358985|23.823108|||[]||||[]|osm_poi:node/2270966736
Чыгуначны пераезд|остановка транспорта|||53.6351879|23.8229255|||[]||||[]|osm_poi:node/2270966737
Агароднінная фабрыка|остановка транспорта|||53.6394637|23.8154361|||[]||||[]|osm_poi:node/2270966738
шаша Азёрская|остановка транспорта|||53.6887975|23.8552065|||[]||||[]|osm_poi:node/2272091099
Азот|остановка транспорта|||53.6728254|23.8921021|||[]||||[]|osm_poi:node/2272308047
Заводакіраванне ААТ «ГроднаАзот»|остановка транспорта|||53.6774595|23.8923396|||[]||||[]|osm_poi:node/2272308049
вуліца Гаспадарчая|остановка транспорта|||53.722553|23.8220616|||[]||||[]|osm_poi:node/2272920723
вуліца Лапенкаўская|остановка транспорта|||53.7197742|23.8396627|||[]||||[]|osm_poi:node/2272920729
Мясакамбінат|остановка транспорта|||53.7217359|23.827146|||[]||||[]|osm_poi:node/2272920736
Вішнявец–7|остановка транспорта|||53.6349015|23.8519369|||[]||||[]|osm_poi:node/2276410568
Гібулічы|остановка транспорта|||53.6133025|23.8674886|||[]||||[]|osm_poi:node/2276410569
Зарубічы|остановка транспорта|||53.5031253|23.8791257|||[]||||[]|osm_poi:node/2276410570
Зарубічы|остановка транспорта|||53.5059428|23.8787276|||[]||||[]|osm_poi:node/2276410571
Луцкаўляны|остановка транспорта|||53.4413844|23.9303339|||[]||||[]|osm_poi:node/2276410572
Луцкаўляны|остановка транспорта|||53.4433944|23.9293526|||[]||||[]|osm_poi:node/2276410573
Баранава|остановка транспорта|||53.5252223|23.8728216|||[]||||[]|osm_poi:node/2276410578
Баранава|остановка транспорта|||53.5276344|23.8730106|||[]||||[]|osm_poi:node/2276410579
Дачы|остановка транспорта|||53.5440396|23.8721732|||[]||||[]|osm_poi:node/2276410580
Дачы|остановка транспорта|||53.5450166|23.8724909|||[]||||[]|osm_poi:node/2276410581
магазін «1000 дробязей»|остановка транспорта|||53.6700881|23.7915003|||[]||||[]|osm_poi:node/2277560662
Малахавічы|остановка транспорта|||53.6340642|23.8513674|||[]||||[]|osm_poi:node/2281093776
Паліклініка|остановка транспорта|||53.6953571|23.7883766|||[]||||[]|osm_poi:node/2281093779
СПМК-70|остановка транспорта|||53.6537574|23.7914074|||[]||||[]|osm_poi:node/2281093780
Гродна АТЭП|остановка транспорта|||53.656391|23.8025933|||[]||||[]|osm_poi:node/2286941687
БелТАПАЗ|остановка транспорта|||53.7142765|23.8255804|||[]||||[]|osm_poi:node/2290682893
Стральцы|остановка транспорта|||53.4619285|24.1895459|||[]||||[]|osm_poi:node/2290956417
Стральцы|остановка транспорта|||53.4623429|24.1884839|||[]||||[]|osm_poi:node/2290956418
Жылічы|остановка транспорта|||53.4693861|24.1674358|||[]||||[]|osm_poi:node/2290956427
Грушаўка|остановка транспорта|||53.473196|24.132871|||[]||||[]|osm_poi:node/2290956433
Свіслач|остановка транспорта|||53.4972744|24.0668258|||[]||||[]|osm_poi:node/2290956692
Свіслач|остановка транспорта|||53.4980556|24.0655299|||[]||||[]|osm_poi:node/2290956812
Квасоўка|остановка транспорта|||53.5175721|23.9990922|||[]||||[]|osm_poi:node/2290959313
Квасоўка|остановка транспорта|||53.5184331|23.9980534|||[]||||[]|osm_poi:node/2290959427
Свіслач|остановка транспорта|||53.4986002|24.0551698|||[]||||[]|osm_poi:node/2290968755
Свіслач|остановка транспорта|||53.4988345|24.0540324|||[]||||[]|osm_poi:node/2290968762
Остановка|остановка транспорта|||53.5119902|24.0130033|||[]||||[]|osm_poi:node/2290968867
Остановка|остановка транспорта|||53.5125685|24.0119033|||[]||||[]|osm_poi:node/2290968868
Каўбасіно|остановка транспорта|||53.643684|23.7835125|||[]||||[]|osm_poi:node/2296296897
Кансервавы завод|остановка транспорта|||53.6442901|23.7792364|||[]||||[]|osm_poi:node/2296296898
Еўраопт|остановка транспорта|||53.6663548|23.7874716|||[]||||[]|osm_poi:node/2296311715
Агароднінная фабрыка|остановка транспорта|||53.6385809|23.8137775|||[]||||[]|osm_poi:node/2296368078
Вуліца 8 Сакавіка|остановка транспорта|||53.6248854|23.812997|||[]||||[]|osm_poi:node/2303076604
Валянчыцы|остановка транспорта|||53.532781|24.8282308|||[]||||[]|osm_poi:node/2304001992
Валянчыцы|остановка транспорта|||53.533609|24.8279727|||[]||||[]|osm_poi:node/2304001993
Остановка|остановка транспорта|||53.5565524|24.8028889|||[]||||[]|osm_poi:node/2304001994
Остановка|остановка транспорта|||53.5571999|24.7993009|||[]||||[]|osm_poi:node/2304001995
Руткевічы|остановка транспорта|||53.5768782|24.7492726|||[]||||[]|osm_poi:node/2304001996
Руткевічы|остановка транспорта|||53.5783207|24.7490941|||[]||||[]|osm_poi:node/2304001997
Рэзы-1|остановка транспорта|||53.5882424|24.7462786|||[]||||[]|osm_poi:node/2304001998
МПМК-166|остановка транспорта|||53.6286712|24.7255535|||[]||||[]|osm_poi:node/2304001999
МПМК-166|остановка транспорта|||53.6303507|24.724798|||[]||||[]|osm_poi:node/2304002000
Тапілішкі-1|остановка транспорта|||53.6320412|24.7182245|||[]||||[]|osm_poi:node/2304002001
Тапілішкі-1|остановка транспорта|||53.6325205|24.7161007|||[]||||[]|osm_poi:node/2304002002
Остановка|остановка транспорта|||53.6383963|24.6800915|||[]||||[]|osm_poi:node/2304002003
Остановка|остановка транспорта|||53.639097|24.6768007|||[]||||[]|osm_poi:node/2304002004
Ляшчанка|остановка транспорта|||53.6428643|24.6550895|||[]||||[]|osm_poi:node/2304002005
Ляшчанка|остановка транспорта|||53.6437667|24.6521126|||[]||||[]|osm_poi:node/2304002006
Остановка|остановка транспорта|||53.6454705|24.6439425|||[]||||[]|osm_poi:node/2304002007
Остановка|остановка транспорта|||53.6464262|24.6420814|||[]||||[]|osm_poi:node/2304002008
Андрушоўцы|остановка транспорта|||53.6604195|24.6288518|||[]||||[]|osm_poi:node/2304002009
Андрушоўцы|остановка транспорта|||53.661473|24.6280629|||[]||||[]|osm_poi:node/2304002010
Остановка|остановка транспорта|||53.6820814|24.5990652|||[]||||[]|osm_poi:node/2304002011
Остановка|остановка транспорта|||53.6834162|24.597807|||[]||||[]|osm_poi:node/2304002012
Вялікая Капліца|остановка транспорта|||53.6913978|23.8921717|||[]||||[]|osm_poi:node/2304002014
Остановка|остановка транспорта|||53.6929384|23.9228657|||[]||||[]|osm_poi:node/2304002017
Путрышкі|остановка транспорта|||53.6953637|23.9291944|||[]||||[]|osm_poi:node/2304002018
Остановка|остановка транспорта|||53.6970432|24.0178781|||[]||||[]|osm_poi:node/2304002019
Остановка|остановка транспорта|||53.7011968|23.9715907|||[]||||[]|osm_poi:node/2304002028
Остановка|остановка транспорта|||53.7085737|24.5646611|||[]||||[]|osm_poi:node/2304002032
Остановка|остановка транспорта|||53.7101008|24.5633102|||[]||||[]|osm_poi:node/2304002040
Остановка|остановка транспорта|||53.7107133|24.0705418|||[]||||[]|osm_poi:node/2304002041
Табольская Будка|остановка транспорта|||53.7213034|24.0818194|||[]||||[]|osm_poi:node/2304002042
Остановка|остановка транспорта|||53.7214957|24.3060763|||[]||||[]|osm_poi:node/2304002043
Остановка|остановка транспорта|||53.7217999|24.3051833|||[]||||[]|osm_poi:node/2304002044
Остановка|остановка транспорта|||53.7230224|24.244434|||[]||||[]|osm_poi:node/2304002046
Остановка|остановка транспорта|||53.7231065|24.2439575|||[]||||[]|osm_poi:node/2304002049
Остановка|остановка транспорта|||53.7277906|24.5310481|||[]||||[]|osm_poi:node/2304002051
Остановка|остановка транспорта|||53.7280359|24.5307767|||[]||||[]|osm_poi:node/2304002052
Остановка|остановка транспорта|||53.7292691|24.1034392|||[]||||[]|osm_poi:node/2304002054
аўтастанцыя Астрына|остановка транспорта|||53.7293239|24.522734|||[]||||[]|osm_poi:node/2304002055
Остановка|остановка транспорта|||53.7293877|24.102702|||[]||||[]|osm_poi:node/2304002056
Остановка|остановка транспорта|||53.7303644|24.3828922|||[]||||[]|osm_poi:node/2304002059
Остановка|остановка транспорта|||53.7304831|24.3867078|||[]||||[]|osm_poi:node/2304002063
Остановка|остановка транспорта|||53.7307187|24.4409343|||[]||||[]|osm_poi:node/2304002064
Остановка|остановка транспорта|||53.731072|24.4395811|||[]||||[]|osm_poi:node/2304002065
Остановка|остановка транспорта|||53.7338898|24.4179212|||[]||||[]|osm_poi:node/2304002066
Остановка|остановка транспорта|||53.7341361|24.4172798|||[]||||[]|osm_poi:node/2304002067
Остановка|остановка транспорта|||53.7375754|24.5344006|||[]||||[]|osm_poi:node/2304002070
Остановка|остановка транспорта|||53.738713|24.535097|||[]||||[]|osm_poi:node/2304002073
станцыя Ражанка|остановка транспорта|||53.5599461|24.7902415|||[]||||[]|osm_poi:node/2304012838
станцыя Ражанка|остановка транспорта|||53.5602398|24.7884371|||[]||||[]|osm_poi:node/2304012839
магазін таварыства «Гродна Культторг»|остановка транспорта|||53.6905|23.8711054|||[]||||[]|osm_poi:node/2304012840
магазін таварыства «Гродна Культторг»|остановка транспорта|||53.6906121|23.8689653|||[]||||[]|osm_poi:node/2304012841
Вуліца Мікалаева|остановка транспорта|||53.665383|23.8115341|||[]||||[]|osm_poi:node/2305636872
Вуліца Мікалаева|остановка транспорта|||53.6653367|23.810072|||[]||||[]|osm_poi:node/2305636876
возера Юбілейнае|остановка транспорта|||53.6455853|23.7493453|||[]||||[]|osm_poi:node/2313346997
1000 и одна ночь|кафе|||53.6508899|23.8291273|||[]|Tu-Su 16:00-00:00|||[]|osm_poi:node/2314589039
Заўжды цікаVа|кафе||Гродна|53.6394966|23.8406244|||[]|24/7|||[]|osm_poi:node/2315633120
Туалет|туалет|||53.1207755|23.9103133|||[]||||[]|osm_poi:node/2316278488
Туалет|туалет|||53.1169409|23.94057|||[]||||[]|osm_poi:node/2316489421
Аграсядзіба «У Яніны»|гостиница|||54.3893281|25.8775573|||[]||||[]|osm_poi:node/2319702194
магазін «Родны кут»|остановка транспорта|||53.7136929|23.8665244|||[]||||[]|osm_poi:node/2342024542
Дзевятоўка–7|остановка транспорта|||53.7133391|23.8719436|||[]||||[]|osm_poi:node/2342024681
Дзевятоўка–4|остановка транспорта|||53.7153163|23.8575338|||[]||||[]|osm_poi:node/2343656190
База камплектацыі|остановка транспорта|||53.6627892|23.9401753|||[]||||[]|osm_poi:node/2343901434
База камплектацыі|остановка транспорта|||53.6632129|23.938172|||[]||||[]|osm_poi:node/2343901435
Белдругпалімер|остановка транспорта|||53.661053|23.9540158|||[]||||[]|osm_poi:node/2343901436
БДУ-4|остановка транспорта|||53.6638389|23.9318832|||[]||||[]|osm_poi:node/2343901439
БУ–178|остановка транспорта|||53.6654665|23.9190127|||[]||||[]|osm_poi:node/2343901440
ЦЭЦ–2|остановка транспорта|||53.6648785|23.9238714|||[]||||[]|osm_poi:node/2343901441
Гожа|остановка транспорта|||53.8127817|23.8611869|||[]||||[]|osm_poi:node/2345811330
вуліца Гожская|остановка транспорта|||53.754357|23.8247977|||[]||||[]|osm_poi:node/2345811336
Крынічная|остановка транспорта|||53.8385232|23.8935326|||[]||||[]|osm_poi:node/2345811343
Крынічная|остановка транспорта|||53.8396586|23.8938521|||[]||||[]|osm_poi:node/2345811347
Райста|остановка транспорта|||53.8301693|23.8830323|||[]||||[]|osm_poi:node/2345811355
Остановка|остановка транспорта|||53.7669324|23.8367636|||[]||||[]|osm_poi:node/2345811545
Остановка|остановка транспорта|||53.8210762|23.8696359|||[]||||[]|osm_poi:node/2345811625
Мерацкая застава|остановка транспорта|||53.7326706|23.8185088|||[]||||[]|osm_poi:node/2345811683
Мерацкая застава|остановка транспорта|||53.7334286|23.8189971|||[]||||[]|osm_poi:node/2345811687
Азот|остановка транспорта|||53.6689465|23.8917615|||[]||||[]|osm_poi:node/2347003865
Заправачная станцыя|остановка транспорта|||54.4256329|25.9066861|||[]||||[]|osm_poi:node/2355910718
Заправачная станцыя|остановка транспорта|||54.425872|25.9045014|||[]||||[]|osm_poi:node/2355910719
Аграпрамтэхніка|остановка транспорта|||54.4218964|25.8980628|||[]||||[]|osm_poi:node/2355910720
БТІ|остановка транспорта|||54.4281421|25.9440362|||[]||||[]|osm_poi:node/2355910721
БТІ|остановка транспорта|||54.4281838|25.9436628|||[]||||[]|osm_poi:node/2355910722
Гасцініца|остановка транспорта|||54.4275096|25.941771|||[]||||[]|osm_poi:node/2355910726
Дом піянераў|остановка транспорта|||54.4291212|25.9468597|||[]||||[]|osm_poi:node/2355910727
Дом піянераў|остановка транспорта|||54.4293478|25.9485121|||[]||||[]|osm_poi:node/2355910728
Каледж|остановка транспорта|||54.4303568|25.9516225|||[]||||[]|osm_poi:node/2355910729
Каледж|остановка транспорта|||54.4305042|25.9528831|||[]||||[]|osm_poi:node/2355910730
вуліца Кааператыўная|остановка транспорта|||54.4254347|25.9211455|||[]||||[]|osm_poi:node/2355910731
Кракоўка-1|остановка транспорта|||54.4375027|25.9789392|||[]||||[]|osm_poi:node/2355910733
Людзвінова|остановка транспорта|||54.4361692|25.9737883|||[]||||[]|osm_poi:node/2355910736
Людзвінова|остановка транспорта|||54.4362822|25.9736297|||[]||||[]|osm_poi:node/2355910737
квартал Будаўнікоў|остановка транспорта|||54.4325795|25.960469|||[]||||[]|osm_poi:node/2355910742
квартал Будаўнікоў|остановка транспорта|||54.4320978|25.9578742|||[]||||[]|osm_poi:node/2355910743
мікрараён Заходні|остановка транспорта|||54.4254986|25.9149305|||[]||||[]|osm_poi:node/2355910744
мікрараён Заходні|остановка транспорта|||54.4257375|25.9134818|||[]||||[]|osm_poi:node/2355910745
плошча 17 Верасня|остановка транспорта|||54.4242742|25.9355568|||[]||||[]|osm_poi:node/2355910746
плошча 17 Верасня|остановка транспорта|||54.4248807|25.9359389|||[]||||[]|osm_poi:node/2355910747
Багданішкі|остановка транспорта|||54.4195804|25.976555|||[]||||[]|osm_poi:node/2355919101
Бальніца|остановка транспорта|||54.4242608|25.9620908|||[]||||[]|osm_poi:node/2355919111
Бальніца|остановка транспорта|||54.425043|25.9629311|||[]||||[]|osm_poi:node/2355919118
Масласырзавод|остановка транспорта|||54.4181883|25.9272823|||[]||||[]|osm_poi:node/2355919123
Гартоп|остановка транспорта|||54.4185388|25.9284841|||[]||||[]|osm_poi:node/2355919128
Ільнозавод|остановка транспорта|||54.4215609|25.9704471|||[]||||[]|osm_poi:node/2355919135
Повішні-1|остановка транспорта|||54.4139132|25.9170261|||[]||||[]|osm_poi:node/2355919141
Повішні-1|остановка транспорта|||54.4140084|25.9176603|||[]||||[]|osm_poi:node/2355919147
Хлебзавод|остановка транспорта|||54.4163015|25.9231661|||[]||||[]|osm_poi:node/2355919157
Городница|кафе||Гродна|53.6881097|23.835877|||[]|Mo-Fr 11:00-16:00, 17:00-22:00; Sa-Su 11:00-16:00, 17:00-22:00|||[]|osm_poi:node/2360495694
Галактика|кафе|||54.424093|25.9342332|||[]||||[]|osm_poi:node/2360724509
ЗОВ|остановка транспорта|||53.7196216|23.8234482|||[]||||[]|osm_poi:node/2360729268
Садаводчыя ўчасткі|остановка транспорта|||54.4123014|25.9969863|||[]||||[]|osm_poi:node/2362006187
Садаводчыя ўчасткі|остановка транспорта|||54.4127873|25.9962673|||[]||||[]|osm_poi:node/2362006192
"магазін ""Фламінга"""|остановка транспорта|||53.6635346|23.7840929|||[]||||[]|osm_poi:node/2364941426
220-е упраўленне|остановка транспорта|||53.6595362|23.7905084|||[]||||[]|osm_poi:node/2365478950
Міні-рынак|остановка транспорта|||53.6654514|23.7870792|||[]||||[]|osm_poi:node/2365478997
Остановка|остановка транспорта|||53.4424932|23.9317067|||[]||||[]|osm_poi:node/2366933591
ГАП № 1|остановка транспорта|||53.652587|23.7909421|||[]||||[]|osm_poi:node/2369278302
вуліца Данілава|остановка транспорта|||53.6562776|23.7831889|||[]||||[]|osm_poi:node/2369278315
Hello, Grodno!|гостиница||Гродна|53.67981|23.8337864|||[]||||[]|osm_poi:node/2385836555
Галаўлі|остановка транспорта|||53.4728684|25.4896559|||[]||||[]|osm_poi:node/2389865781
Галаўлі|остановка транспорта|||53.4730389|25.4878348|||[]||||[]|osm_poi:node/2389865782
Туалет|туалет|||53.5989551|23.7385084|||[]||no||[]|osm_poi:node/2394462882
Остановка|остановка транспорта|||53.6043447|23.7493807|||[]||||[]|osm_poi:node/2394529663
Аграсядзіба «Каланая»|гостиница|||52.9470848|24.0035756|||[]||||[]|osm_poi:node/2403669784
Гасцявыя пакоі|гостиница|||52.8772371|24.0832437|||[]||||[]|osm_poi:node/2403669785
Расолішкі|остановка транспорта|||53.9830377|26.3057148|||[]||||[]|osm_poi:node/2411136566
Расолішкі|остановка транспорта|||53.9829717|26.3016324|||[]||||[]|osm_poi:node/2411136568
Столовая Для Вас|ресторан|||53.783023|24.8488244|||[]||||[]|osm_poi:node/2411884901
Лапаты|остановка транспорта|||53.5565717|24.8608173|||[]||||[]|osm_poi:node/2434583433
Лапаты|остановка транспорта|||53.5573131|24.8627211|||[]||||[]|osm_poi:node/2434583442
Ляшчанка|остановка транспорта|||53.6423601|24.6582745|||[]||||[]|osm_poi:node/2435676660
Золотой берег|ресторан|||53.6038678|24.7421688|||[]||||[]|osm_poi:node/2439795199
Паўлінка|гостиница|||53.6050668|24.7415042|||[]||||[]|osm_poi:node/2439795205
Утульнасць|гостиница|||53.6048776|24.7433027|||[]||||[]|osm_poi:node/2439795208
Галынка|остановка транспорта|||53.5578948|24.8220214|||[]||||[]|osm_poi:node/2446154141
Галынка|остановка транспорта|||53.5581464|24.8200691|||[]||||[]|osm_poi:node/2446154144
Остановка|остановка транспорта|||53.4940783|24.8512267|||[]||||[]|osm_poi:node/2446437880
Остановка|остановка транспорта|||53.4963447|24.8490709|||[]||||[]|osm_poi:node/2446437895
Гірдзеўка|остановка транспорта|||53.5628495|24.7495401|||[]||||[]|osm_poi:node/2449709486
Гірдзеўка|остановка транспорта|||53.5649116|24.7500511|||[]||||[]|osm_poi:node/2449709487
Остановка|остановка транспорта|||53.5400711|24.7533475|||[]||||[]|osm_poi:node/2450857748
Кансервавы завод|остановка транспорта|||53.6445238|23.7772737|||[]||||[]|osm_poi:node/2453208155
Вуліца Паўднёвая|остановка транспорта|||53.6434019|23.870382|||[]||||[]|osm_poi:node/2453208156
Остановка|остановка транспорта|||53.5341845|24.7296253|||[]||||[]|osm_poi:node/2454804388
Остановка|остановка транспорта|||53.5378199|24.7405991|||[]||||[]|osm_poi:node/2454805521
Остановка|остановка транспорта|||53.538324|24.7404982|||[]||||[]|osm_poi:node/2454805659
Карсакі|остановка транспорта|||53.5657896|24.8792909|||[]||||[]|osm_poi:node/2462243259
Карсакі|остановка транспорта|||53.5662727|24.880963|||[]||||[]|osm_poi:node/2462243260
Остановка|остановка транспорта|||53.569289|24.8923382|||[]||||[]|osm_poi:node/2462243445
Остановка|остановка транспорта|||53.5697255|24.8948906|||[]||||[]|osm_poi:node/2462243461
Остановка|остановка транспорта|||53.571735|24.9172161|||[]||||[]|osm_poi:node/2462243596
Остановка|остановка транспорта|||53.5718393|24.9165606|||[]||||[]|osm_poi:node/2462243602
Зенюкі|остановка транспорта|||53.5738546|24.9515436|||[]||||[]|osm_poi:node/2464767132
Зенюкі|остановка транспорта|||53.5739403|24.9508014|||[]||||[]|osm_poi:node/2464767138
Остановка|остановка транспорта|||53.5861166|24.9761457|||[]||||[]|osm_poi:node/2464768213
Остановка|остановка транспорта|||53.5870228|24.9770685|||[]||||[]|osm_poi:node/2464768272
Забалаць|остановка транспорта|||53.6289318|24.9646934|||[]||||[]|osm_poi:node/2466631991
Забалаць|остановка транспорта|||53.6311149|24.9665686|||[]||||[]|osm_poi:node/2466631998
Фарны Канец|остановка транспорта|||53.6056168|24.9586807|||[]||||[]|osm_poi:node/2466632004
Фарны Канец|остановка транспорта|||53.6060939|24.9590084|||[]||||[]|osm_poi:node/2466632011
Остановка|остановка транспорта|||53.648867|24.9721283|||[]||||[]|osm_poi:node/2466638444
Остановка|остановка транспорта|||53.6843682|24.9835325|||[]||||[]|osm_poi:node/2470591127
Остановка|остановка транспорта|||53.6856887|24.9834932|||[]||||[]|osm_poi:node/2470591394
Сарокі|остановка транспорта|||53.4873637|24.8966606|||[]||||[]|osm_poi:node/2470835441
Сарокі|остановка транспорта|||53.4880815|24.9008214|||[]||||[]|osm_poi:node/2470835446
Остановка|остановка транспорта|||53.4865794|24.8836887|||[]||||[]|osm_poi:node/2470835588
Остановка|остановка транспорта|||53.4865794|24.8845999|||[]||||[]|osm_poi:node/2470835592
Остановка|остановка транспорта|||53.5332358|24.9779335|||[]||||[]|osm_poi:node/2470835808
Остановка|остановка транспорта|||53.5348115|24.9795134|||[]||||[]|osm_poi:node/2470835811
Баяры Жалудоцкія|остановка транспорта|||53.5576274|24.9734802|||[]||||[]|osm_poi:node/2470835848
Баяры Жалудоцкія|остановка транспорта|||53.5592476|24.9738244|||[]||||[]|osm_poi:node/2470835864
Белдругпалімер|остановка транспорта|||53.6605714|23.9547354|||[]||||[]|osm_poi:node/2495997350
Шчачынова|остановка транспорта|||53.6538347|23.9646773|||[]||||[]|osm_poi:node/2495997355
Шчачынова|остановка транспорта|||53.65531|23.9647852|||[]||||[]|osm_poi:node/2495997359
паварот на Аульс|остановка транспорта|||53.6593804|23.9611232|||[]||||[]|osm_poi:node/2495997364
Заўжды цікаVа|кафе||Гродна|53.6716087|23.762432|||[]||||[]|osm_poi:node/2501222563
Туалет|туалет|||53.6716562|23.7623157|||[]||||[]|osm_poi:node/2501222577
Остановка|остановка транспорта|||54.1500058|25.3135126|||[]||||[]|osm_poi:node/2509176853
Остановка|остановка транспорта|||53.1930891|24.4175419|||[]||||[]|osm_poi:node/2509455643
Остановка|остановка транспорта|||53.1980174|24.4209955|||[]||||[]|osm_poi:node/2509455723
Остановка|остановка транспорта|||53.1985177|24.4207626|||[]||||[]|osm_poi:node/2509455727
Турʼя|остановка транспорта|||53.5876872|24.7001543|||[]||||[]|osm_poi:node/2509614231
Сасноўка|остановка транспорта|||54.5455863|26.4509136|||[]||||[]|osm_poi:node/2512887984
Сасноўка|остановка транспорта|||54.5456558|26.451629|||[]||||[]|osm_poi:node/2512887986
Гарыдзеняты|остановка транспорта|||54.5557945|26.4681943|||[]||||[]|osm_poi:node/2512888158
Гарыдзеняты|остановка транспорта|||54.5562362|26.4696149|||[]||||[]|osm_poi:node/2512888166
Остановка|остановка транспорта|||53.2056411|24.4244045|||[]||||[]|osm_poi:node/2526515071
Остановка|остановка транспорта|||53.2065176|24.4255449|||[]||||[]|osm_poi:node/2526515083
Остановка|остановка транспорта|||53.2187825|24.4331665|||[]||||[]|osm_poi:node/2526515547
Остановка|остановка транспорта|||53.2191289|24.4335807|||[]||||[]|osm_poi:node/2526515566
Ясенавіца|остановка транспорта|||53.1180453|24.4801581|||[]||||[]|osm_poi:node/2529620529
Ясенавіца|остановка транспорта|||53.1186354|24.4803211|||[]||||[]|osm_poi:node/2529620736
Паварот на Ясенавіцу|остановка транспорта|||53.1409625|24.4782452|||[]||||[]|osm_poi:node/2529622071
Остановка|остановка транспорта|||53.1425678|24.4817653|||[]||||[]|osm_poi:node/2529622114
Остановка|остановка транспорта|||53.1427302|24.4810711|||[]||||[]|osm_poi:node/2529622120
Бялькішкі|остановка транспорта|||54.6136564|25.9938819|||[]||||[]|osm_poi:node/2538794852
Бялькішкі|остановка транспорта|||54.6140116|25.9924735|||[]||||[]|osm_poi:node/2538794853
Арджанікідзэ|остановка транспорта|||53.5956506|24.7223359|||[]||||[]|osm_poi:node/2563387236
Арджанікідзэ|остановка транспорта|||53.5957604|24.7230627|||[]||||[]|osm_poi:node/2563387938
вуліца Леніна|остановка транспорта|||53.5934627|24.7183981|||[]||||[]|osm_poi:node/2563388836
вуліца Леніна|остановка транспорта|||53.5935893|24.7180357|||[]||||[]|osm_poi:node/2563388957
Буйвічы|остановка транспорта|||53.5901998|24.7112825|||[]||||[]|osm_poi:node/2563390815
Буйвічы|остановка транспорта|||53.5905007|24.7121972|||[]||||[]|osm_poi:node/2563392147
Турʼя|остановка транспорта|||53.5875617|24.6994272|||[]||||[]|osm_poi:node/2563393809
Янчукі|остановка транспорта|||53.600472|24.6884784|||[]||||[]|osm_poi:node/2563395496
Хлебазавод|остановка транспорта|||53.5979302|24.7434167|||[]||||[]|osm_poi:node/2563420698
Гасмаг|остановка транспорта|||53.595896|24.743742|||[]||||[]|osm_poi:node/2563421094
Масласырзавод|остановка транспорта|||53.5925767|24.7446178|||[]||||[]|osm_poi:node/2563421407
Масласырзавод|остановка транспорта|||53.592384|24.7449701|||[]||||[]|osm_poi:node/2563421409
Рэзы-1|остановка транспорта|||53.5873045|24.7462987|||[]||||[]|osm_poi:node/2563422093
Школа №3|остановка транспорта|||53.5973719|24.7302462|||[]||||[]|osm_poi:node/2563430516
Саволеўка|остановка транспорта|||53.5988232|24.1293733|||[]||||[]|osm_poi:node/2567080480
пасёлак Берагавы|остановка транспорта|||53.6470329|23.987403|||[]||||[]|osm_poi:node/2567082204
Механічны завод|остановка транспорта|||53.6771025|23.8890765|||[]||||[]|osm_poi:node/2567084046
Остановка|остановка транспорта|||53.6132257|24.7298908|||[]||||[]|osm_poi:node/2573295903
Остановка|остановка транспорта|||53.6118435|24.7307653|||[]||||[]|osm_poi:node/2573296036
вуліца Будзёнага|остановка транспорта|||53.6829179|23.8451479|||[]||||[]|osm_poi:node/2574266485
KFC|кафе||Гродна|53.6510683|23.8324705|||[]|Mo-Tu,Th 10:00-22:00; We,Fr-Su 10:00-23:00|||[]|osm_poi:node/2596391064
Остановка|остановка транспорта|||53.6649032|24.0205811|||[]||||[]|osm_poi:node/2601994902
Каралеўскае паляванне|ресторан||Гродна|53.6826254|23.8334814|||[]|Mo-Su 12:00-00:00|||[]|osm_poi:node/2605071562
Рыбгас|остановка транспорта|||53.614439|23.7550169|||[]||||[]|osm_poi:node/2607688531
Рыбгас|остановка транспорта|||53.6165627|23.7543388|||[]||||[]|osm_poi:node/2607688533
Чахаўшчызна|остановка транспорта|||53.6217898|23.7509818|||[]||||[]|osm_poi:node/2607688534
Чахаўшчызна|остановка транспорта|||53.6233168|23.7505984|||[]||||[]|osm_poi:node/2607688535
пав. Вучэбны к-т ПТ|остановка транспорта|||53.6304997|23.7463515|||[]||||[]|osm_poi:node/2607688536
Гранд|кафе|||53.8935822|25.3010269|||[]|Mo-Fr 11:00-24:00; Sa-Su 14:00-24:00|||[]|osm_poi:node/2607718367
Кантынент|гостиница|||53.8935961|25.2997515|||[]|24/7|||[]|osm_poi:node/2607722322
Остановка|остановка транспорта|||53.872763|23.6767301|||[]||||[]|osm_poi:node/2609201720
Гасцініца|остановка транспорта|||53.4121078|24.5416061|||[]||||[]|osm_poi:node/2619498988
Пошта|остановка транспорта|||53.4132408|24.5434822|||[]||||[]|osm_poi:node/2619499008
вуліца Леніна|остановка транспорта|||53.4147286|24.5347104|||[]||||[]|osm_poi:node/2619499035
вуліца Леніна|остановка транспорта|||53.4155438|24.5353746|||[]||||[]|osm_poi:node/2619499051
Бальніца|остановка транспорта|||53.4160686|24.5533896|||[]||||[]|osm_poi:node/2619499072
Бальніца|остановка транспорта|||53.4161011|24.5517161|||[]||||[]|osm_poi:node/2619499075
Міхайлаўка|остановка транспорта|||53.4167606|24.5590417|||[]||||[]|osm_poi:node/2619499103
Міхайлаўка|остановка транспорта|||53.4167948|24.5610442|||[]||||[]|osm_poi:node/2619499104
Сельгастэхніка|остановка транспорта|||53.4200337|24.5578048|||[]||||[]|osm_poi:node/2619499291
Матарыст|остановка транспорта|||53.4212972|24.5382239|||[]||||[]|osm_poi:node/2619499415
Чыгуначны вакзал|остановка транспорта|||53.4279178|24.5416063|||[]||||[]|osm_poi:node/2619499515
Вішнявец–5|остановка транспорта|||53.6401493|23.8625273|||[]||||[]|osm_poi:node/2623160552
Станцыя пералівання крыві|остановка транспорта|||53.644965|23.8586668|||[]||||[]|osm_poi:node/2630823976
Станцыя пералівання крыві|остановка транспорта|||53.6469405|23.8652956|||[]||||[]|osm_poi:node/2631283640
Дзевятоўка–4|остановка транспорта|||53.7146799|23.8597169|||[]||||[]|osm_poi:node/2645279075
Сярэдняя школа №1|остановка транспорта|||53.5855412|24.2497312|||[]||||[]|osm_poi:node/2650479181
Сярэдняя школа №1|остановка транспорта|||53.5860483|24.2499172|||[]||||[]|osm_poi:node/2650479185
паварот на Аульс|остановка транспорта|||53.659721|23.9629757|||[]||||[]|osm_poi:node/2651575220
Неман|ресторан||Гродна|53.6767674|23.8302147|||[]|Mo-Tu 07:00-24:00; Fr-Sa 07:00-02:00, Su 07:00-24:00|||[]|osm_poi:node/2653872413
Пивной ресторан Неман|ресторан||Гродна|53.6768931|23.8302989|||[]|Mo-Th 12:00-24:00; Fr-Sa 12:00-02:00, Su 12:00-24:00|||[]|osm_poi:node/2653872419
Столовая ОАО «СМТ №19»|кафе|||53.887562|25.3013277|||[]|Mo-Fr 10:00-17:00|||[]|osm_poi:node/2655948750
Каприз|кафе|||54.4317338|25.9555568|||[]||||[]|osm_poi:node/2659190092
Domino's|кафе|||53.7111711|23.8486198|||[]|Fr-Sa 11:00-23:00; Mo-Th,Su 11:00-22:00|||[]|osm_poi:node/2660413104
Дзевятоўка–7|остановка транспорта|||53.7135961|23.8658119|||[]||||[]|osm_poi:node/2660413107
ЭЛЕН|кафе|||53.6118145|24.7370492|||[]|18:00-00:00|||[]|osm_poi:node/2665106150
Туалет|туалет|||53.891985|25.3040033|||[]||no||[]|osm_poi:node/2674556035
сядзіба СВК «Агра-Ліпнішкі»|гостиница|||54.0050203|25.6074337|||[]||||[]|osm_poi:node/2677660311
Сабор|остановка транспорта|||53.6850408|23.841992|||[]||||[]|osm_poi:node/2690057477
Жалудок|остановка транспорта|||53.5988732|24.9812914|||[]||||[]|osm_poi:node/2691023785
Смалярня|остановка транспорта|||53.7033796|24.915998|||[]||||[]|osm_poi:node/2709740112
Шпількі|остановка транспорта|||53.7161443|24.954346|||[]||||[]|osm_poi:node/2709740540
Шпількі|остановка транспорта|||53.7171315|24.9571878|||[]||||[]|osm_poi:node/2709740543
Феліксова|остановка транспорта|||53.7466435|25.0159345|||[]||||[]|osm_poi:node/2709741150
Феліксова|остановка транспорта|||53.7476184|25.0195182|||[]||||[]|osm_poi:node/2709741180
Гасцілаўцы|остановка транспорта|||53.7275666|24.9755005|||[]||||[]|osm_poi:node/2709811920
Остановка|остановка транспорта|||53.724663|24.7598784|||[]||||[]|osm_poi:node/2710350943
Остановка|остановка транспорта|||53.7254395|24.759682|||[]||||[]|osm_poi:node/2710350960
Вішнявец–5|остановка транспорта|||53.6372841|23.8571582|||[]||||[]|osm_poi:node/2712199749
Остановка|остановка транспорта|||53.1764494|24.3317769|||[]||||[]|osm_poi:node/2719805189
Остановка|остановка транспорта|||53.1766182|24.3309034|||[]||||[]|osm_poi:node/2719805197
Ваўковічы|остановка транспорта|||53.5900337|25.9593346|||[]||||[]|osm_poi:node/2730519889
Ваўковічы|остановка транспорта|||53.5902472|25.9587172|||[]||||[]|osm_poi:node/2730519904
Остановка|остановка транспорта|||53.591211|25.9184257|||[]||||[]|osm_poi:node/2730519927
Паланая|остановка транспорта|||53.5963398|26.051374|||[]||||[]|osm_poi:node/2730519981
Паланая|остановка транспорта|||53.5964261|26.0492301|||[]||||[]|osm_poi:node/2730519987
Остановка|остановка транспорта|||53.3110985|24.203623|||[]||||[]|osm_poi:node/2749554586
Касілы|остановка транспорта|||53.4181778|24.2853351|||[]||||[]|osm_poi:node/2749616319
Касілы|остановка транспорта|||53.4203883|24.2849263|||[]||||[]|osm_poi:node/2749616338
Остановка|остановка транспорта|||53.1386717|24.9306992|||[]||||[]|osm_poi:node/2750885134
Стары Дворац|остановка транспорта|||53.2601858|24.1063008|||[]||||[]|osm_poi:node/2760630032
Санаторый Баравічок|гостиница|||53.5341444|25.4984009|||[]||||[]|osm_poi:node/2766722481
Санаторый Пралеска|гостиница|||53.234779|24.436233|||[]||||[]|osm_poi:node/2766722567
Санаторый Радон|гостиница|||53.5174935|25.503186|||[]||||[]|osm_poi:node/2766722596
Санаторый Вясёлка|гостиница|||53.751577|25.455138|||[]||||[]|osm_poi:node/2766722599
Санаторый Свіцязь|гостиница|||53.441331|25.915836|||[]||||[]|osm_poi:node/2766722618
Белая сцежка|гостиница|||53.416274|24.8524019|||[]||||[]|osm_poi:node/2766728033
Дом графа Тышкевіча|гостиница|||52.8771074|24.0844794|||[]||||[]|osm_poi:node/2766728064
Турбаза «Азёры»|гостиница|||53.73875|24.1973|||[]||||[]|osm_poi:node/2766728172
Паляўнічы комплекс «Панская сядзіба»|гостиница|||54.6309808|25.8311768|||[]||||[]|osm_poi:node/2766728188
Замак|гостиница|||54.2575729|26.0106573|||[]||||[]|osm_poi:node/2766736578
Мірскі замак|гостиница|||53.4509947|26.4731333|||[]|24/7|||[]|osm_poi:node/2766736614
Валэйкішкі|остановка транспорта|||54.7351844|25.8288814|||[]||||[]|osm_poi:node/2767803308
Араны|остановка транспорта|||53.1375573|24.2904506|||[]||||[]|osm_poi:node/2770252426
Вішнявічы|остановка транспорта|||53.1953534|24.3272732|||[]||||[]|osm_poi:node/2770338267
Вішнявічы|остановка транспорта|||53.1964822|24.3249424|||[]||||[]|osm_poi:node/2770338299
Дыхнавічы|остановка транспорта|||53.2054335|24.3023241|||[]||||[]|osm_poi:node/2770338422
Дыхнавічы|остановка транспорта|||53.2062762|24.3006262|||[]||||[]|osm_poi:node/2770338427
Новая Стража 1|остановка транспорта|||53.0574796|25.4636319|||[]||||[]|osm_poi:node/2791670417
Новая Стража 1|остановка транспорта|||53.0577544|25.461958|||[]||||[]|osm_poi:node/2791670421
Стрэльчыкі|остановка транспорта|||54.4838538|25.8974599|||[]||||[]|osm_poi:node/2801176702
Грынцы|остановка транспорта|||54.4656009|25.9082934|||[]||||[]|osm_poi:node/2801176705
Сухадолы - дачы|остановка транспорта|||54.4935841|25.8959399|||[]||||[]|osm_poi:node/2801176707
Сухадолы - дачы|остановка транспорта|||54.4942704|25.8960712|||[]||||[]|osm_poi:node/2801176708
Куцэвічы|остановка транспорта|||54.3896443|26.1250433|||[]||||[]|osm_poi:node/2801176713
Ліпкі|остановка транспорта|||54.5824797|25.8887774|||[]||||[]|osm_poi:node/2801176715
Малы Гудагай|остановка транспорта|||54.5512343|25.8999993|||[]||||[]|osm_poi:node/2801176716
Мілэйкава|остановка транспорта|||54.2467491|26.3279575|||[]||||[]|osm_poi:node/2801176719
Міхалконі|остановка транспорта|||54.4193102|26.0183524|||[]||||[]|osm_poi:node/2801176720
Навасёлкі|остановка транспорта|||54.4093953|26.0684854|||[]||||[]|osm_poi:node/2801176724
Папелевічы|остановка транспорта|||54.3259171|26.2290059|||[]||||[]|osm_poi:node/2801176725
Пераходы|остановка транспорта|||54.2214117|26.3510347|||[]||||[]|osm_poi:node/2801176726
Слабодка|остановка транспорта|||54.7416103|25.8707288|||[]||||[]|osm_poi:node/2801176733
Станцыя Гудагай|остановка транспорта|||54.5976854|25.9002513|||[]||||[]|osm_poi:node/2801176735
Сухадолы|остановка транспорта|||54.497256|25.8954148|||[]||||[]|osm_poi:node/2801176736
Філіпаны|остановка транспорта|||54.6784324|26.0089805|||[]||||[]|osm_poi:node/2801176740
Шымакі|остановка транспорта|||54.2777959|26.2927253|||[]||||[]|osm_poi:node/2801176741
Станцыя Гудагай|остановка транспорта|||54.5870649|25.890589|||[]||||[]|osm_poi:node/2801176742
Шунэлішкі|остановка транспорта|||54.5576657|25.89794|||[]||||[]|osm_poi:node/2801176743
Ягелаўшчына|остановка транспорта|||54.455674|25.9159218|||[]||||[]|osm_poi:node/2801176744
Ягелаўшчына|остановка транспорта|||54.4562765|25.9159253|||[]||||[]|osm_poi:node/2801176745
Остановка|остановка транспорта|||53.6178041|23.8740164|||[]||||[]|osm_poi:node/2810026653
Старый город|ресторан|||54.4259353|25.9376422|||[]|Mo 11:00-20:00; Tu-Th, Su 11:00-22:00; Fr-Sa 11:00-02:00; Mo[1] off “Санiтарны дзень“|||[]|osm_poi:node/2833362613
Остановка|остановка транспорта|||54.691124|26.0175066|||[]||||[]|osm_poi:node/2841138715
Остановка|остановка транспорта|||54.6921356|26.0179801|||[]||||[]|osm_poi:node/2841138719
Остановка|остановка транспорта|||53.6772835|23.8437119|||[]||||[]|osm_poi:node/2841291366
паварот на Берагавы|остановка транспорта|||53.6499406|23.9911141|||[]||||[]|osm_poi:node/2851107414
паварот на Берагавы|остановка транспорта|||53.6504272|23.990884|||[]||||[]|osm_poi:node/2851107415
вуліца Барунская-2|остановка транспорта|||54.421809|25.9536473|||[]||||[]|osm_poi:node/2863948792
Пясчанка|остановка транспорта|||53.5768814|24.3246099|||[]||||[]|osm_poi:node/2876565418
Остановка|остановка транспорта|||53.1764124|24.3023418|||[]||||[]|osm_poi:node/2882008071
Остановка|остановка транспорта|||53.1765497|24.3041384|||[]||||[]|osm_poi:node/2882008073
Остановка|остановка транспорта|||53.1771092|24.3158901|||[]||||[]|osm_poi:node/2882008081
Остановка|остановка транспорта|||54.1323724|25.112032|||[]||||[]|osm_poi:node/2887637584
Чабрынь|остановка транспорта|||54.0175862|25.5764254|||[]||||[]|osm_poi:node/2896781736
Чабрынь|остановка транспорта|||54.0169179|25.57796|||[]||||[]|osm_poi:node/2896781737
Остановка|остановка транспорта|||54.0393038|25.6030424|||[]||||[]|osm_poi:node/2896791888
Остановка|остановка транспорта|||54.0404064|25.6028859|||[]||||[]|osm_poi:node/2896791889
Остановка|остановка транспорта|||54.0477212|25.6006837|||[]||||[]|osm_poi:node/2896791894
Остановка|остановка транспорта|||54.0777731|25.5906414|||[]||||[]|osm_poi:node/2896791898
Остановка|остановка транспорта|||54.0784718|25.5906253|||[]||||[]|osm_poi:node/2896791899
4-ы Падольны завулак|остановка транспорта|||53.6687527|23.845149|||[]||||[]|osm_poi:node/2897668489
Падлабенне|остановка транспорта|||53.6929871|23.6943259|||[]||||[]|osm_poi:node/2906399043
Падлабенне|остановка транспорта|||53.6945412|23.6931833|||[]||||[]|osm_poi:node/2906399044
Рацічы|остановка транспорта|||53.7654601|23.6610387|||[]||||[]|osm_poi:node/2906399045
Аўтатранспартнік|остановка транспорта|||53.71538|23.6737079|||[]||||[]|osm_poi:node/2906399312
Навумавічы|остановка транспорта|||53.7269097|23.670437|||[]||||[]|osm_poi:node/2906399450
Залессе|остановка транспорта|||54.4276006|26.5455858|||[]||||[]|osm_poi:node/2906763133
Цыбары|остановка транспорта|||53.8463803|25.187038|||[]||||[]|osm_poi:node/2921834557
Цыбары|остановка транспорта|||53.8465106|25.1860556|||[]||||[]|osm_poi:node/2921834558
Заўжды ЦiкаVa|кафе|||53.7086345|23.8391245|||[]|12:00-15:00|||[]|osm_poi:node/2929872139
Заўжды цікаVа|кафе||Гродна|53.709903|23.8391138|||[]|24/7|||[]|osm_poi:node/2929872140
Рэпнікі|остановка транспорта|||53.8015825|25.0965296|||[]||||[]|osm_poi:node/2931006232
Сярэдняя школа №36|остановка транспорта|||53.707251|23.8484697|||[]||||[]|osm_poi:node/2931728291
чыгуначная станцыя Гаўя|остановка транспорта|||53.9795784|25.6549816|||[]||||[]|osm_poi:node/2935043196
Абласная філармонія|остановка транспорта|||53.6675866|23.8201182|||[]||||[]|osm_poi:node/2935153492
Зыгмунцішкі|остановка транспорта|||54.0123431|25.65173|||[]||||[]|osm_poi:node/2935168154
Зыгмунцішкі|остановка транспорта|||54.0123471|25.6523838|||[]||||[]|osm_poi:node/2935170239
Масявічы|остановка транспорта|||53.7405761|25.3630315|||[]||||[]|osm_poi:node/2935635514
Масявічы|остановка транспорта|||53.7408682|25.3623613|||[]||||[]|osm_poi:node/2935635516
Вялікія Канюшаны|остановка транспорта|||53.7439543|25.3244469|||[]||||[]|osm_poi:node/2935649160
Вялікія Канюшаны|остановка транспорта|||53.7444656|25.3216186|||[]||||[]|osm_poi:node/2935649166
Столовая ГрГМУ|кафе|||53.7008289|23.8165539|||[]|Mo-Fr 09:00-16:30|||[]|osm_poi:node/2940748803
Кавалі|остановка транспорта|||54.0310156|25.5316464|||[]||||[]|osm_poi:node/2946403047
Кавалі|остановка транспорта|||54.0305303|25.5331617|||[]||||[]|osm_poi:node/2946403048
Дулькі|остановка транспорта|||54.0324317|25.5241995|||[]||||[]|osm_poi:node/2946403051
Дулькі|остановка транспорта|||54.031956|25.5262779|||[]||||[]|osm_poi:node/2946403052
Остановка|остановка транспорта|||54.033906|25.5053404|||[]||||[]|osm_poi:node/2946403054
Остановка|остановка транспорта|||54.0385087|25.4436306|||[]||||[]|osm_poi:node/2946407893
Остановка|остановка транспорта|||54.0381847|25.4448553|||[]||||[]|osm_poi:node/2946407894
Войтавічы|остановка транспорта|||54.0354151|25.4756365|||[]||||[]|osm_poi:node/2946419850
Войтавічы|остановка транспорта|||54.0352778|25.47798|||[]||||[]|osm_poi:node/2946419851
міні-рынак Дзевятоўка|остановка транспорта|||53.7069417|23.8409506|||[]||||[]|osm_poi:node/2947311921
Татарка|остановка транспорта|||53.6313578|23.6914429|||[]||||[]|osm_poi:node/2948305629
Татарка|остановка транспорта|||53.6317565|23.6907311|||[]||||[]|osm_poi:node/2948305630
Дабравольшчына|остановка транспорта|||53.6263142|23.7087721|||[]||||[]|osm_poi:node/2948313170
Остановка|остановка транспорта|||54.1114779|25.6621895|||[]||||[]|osm_poi:node/2967312843
Туалет|туалет|||53.4547158|26.4655381|||[]||||[]|osm_poi:node/2968639633
Рэпнікі|остановка транспорта|||53.8015354|25.0957151|||[]||||[]|osm_poi:node/3001112601
Пільчукі|остановка транспорта|||53.6491635|24.7910739|||[]||||[]|osm_poi:node/3007773199
Пільчукі|остановка транспорта|||53.6497265|24.7929005|||[]||||[]|osm_poi:node/3007773200
паварот на Радзівонішкі|остановка транспорта|||53.7797834|25.0647406|||[]||||[]|osm_poi:node/3007773201
паварот на Радзівонішкі|остановка транспорта|||53.7817054|25.0681072|||[]||||[]|osm_poi:node/3007773202
паварот на Дзітрыкі|остановка транспорта|||53.7526488|25.2166443|||[]||||[]|osm_poi:node/3007816619
паварот на Дзітрыкі|остановка транспорта|||53.7537662|25.2122617|||[]||||[]|osm_poi:node/3007816620
Парачаны|остановка транспорта|||53.7762445|25.168338|||[]||||[]|osm_poi:node/3007817237
Парачаны|остановка транспорта|||53.7767766|25.168115|||[]||||[]|osm_poi:node/3007817239
Тарнова|остановка транспорта|||53.7917934|25.1466013|||[]||||[]|osm_poi:node/3007817256
Тарнова|остановка транспорта|||53.792874|25.1447813|||[]||||[]|osm_poi:node/3007817262
Туалет|туалет|||53.6406546|23.7413089|||[]||||[]|osm_poi:node/3011908025
Туалет|туалет|||53.6413691|23.7419945|||[]||||[]|osm_poi:node/3011908026
Ганчары|остановка транспорта|||53.7345391|25.4135923|||[]||||[]|osm_poi:node/3012744853
Ганчары|остановка транспорта|||53.734785|25.4109475|||[]||||[]|osm_poi:node/3012744854
Байкі|остановка транспорта|||53.6213193|25.7625966|||[]||||[]|osm_poi:node/3012744872
Макрэц|остановка транспорта|||53.6621974|25.6767898|||[]||||[]|osm_poi:node/3012744889
Макрэц|остановка транспорта|||53.6634305|25.6751879|||[]||||[]|osm_poi:node/3012744890
Беневічы|остановка транспорта|||53.7249895|25.4345441|||[]||||[]|osm_poi:node/3012744927
Беневічы|остановка транспорта|||53.7269487|25.4316984|||[]||||[]|osm_poi:node/3012744928
Остановка|остановка транспорта|||53.7391175|25.3768687|||[]||||[]|osm_poi:node/3012745349
Княжеский двор|ресторан|||53.4511565|26.4732277|||[]|Mo-Su 09:00-23:00|||[]|osm_poi:node/3012913733
Пагараны|остановка транспорта|||53.6318478|23.8932772|||[]||||[]|osm_poi:node/3018684261
Остановка|остановка транспорта|||54.0783549|25.267476|||[]||||[]|osm_poi:node/3029331025
Бастуны|остановка транспорта|||54.0791824|25.2721442|||[]||||[]|osm_poi:node/3029334287
Бастуны|остановка транспорта|||54.076095|25.2696595|||[]||||[]|osm_poi:node/3029341147
Балотнікі|остановка транспорта|||54.1133775|25.2816604|||[]||||[]|osm_poi:node/3029358372
Балотнікі|остановка транспорта|||54.1107915|25.2798414|||[]||||[]|osm_poi:node/3029358860
Цыганоўка|остановка транспорта|||53.0154476|24.8983888|||[]||||[]|osm_poi:node/3031189193
Цыганоўка|остановка транспорта|||53.0156356|24.8989697|||[]||||[]|osm_poi:node/3031189197
Падстанцыя|остановка транспорта|||53.2304332|24.4479669|||[]||||[]|osm_poi:node/3072948826
Падстанцыя|остановка транспорта|||53.2315168|24.4487262|||[]||||[]|osm_poi:node/3072948829
Хрустальный|кафе|||53.7174337|25.5071306|||[]||||[]|osm_poi:node/3083303142
Лясніцтва|остановка транспорта|||53.9150603|25.3096955|||[]||||[]|osm_poi:node/3084787987
Малэйкаўшчызна|остановка транспорта|||53.9206332|25.3118337|||[]||||[]|osm_poi:node/3084792345
Пескаўцы|остановка транспорта|||53.5610536|25.168947|||[]||||[]|osm_poi:node/3088902724
Дамуцеўцы|остановка транспорта|||53.6104076|24.6663714|||[]||||[]|osm_poi:node/3089095273
Дамуцеўцы|остановка транспорта|||53.6105433|24.670443|||[]||||[]|osm_poi:node/3089095274
Оркавічы|остановка транспорта|||53.6816315|25.6412167|||[]||||[]|osm_poi:node/3096130692
Школа №3|остановка транспорта|||53.5966691|24.7315552|||[]||||[]|osm_poi:node/3097410202
Лаўрынавічы|остановка транспорта|||52.9142208|24.5616444|||[]||||[]|osm_poi:node/3099448262
Остановка|остановка транспорта|||52.9150866|24.5611179|||[]||||[]|osm_poi:node/3099448280
Элит|кафе|||53.1633036|24.4743583|||[]||||[]|osm_poi:node/3109233636
Остановка|остановка транспорта|||53.7013978|23.9675906|||[]||||[]|osm_poi:node/3110181779
Друкарня|остановка транспорта|||53.8874596|25.2911702|||[]||||[]|osm_poi:node/3126151620
Pizza Smile|кафе||Ліда|53.8930408|25.2963302|||[]|11:00-23:00|||[]|osm_poi:node/3126206141
Бистро|кафе|||53.8909398|25.2961671|||[]|Mo-Th 11:00-24:00; Fr 11:00-01:00; Sa 11:00-01:00; Su 11:00-24:00|||[]|osm_poi:node/3126213951
Кофейня|кафе|||53.891643|25.2951878|||[]|12:00-17:00|||[]|osm_poi:node/3127106962
На хвілінку|кафе|||53.8845656|25.2946799|||[]|09:00-20:00|||[]|osm_poi:node/3127131260
Март|кафе|||53.8973912|25.2908307|||[]|Mo-Th 18:00-01:00; Fr 14:00-02:00; Sa 14:00-02:00; Su 14:00-02:00|||[]|osm_poi:node/3127136734
Прынёманскі|гостиница|||53.7258094|25.4762466|||[]||||[]|osm_poi:node/3136674517
Туалет|туалет|||53.6255421|24.7290483|||[]||no||[]|osm_poi:node/3144432129
Туалет|туалет|||53.6679239|23.8746427|||[]||||[]|osm_poi:node/3144443073
Кулинария|кафе|||53.6985498|23.8079723|||[]|Mo-Sa 09:00-20:00; Su 09:00-19:00|||[]|osm_poi:node/3147980244
Дамуцеўцы|остановка транспорта|||53.6129383|24.6615676|||[]||||[]|osm_poi:node/3151625284
Остановка|остановка транспорта|||53.5874635|24.6267489|||[]||||[]|osm_poi:node/3151728541
Остановка|остановка транспорта|||53.5876995|24.6285394|||[]||||[]|osm_poi:node/3151728553
бульвар князя Гедыміна|остановка транспорта|||53.8873048|25.3002724|||[]||||[]|osm_poi:node/3157462709
вуліца Ленінская|остановка транспорта|||53.8894679|25.2963678|||[]||||[]|osm_poi:node/3157732452
Лідабудматэрыялы|остановка транспорта|||53.93613|25.2647488|||[]||||[]|osm_poi:node/3157732453
Лідабудматэрыялы|остановка транспорта|||53.936331|25.2641537|||[]||||[]|osm_poi:node/3157732454
Прадуктовая крама|остановка транспорта|||53.9088278|25.2867069|||[]||||[]|osm_poi:node/3157732455
Прадуктовая крама|остановка транспорта|||53.9099866|25.2859013|||[]||||[]|osm_poi:node/3157732456
вуліца Шчорса|остановка транспорта|||53.905422|25.290707|||[]||||[]|osm_poi:node/3157732457
вуліца Шчорса|остановка транспорта|||53.9045088|25.291273|||[]||||[]|osm_poi:node/3157732458
Аўтавакзал|остановка транспорта|||53.8835243|25.2946588|||[]||||[]|osm_poi:node/3159010564
Школа №8|остановка транспорта|||53.8999359|25.3119757|||[]||||[]|osm_poi:node/3159010565
Лясніцтва|остановка транспорта|||53.9137511|25.3097864|||[]||||[]|osm_poi:node/3159192717
Бакшты|остановка транспорта|||53.9498289|26.1572729|||[]||||[]|osm_poi:node/3159210025
Лежневічы|остановка транспорта|||53.9064489|26.0387899|||[]||||[]|osm_poi:node/3159211692
Лежневічы|остановка транспорта|||53.9068702|26.0356956|||[]||||[]|osm_poi:node/3159211697
Масты Правыя|остановка транспорта|||53.4256104|24.6260879|||[]||||[]|osm_poi:node/3164364088
Саўэнэрга|остановка транспорта|||53.4344896|24.6356347|||[]||||[]|osm_poi:node/3164367792
Саўэнэрга|остановка транспорта|||53.4359861|24.6357961|||[]||||[]|osm_poi:node/3164369076
вуліца генерала Бяды|остановка транспорта|||53.8874719|25.3147984|||[]||||[]|osm_poi:node/3164399578
вуліца генерала Бяды|остановка транспорта|||53.8871334|25.3161515|||[]||||[]|osm_poi:node/3164399579
крама Віталюр|остановка транспорта|||53.8810319|25.2800567|||[]||||[]|osm_poi:node/3164399580
вуліца Акрэсціна|остановка транспорта|||53.8862516|25.3187245|||[]||||[]|osm_poi:node/3164399581
вуліца Акрэсціна|остановка транспорта|||53.8859952|25.319903|||[]||||[]|osm_poi:node/3164399582
Крама №17|остановка транспорта|||53.8784864|25.2790295|||[]||||[]|osm_poi:node/3164399583
вуліца Куйбышава|остановка транспорта|||53.8972223|25.2776412|||[]||||[]|osm_poi:node/3166462661
вуліца Куйбышава|остановка транспорта|||53.8975137|25.2780896|||[]||||[]|osm_poi:node/3166462662
Паварот|остановка транспорта|||53.9196189|25.2245423|||[]||||[]|osm_poi:node/3166462663
вуліца Фамічова|остановка транспорта|||53.9109286|25.2437322|||[]||||[]|osm_poi:node/3166462665
вуліца Фамічова|остановка транспорта|||53.9114958|25.2429903|||[]||||[]|osm_poi:node/3166462666
вуліца Аэрадромная|остановка транспорта|||53.8867638|25.339689|||[]||||[]|osm_poi:node/3168297683
вуліца Аэрадромная|остановка транспорта|||53.8871871|25.341201|||[]||||[]|osm_poi:node/3168297684
ганлёва-забаўляльны цэнтр ЛідаПарк|остановка транспорта|||53.8956883|25.3204944|||[]||||[]|osm_poi:node/3168297685
вуліца Загародняя|остановка транспорта|||53.8935195|25.347224|||[]||||[]|osm_poi:node/3168297686
вуліца Загародняя|остановка транспорта|||53.8940875|25.3473753|||[]||||[]|osm_poi:node/3168297687
Навасёлкі|остановка транспорта|||53.894437|25.3366015|||[]||||[]|osm_poi:node/3168297688
Навасёлкі|остановка транспорта|||53.8944409|25.3385468|||[]||||[]|osm_poi:node/3168297689
вуліца Паркавая|остановка транспорта|||53.8842023|25.3330734|||[]||||[]|osm_poi:node/3168297690
вуліца Паркавая|остановка транспорта|||53.8844024|25.3339801|||[]||||[]|osm_poi:node/3168297691
паварот Лакафарба|остановка транспорта|||53.892967|25.3249696|||[]||||[]|osm_poi:node/3168297692
Дом рамёстваў|остановка транспорта|||53.8921668|25.3040743|||[]||||[]|osm_poi:node/3168297693
Дом рамёстваў|остановка транспорта|||53.8928741|25.3066276|||[]||||[]|osm_poi:node/3168297694
вуліца Цэнтральная|остановка транспорта|||53.889234|25.3462455|||[]||||[]|osm_poi:node/3168297695
вуліца Цэнтральная|остановка транспорта|||53.8892835|25.3476082|||[]||||[]|osm_poi:node/3168297696
вуліца Таўлая|остановка транспорта|||53.8943441|25.3131166|||[]||||[]|osm_poi:node/3168297697
вуліца Баграціёна|остановка транспорта|||53.8999379|25.2674148|||[]||||[]|osm_poi:node/3168410461
Крама №17|остановка транспорта|||53.8776078|25.2796611|||[]||||[]|osm_poi:node/3168461693
Остановка|остановка транспорта|||53.7752174|23.5740586|||[]||||[]|osm_poi:node/3177438388
Остановка|остановка транспорта|||53.7755941|23.5738314|||[]||||[]|osm_poi:node/3177438434
Остановка|остановка транспорта|||53.2926034|24.4056988|||[]||||[]|osm_poi:node/3196648821
Прыпынак міжгароднага аўтобуса|остановка транспорта|||53.8106512|25.6286661|||[]||||[]|osm_poi:node/3197001057
Остановка|остановка транспорта|||53.6819997|23.7320507|||[]||||[]|osm_poi:node/3208282357
Остановка|остановка транспорта|||53.683179|23.7267483|||[]||||[]|osm_poi:node/3208282358
Сябрына|кафе|||53.891697|25.303582|||[]|Mo-Th 12:00-24:00; Fr 12:00-02:00; Sa 12:00-02:00; Su 12:00-24:00|||[]|osm_poi:node/3213215361
Остановка|остановка транспорта|||53.5136765|24.2504948|||[]||||[]|osm_poi:node/3217879244
Харціца|остановка транспорта|||53.5068465|24.2576462|||[]||||[]|osm_poi:node/3217881814
Харціца|остановка транспорта|||53.5080071|24.2566762|||[]||||[]|osm_poi:node/3217881821
Табачный дворик|кафе|||53.6664798|23.7887348|||[]||||[]|osm_poi:node/3236339917
Pizza&Coffee|кафе||Гродна|53.6634808|23.7847857|||[]|Mo-Su 11:00-23:00|||[]|osm_poi:node/3236339923
Пельменная 1961|ресторан||Гродна|53.6813389|23.8315098|||[]|10:00-23:00|||[]|osm_poi:node/3249314083
Остановка|остановка транспорта|||53.7297029|23.6231581|||[]||||[]|osm_poi:node/3256684977
Остановка|остановка транспорта|||53.7310313|23.622331|||[]||||[]|osm_poi:node/3256685032
Квасовский двор|кафе||Гродна|53.690745|23.8016934|||[]|Mo-Su 12:00-17:00,18:00-24:00|||[]|osm_poi:node/3273395788
вуліца Сацыялістычная|остановка транспорта|||53.6796638|23.8348109|||[]||||[]|osm_poi:node/3298249968
вуліца Сацыялістычная|остановка транспорта|||53.6799956|23.8352542|||[]||||[]|osm_poi:node/3298249969
паварот на Мыто|остановка транспорта|||53.8235631|25.1272042|||[]||||[]|osm_poi:node/3306254073
Філонаўцы|остановка транспорта|||53.8376976|25.4722525|||[]||||[]|osm_poi:node/3306283936
Філонаўцы|остановка транспорта|||53.8370079|25.4694535|||[]||||[]|osm_poi:node/3306283937
Біскупцы|остановка транспорта|||53.8401377|25.5564696|||[]||||[]|osm_poi:node/3306289221
Біскупцы|остановка транспорта|||53.8405699|25.554335|||[]||||[]|osm_poi:node/3306289222
Залейкі|остановка транспорта|||53.8463495|25.6035242|||[]||||[]|osm_poi:node/3306289223
Залейкі|остановка транспорта|||53.8460678|25.6003232|||[]||||[]|osm_poi:node/3306289224
паварот на Бабоўцы|остановка транспорта|||53.8093878|25.1083919|||[]||||[]|osm_poi:node/3306298167
паварот на Бабоўцы|остановка транспорта|||53.8109464|25.1117212|||[]||||[]|osm_poi:node/3306298168
Гостиный двор|гостиница|||53.8457293|25.1865954|||[]|8:00-00:00|||[]|osm_poi:node/3306362472
Турэц|остановка транспорта|||53.5221865|26.3083753|||[]||||[]|osm_poi:node/3308200078
Рапʼёва|остановка транспорта|||53.5246933|26.2759183|||[]||||[]|osm_poi:node/3308200103
Рапʼёва|остановка транспорта|||53.5248826|26.2776681|||[]||||[]|osm_poi:node/3308200106
Тарасавічы|остановка транспорта|||53.5334149|26.2291611|||[]||||[]|osm_poi:node/3308200137
Тарасавічы|остановка транспорта|||53.5342668|26.2261584|||[]||||[]|osm_poi:node/3308200138
Ільназавод|остановка транспорта|||53.5418314|26.1936262|||[]||||[]|osm_poi:node/3308200168
Ільназавод|остановка транспорта|||53.5427199|26.1903784|||[]||||[]|osm_poi:node/3308200175
Кватары|остановка транспорта|||53.1176651|24.0738543|||[]||||[]|osm_poi:node/3318443802
Остановка|остановка транспорта|||54.2974121|26.2742005|||[]||||[]|osm_poi:node/3320650609
Гарбачы|остановка транспорта|||53.1170835|24.0615095|||[]||||[]|osm_poi:node/3321065267
Гарбачы|остановка транспорта|||53.1173838|24.059412|||[]||||[]|osm_poi:node/3321065277
Раднікі|остановка транспорта|||53.1321083|24.2014669|||[]||||[]|osm_poi:node/3321065356
Раднікі|остановка транспорта|||53.1321628|24.1996824|||[]||||[]|osm_poi:node/3321065358
Шылавічы|остановка транспорта|||53.1347027|24.2404987|||[]||||[]|osm_poi:node/3321065464
Шылавічы|остановка транспорта|||53.1348006|24.2442082|||[]||||[]|osm_poi:node/3321065465
Шніпава|остановка транспорта|||53.2253196|24.2619234|||[]||||[]|osm_poi:node/3325567896
Шніпава|остановка транспорта|||53.2265944|24.2598325|||[]||||[]|osm_poi:node/3325567899
Пожаркі|остановка транспорта|||53.2309402|24.2508003|||[]||||[]|osm_poi:node/3325567912
Пожаркі|остановка транспорта|||53.231781|24.2494871|||[]||||[]|osm_poi:node/3325567916
Чырвоны Груд|остановка транспорта|||53.239207|24.2330488|||[]||||[]|osm_poi:node/3325567944
Чырвоны Груд|остановка транспорта|||53.2399942|24.2308378|||[]||||[]|osm_poi:node/3325567947
Славікі|остановка транспорта|||53.2438522|24.2169568|||[]||||[]|osm_poi:node/3325567980
Славікі|остановка транспорта|||53.2443436|24.2157588|||[]||||[]|osm_poi:node/3325567985
Вярэйкі|остановка транспорта|||53.2488595|24.185863|||[]||||[]|osm_poi:node/3325568017
Моцькаўцы|остановка транспорта|||53.2521918|24.1450163|||[]||||[]|osm_poi:node/3325568074
Моцькаўцы|остановка транспорта|||53.2524215|24.1433535|||[]||||[]|osm_poi:node/3325568075
Остановка|остановка транспорта|||53.1178308|24.0175616|||[]||||[]|osm_poi:node/3325641372
Ятаўты|остановка транспорта|||53.118065|24.0376501|||[]||||[]|osm_poi:node/3325641373
Ятаўты|остановка транспорта|||53.1182044|24.0347225|||[]||||[]|osm_poi:node/3325641374
Кукалкі|остановка транспорта|||53.1281884|24.1383594|||[]||||[]|osm_poi:node/3325641376
Кукалкі|остановка транспорта|||53.1285401|24.142273|||[]||||[]|osm_poi:node/3325641377
Мацейкаўшчына|остановка транспорта|||53.2535483|24.1212937|||[]||||[]|osm_poi:node/3325641378
Мацейкаўшчына|остановка транспорта|||53.253736|24.120268|||[]||||[]|osm_poi:node/3325641379
Каленікі|остановка транспорта|||53.2731812|24.0818528|||[]||||[]|osm_poi:node/3325641380
Каленікі|остановка транспорта|||53.2739956|24.0805953|||[]||||[]|osm_poi:node/3325641381
Гольні|остановка транспорта|||53.3061061|24.0187841|||[]||||[]|osm_poi:node/3325641382
Гольні|остановка транспорта|||53.3064114|24.0185335|||[]||||[]|osm_poi:node/3325641383
Туалет|туалет|||53.8904499|25.3133846|||[]||||[]|osm_poi:node/3383951946
Туалет|туалет|||53.8994994|25.2986235|||[]||||[]|osm_poi:node/3383951947
Туалет|туалет|||53.8285278|25.3762499|||[]||||[]|osm_poi:node/3383960777
Туалет|туалет|||53.9316533|25.2633285|||[]||||[]|osm_poi:node/3383965302
Вуліца Асенняя|остановка транспорта|||53.6196045|23.8340726|||[]||||[]|osm_poi:node/3401471833
Еўраопт|остановка транспорта|||53.891341|25.2560158|||[]||||[]|osm_poi:node/3405146218
столовая|кафе|||53.2642098|24.4491815|||[]||||[]|osm_poi:node/3466300461
Туалет|туалет|||54.4914318|26.3648582|||[]||||[]|osm_poi:node/3476063452
Перавозы|остановка транспорта|||54.5010733|26.4398644|||[]||||[]|osm_poi:node/3476122391
Перавозы|остановка транспорта|||54.5023712|26.4411323|||[]||||[]|osm_poi:node/3476122392
Остановка|остановка транспорта|||54.5060375|26.4773051|||[]||||[]|osm_poi:node/3476122449
Укропенка|остановка транспорта|||54.5063519|26.4757331|||[]||||[]|osm_poi:node/3476122467
Остановка|остановка транспорта|||54.5069369|26.4573009|||[]||||[]|osm_poi:node/3476122524
Туалет|туалет|||53.5987549|25.8482808|||[]||||[]|osm_poi:node/3483470857
Туалет|туалет|||53.6028432|25.8082462|||[]|24/7|||[]|osm_poi:node/3483470947
Гасцініца «Жаркаўшчына»|гостиница|||52.8777059|24.085311|||[]||||[]|osm_poi:node/3489576907
Вуліца Вялікая Альшанка|остановка транспорта|||53.6222463|23.8176313|||[]||||[]|osm_poi:node/3505724729
чыгуначная станцыя Гудагай|остановка транспорта|||54.5955052|25.8948547|||[]||||[]|osm_poi:node/3510649834
Масты Правыя|остановка транспорта|||53.425861|24.6259287|||[]||||[]|osm_poi:node/3523127181
Остановка|остановка транспорта|||53.6232074|23.7159784|||[]||||[]|osm_poi:node/3574795953
Остановка|остановка транспорта|||53.6233935|23.717223|||[]||||[]|osm_poi:node/3574795959
Забалаць|остановка транспорта|||53.7141495|23.8750643|||[]||||[]|osm_poi:node/3596106953
Остановка|остановка транспорта|||52.9523029|25.0485656|||[]||||[]|osm_poi:node/3606488575
Остановка|остановка транспорта|||52.9525899|25.0496628|||[]||||[]|osm_poi:node/3606488577
Остановка|остановка транспорта|||52.971445|25.0845274|||[]||||[]|osm_poi:node/3606493819
Остановка|остановка транспорта|||52.9716271|25.0857892|||[]||||[]|osm_poi:node/3606493842
Хмяльніца|остановка транспорта|||52.9897249|25.1090711|||[]||||[]|osm_poi:node/3606534782
Хмяльніца|остановка транспорта|||52.9907163|25.1098627|||[]||||[]|osm_poi:node/3606534792
Остановка|остановка транспорта|||53.0165347|25.1029961|||[]||||[]|osm_poi:node/3606535297
Остановка|остановка транспорта|||53.0169772|25.1015493|||[]||||[]|osm_poi:node/3606535298
Остановка|остановка транспорта|||53.0218268|25.1548695|||[]||||[]|osm_poi:node/3606535315
Остановка|остановка транспорта|||53.0218687|25.1554195|||[]||||[]|osm_poi:node/3606535316
Азгінавічы|остановка транспорта|||53.0252426|25.1668479|||[]||||[]|osm_poi:node/3606535324
Азгінавічы|остановка транспорта|||53.0252946|25.1658025|||[]||||[]|osm_poi:node/3606535325
Дзевятоўка–5|остановка транспорта|||53.7104732|23.8598595|||[]||||[]|osm_poi:node/3643501538
Табачнік|остановка транспорта|||53.5972368|23.9487039|||[]||||[]|osm_poi:node/3645226729
Табачнік|остановка транспорта|||53.598756|23.9520377|||[]||||[]|osm_poi:node/3645226740
Колас|остановка транспорта|||53.6225396|23.9769266|||[]||||[]|osm_poi:node/3645226814
Колас|остановка транспорта|||53.6240481|23.979659|||[]||||[]|osm_poi:node/3645226831
Брузгі|остановка транспорта|||53.5511009|23.7060753|||[]||||[]|osm_poi:node/3645719060
Брузгі|остановка транспорта|||53.5536271|23.7088603|||[]||||[]|osm_poi:node/3645725422
Цэнтральная вуліца|остановка транспорта|||53.6153857|23.8216046|||[]||||[]|osm_poi:node/3649475424
Вуліца Юрыя Алешы|остановка транспорта|||53.6172564|23.8212455|||[]||||[]|osm_poi:node/3649492636
Вуліца Юрыя Алешы|остановка транспорта|||53.6181613|23.8220258|||[]||||[]|osm_poi:node/3649492645
Малая Альшанка|остановка транспорта|||53.6201915|23.7982759|||[]||||[]|osm_poi:node/3649492665
Вуліца Айчынная|остановка транспорта|||53.6205085|23.8217295|||[]||||[]|osm_poi:node/3649492668
вуліца Агінскага|остановка транспорта|||53.6208034|23.8102635|||[]||||[]|osm_poi:node/3649492671
Вуліца Айчынная|остановка транспорта|||53.6216211|23.8225144|||[]||||[]|osm_poi:node/3649492703
вуліца Караткевіча|остановка транспорта|||53.622666|23.7994297|||[]||||[]|osm_poi:node/3649492938
вуліца Караткевіча|остановка транспорта|||53.6237615|23.8009828|||[]||||[]|osm_poi:node/3649492986
Сярэдняя школа № 39|остановка транспорта|||53.6264591|23.8023145|||[]||||[]|osm_poi:node/3649493190
Вуліца 8 Сакавіка|остановка транспорта|||53.6230405|23.8168913|||[]||||[]|osm_poi:node/3649493203
Васілевічы|остановка транспорта|||54.4358368|26.376993|||[]||||[]|osm_poi:node/3654261438
Союзпраммантаж|остановка транспорта|||53.6665546|23.9107326|||[]||||[]|osm_poi:node/3662389325
Остановка|остановка транспорта|||53.8637949|23.6205926|||[]||||[]|osm_poi:node/3667354451
Остановка|остановка транспорта|||53.6746691|23.7956204|||[]||||[]|osm_poi:node/3671881471
паварот Лакафарба|остановка транспорта|||53.8927946|25.3224258|||[]||||[]|osm_poi:node/3682942108
паварот на Мыто|остановка транспорта|||53.823962|25.1238653|||[]||||[]|osm_poi:node/3685948264
Мыто|остановка транспорта|||53.8258477|25.1099536|||[]||||[]|osm_poi:node/3685948265
Мыто|остановка транспорта|||53.8266594|25.1066425|||[]||||[]|osm_poi:node/3685948266
Красноўцы|остановка транспорта|||53.8287964|25.0365873|||[]||||[]|osm_poi:node/3685948267
Красноўцы|остановка транспорта|||53.8295229|25.0344728|||[]||||[]|osm_poi:node/3685948268
Кавалі|остановка транспорта|||53.832448|25.0138181|||[]||||[]|osm_poi:node/3685948270
Ваверка|остановка транспорта|||53.832524|24.9683607|||[]||||[]|osm_poi:node/3685948271
Кавалі|остановка транспорта|||53.8336293|25.0117269|||[]||||[]|osm_poi:node/3685948272
Селяхі|остановка транспорта|||53.84469|24.9638094|||[]||||[]|osm_poi:node/3685948284
Селяхі|остановка транспорта|||53.8464749|24.9621591|||[]||||[]|osm_poi:node/3685948285
Багданаўшчына|остановка транспорта|||53.8513985|24.9543336|||[]||||[]|osm_poi:node/3685948291
Багданаўшчына|остановка транспорта|||53.8533958|24.9509407|||[]||||[]|osm_poi:node/3685948292
Дачы/Цыбары|остановка транспорта|||53.8544015|25.2074097|||[]||||[]|osm_poi:node/3685948293
Дачы/Цыбары|остановка транспорта|||53.8549571|25.2094424|||[]||||[]|osm_poi:node/3685948294
паварот Дайнава|остановка транспорта|||53.8581408|25.2172349|||[]||||[]|osm_poi:node/3685948295
Остановка|остановка транспорта|||53.8603931|24.9222967|||[]||||[]|osm_poi:node/3685948298
Остановка|остановка транспорта|||53.8607211|24.9228963|||[]||||[]|osm_poi:node/3685948299
Зенявічы|остановка транспорта|||53.864276|24.9284065|||[]||||[]|osm_poi:node/3685948301
паварот на Ёдкі|остановка транспорта|||53.8482971|25.3400825|||[]||||[]|osm_poi:node/3686796047
ДРБУ-157|остановка транспорта|||53.8770092|25.2539976|||[]||||[]|osm_poi:node/3687341636
Дачы-1/Дуброўня|остановка транспорта|||53.8959814|25.3511911|||[]||||[]|osm_poi:node/3691898532
Дачы-1/Дуброўня|остановка транспорта|||53.8960356|25.35026|||[]||||[]|osm_poi:node/3691898533
Дачы/Дуброўня|остановка транспорта|||53.8975652|25.3574289|||[]||||[]|osm_poi:node/3691898535
Дачы/Дуброўня|остановка транспорта|||53.8978943|25.3602418|||[]||||[]|osm_poi:node/3691898536
Агароднікі|остановка транспорта|||53.8949095|25.3909189|||[]||||[]|osm_poi:node/3692000621
Агароднікі|остановка транспорта|||53.8952005|25.3901124|||[]||||[]|osm_poi:node/3692001726
Дуброўня|остановка транспорта|||53.8967429|25.377589|||[]||||[]|osm_poi:node/3692001727
Дуброўня|остановка транспорта|||53.8971727|25.3757505|||[]||||[]|osm_poi:node/3692001729
Лужкі|остановка транспорта|||53.4651056|23.7997858|||[]||||[]|osm_poi:node/3700761465
вуліца Усходняя|остановка транспорта|||54.6179942|25.9786695|||[]||||[]|osm_poi:node/3701115291
вуліца Усходняя|остановка транспорта|||54.6177049|25.9800976|||[]||||[]|osm_poi:node/3701115292
вуліца Берагавая|остановка транспорта|||54.6141725|25.9784436|||[]||||[]|osm_poi:node/3702664147
Гіппа|остановка транспорта|||54.6143985|25.9791501|||[]||||[]|osm_poi:node/3702666438
Шервуд|ресторан||Гродна|53.6702088|23.8368085|||[]|Su-Th 12:00-01:00; Fr, Sa 12:00-02:00|||[]|osm_poi:node/3704190026
Столовая|кафе||Гродна|53.6739124|23.8690598|||[]||||[]|osm_poi:node/3704212117
Туалет|туалет|||53.5276188|23.6721015|||[]||no||[]|osm_poi:node/3704231639
Эка-сядзіба «Белавежа»|гостиница|||52.8428958|24.0492379|||[]||||[]|osm_poi:node/3704486693
Столовая Гродножилстрой|кафе|||53.6518086|23.7872794|||[]||||[]|osm_poi:node/3704991782
Крэва 2|остановка транспорта|||54.3246107|26.3020203|||[]||||[]|osm_poi:node/3713225949
Крэва 2|остановка транспорта|||54.3243268|26.301473|||[]||||[]|osm_poi:node/3713225950
Крэва 3|остановка транспорта|||54.3359922|26.3132427|||[]||||[]|osm_poi:node/3713225971
Крэва 3|остановка транспорта|||54.3357279|26.3125024|||[]||||[]|osm_poi:node/3713225972
Уют|кафе|||54.3107617|26.2846611|||[]||||[]|osm_poi:node/3713299561
Гуры|остановка транспорта|||54.652504|26.0416228|||[]||||[]|osm_poi:node/3721550689
Гуры|остановка транспорта|||54.6546455|26.0441217|||[]||||[]|osm_poi:node/3721550690
Пясочная|остановка транспорта|||53.4807641|26.406515|||[]||||[]|osm_poi:node/3721600932
Пясочная|остановка транспорта|||53.4811737|26.4060826|||[]||||[]|osm_poi:node/3721600933
Трашчычы|остановка транспорта|||53.494537|26.3816134|||[]||||[]|osm_poi:node/3721601143
Остановка|остановка транспорта|||53.763007|24.8280987|||[]||||[]|osm_poi:node/3730740013
Старыя Васілішкі|остановка транспорта|||53.7646193|24.8297267|||[]||||[]|osm_poi:node/3730740076
бульвар князя Гедыміна|остановка транспорта|||53.8859937|25.3014962|||[]||||[]|osm_poi:node/3731737788
вуліца Зарэчная|остановка транспорта|||53.8772023|25.3272828|||[]||||[]|osm_poi:node/3731737809
вуліца Свярдлова|остановка транспорта|||53.9125402|25.2831987|||[]||||[]|osm_poi:node/3731739627
ЖБВ|остановка транспорта|||53.9339971|25.2623203|||[]||||[]|osm_poi:node/3731739661
вуліца Жукава|остановка транспорта|||53.9353212|25.2472356|||[]||||[]|osm_poi:node/3731739665
вуліца Жукава|остановка транспорта|||53.9355594|25.2467678|||[]||||[]|osm_poi:node/3731739668
завод ЖБВ|остановка транспорта|||53.9377473|25.2599363|||[]||||[]|osm_poi:node/3731739671
Остановка|остановка транспорта|||53.8872202|25.2862753|||[]||||[]|osm_poi:node/3731916545
Остановка|остановка транспорта|||53.8882002|25.2828247|||[]||||[]|osm_poi:node/3731916546
Остановка|остановка транспорта|||53.8338102|24.8994756|||[]||||[]|osm_poi:node/3733537354
Остановка|остановка транспорта|||53.8339949|24.8998934|||[]||||[]|osm_poi:node/3733537355
Час кавы|кафе|||53.8899793|25.2971438|||[]|24/7|||[]|osm_poi:node/3734042628
Туалет|туалет|||53.885163|25.2949854|||[]||yes||[]|osm_poi:node/3747416149
MC DONER|кафе|||53.8959636|25.3009081|||[]|Su-Th 10:00-22:00; Fr-Sa 00:00-24:00|||[]|osm_poi:node/3747481794
Кракотка|остановка транспорта|||53.0223304|24.9673234|||[]||||[]|osm_poi:node/3748240995
Туалет|туалет|||53.4633225|23.8856248|||[]||||[]|osm_poi:node/3751937856
Альшанка|остановка транспорта|||53.618119|23.8023837|||[]||||[]|osm_poi:node/3759090825
царква Свяціцеля Спірыдона|остановка транспорта|||53.6164088|23.8072926|||[]||||[]|osm_poi:node/3759090826
вуліца Багушэвіча|остановка транспорта|||53.6172778|23.8033742|||[]||||[]|osm_poi:node/3759090827
Альшанка|остановка транспорта|||53.6190506|23.7982907|||[]||||[]|osm_poi:node/3759090828
царква Свяціцеля Спірыдона|остановка транспорта|||53.6164798|23.8087063|||[]||||[]|osm_poi:node/3759090829
вуліца Агінскага|остановка транспорта|||53.619842|23.8092209|||[]||||[]|osm_poi:node/3759108016
вуліца Напалеона Орды|остановка транспорта|||53.6240487|23.8120344|||[]||||[]|osm_poi:node/3759108017
Остановка|остановка транспорта|||54.3161778|26.1353459|||[]||||[]|osm_poi:node/3774758760
Багушы|остановка транспорта|||54.3480874|26.3430061|||[]||||[]|osm_poi:node/3775145426
Багушы|остановка транспорта|||54.3481186|26.3437839|||[]||||[]|osm_poi:node/3775145427
Белая|остановка транспорта|||54.4508706|26.485465|||[]||||[]|osm_poi:node/3776162961
Белая|остановка транспорта|||54.4512083|26.4853243|||[]||||[]|osm_poi:node/3776162962
Остановка|остановка транспорта|||54.5749643|26.6208077|||[]||||[]|osm_poi:node/3776367444
Остановка|остановка транспорта|||54.5743703|26.6209331|||[]||||[]|osm_poi:node/3776367445
Сачаняты|остановка транспорта|||54.6260292|26.4629331|||[]||||[]|osm_poi:node/3776558452
Сачаняты|остановка транспорта|||54.6255571|26.4646121|||[]||||[]|osm_poi:node/3776558453
Разносолы|кафе||Солы|54.5104526|26.1932106|||[]|09:00-22:00|||[]|osm_poi:node/3777281244
Айвенго|кафе|||53.8899876|25.3004983|||[]|11:00-23:00|||[]|osm_poi:node/3788675116
Потсдам|ресторан|||53.8790586|25.3296549|||[]|Mo-Th 12:00-17:00; Fr 12:00-15:00,19:00-02:00; Sa 19:00-02:00; Su 18:00-24:00|||[]|osm_poi:node/3788675120
Туалет|туалет|||53.648955|23.8359439|||[]||||[]|osm_poi:node/3788693779
Остановка|остановка транспорта|||53.0685877|25.1987797|||[]||||[]|osm_poi:node/3792746020
Остановка|остановка транспорта|||53.0115935|25.0264266|||[]||||[]|osm_poi:node/3792860507
Азот-Кулёўцы|остановка транспорта|||53.5895444|23.6713623|||[]||||[]|osm_poi:node/3799372519
Сакура|остановка транспорта|||53.0839108|25.29838|||[]||||[]|osm_poi:node/3803144090
Падлабенне|остановка транспорта|||53.6867199|23.6797435|||[]||||[]|osm_poi:node/3803409265
Остановка|остановка транспорта|||53.6890517|23.6896416|||[]||||[]|osm_poi:node/3803432220
Остановка|остановка транспорта|||53.6892312|23.6889275|||[]||||[]|osm_poi:node/3803432221
Падлабенне|остановка транспорта|||53.6877845|23.6778064|||[]||||[]|osm_poi:node/3803432222
Дабраволя-2|остановка транспорта|||52.9067029|24.0328685|||[]||||[]|osm_poi:node/3803849201
Трашчычы|остановка транспорта|||53.4944565|26.3821582|||[]||||[]|osm_poi:node/3806393178
Остановка|остановка транспорта|||53.9425527|26.188614|||[]||||[]|osm_poi:node/3808094046
Остановка|остановка транспорта|||53.9323381|25.7799358|||[]||||[]|osm_poi:node/3808179981
Остановка|остановка транспорта|||53.6867747|24.9585062|||[]||||[]|osm_poi:node/3810900341
Панда Пицца|кафе|||53.8958996|25.3010717|||[]|11:00-23:00|||[]|osm_poi:node/3811120905
Пиццерия|кафе|||53.8792857|25.2753417|||[]|Mo-Su 09:00-22:00|||[]|osm_poi:node/3811120906
Остановка|остановка транспорта|||53.8310063|23.6552785|||[]||||[]|osm_poi:node/3812426169
Остановка|остановка транспорта|||53.4536081|24.2604416|||[]||||[]|osm_poi:node/3812677268
Остановка|остановка транспорта|||53.4099909|24.8888403|||[]||||[]|osm_poi:node/3813095584
Остановка|остановка транспорта|||53.4108573|24.8894922|||[]||||[]|osm_poi:node/3813095585
Остановка|остановка транспорта|||53.4076858|25.4201809|||[]||||[]|osm_poi:node/3814405709
Остановка|остановка транспорта|||53.4073181|25.4197108|||[]||||[]|osm_poi:node/3814405710
Сталовая Гранітэкс|кафе||Гродна|53.7064104|23.8178255|||[]|Mo-Fr 10:00-14:30; 2025 Dec 20 10:00-14:30|||[]|osm_poi:node/3833195767
Краскі|остановка транспорта|||52.9543533|24.5554272|||[]||||[]|osm_poi:node/3844452823
Дашкавічы|остановка транспорта|||52.9439975|24.5261675|||[]||||[]|osm_poi:node/3844521032
Варонічы|остановка транспорта|||52.9059195|24.4234336|||[]||||[]|osm_poi:node/3844610152
Остановка|остановка транспорта|||53.6985204|24.0043523|||[]||||[]|osm_poi:node/3867449953
Вуліца Умелая|остановка транспорта|||53.6324752|23.8975598|||[]||||[]|osm_poi:node/3868543057
Вуліца Умелая|остановка транспорта|||53.6343515|23.8998868|||[]||||[]|osm_poi:node/3868543257
Остановка|остановка транспорта|||53.8853393|25.2892734|||[]||||[]|osm_poi:node/3874393629
Туалет|туалет|||53.6464056|23.8225036|||[]||||[]|osm_poi:node/3883886198
Дзервялі|остановка транспорта|||54.5409795|26.6104702|||[]||||[]|osm_poi:node/3907312789
Дзервялі|остановка транспорта|||54.5414677|26.611015|||[]||||[]|osm_poi:node/3907312790
Кавалі|остановка транспорта|||54.4750757|26.668699|||[]||||[]|osm_poi:node/3908761992
Куляшы|остановка транспорта|||54.5130804|26.5498707|||[]||||[]|osm_poi:node/3915023975
Вострава|остановка транспорта|||54.5211663|26.5720945|||[]||||[]|osm_poi:node/3915024012
Вострава|остановка транспорта|||54.5210276|26.5714238|||[]||||[]|osm_poi:node/3915024013
Шостакі|остановка транспорта|||54.5277188|26.5843571|||[]||||[]|osm_poi:node/3915024025
Шостакі|остановка транспорта|||54.5284986|26.5862718|||[]||||[]|osm_poi:node/3915024030
Парадиз Сити|кафе|||54.4304224|25.9541979|||[]||||[]|osm_poi:node/3916843610
Хюгге|кафе||Ліда|53.8868201|25.301803|||[]|Mo-Su 09:00-22:00|||[]|osm_poi:node/3929359427
Туалет|туалет|||53.6979453|25.0002936|||[]||||[]|osm_poi:node/3929431882
Остановка|остановка транспорта|||53.6172981|25.9075358|||[]||||[]|osm_poi:node/3935874219
Остановка|остановка транспорта|||53.6174381|25.9064844|||[]||||[]|osm_poi:node/3935874220
Сельгастэхніка|остановка транспорта|||53.6623241|23.9641261|||[]||||[]|osm_poi:node/3948292171
Сельгастэхніка|остановка транспорта|||53.6635135|23.965001|||[]||||[]|osm_poi:node/3948292172
таварыства «Біяком»|остановка транспорта|||53.6653464|23.9598301|||[]||||[]|osm_poi:node/3948292173
таварыства «Біяком»|остановка транспорта|||53.6658328|23.9572156|||[]||||[]|osm_poi:node/3948292174
станцыя Аульс|остановка транспорта|||53.6743034|23.9527823|||[]||||[]|osm_poi:node/3948352301
Аульс|остановка транспорта|||53.6835357|23.9562848|||[]||||[]|osm_poi:node/3948378098
Разанаўшчына|остановка транспорта|||53.1102526|25.2899914|||[]||||[]|osm_poi:node/3964876666
Разанаўшчына|остановка транспорта|||53.110558|25.2893048|||[]||||[]|osm_poi:node/3964876669
Бакуны ПЗ|остановка транспорта|||53.5633673|23.7178754|||[]||||[]|osm_poi:node/3968344983
Остановка|остановка транспорта|||53.5676115|23.8139062|||[]||||[]|osm_poi:node/3968345045
Остановка|остановка транспорта|||53.5687527|24.243048|||[]||||[]|osm_poi:node/3986731984
Остановка|остановка транспорта|||53.5691304|24.2424752|||[]||||[]|osm_poi:node/3986731985
пасёлак Паўднёвы|остановка транспорта|||53.5713949|24.2407272|||[]||||[]|osm_poi:node/3986731986
Туалет|туалет|||54.6134032|26.0146085|||[]||||[]|osm_poi:node/3996575543
Бабраўнікі|остановка транспорта|||54.7325544|26.0865517|||[]||||[]|osm_poi:node/3996575550
Бабраўнікі|остановка транспорта|||54.7350668|26.0875049|||[]||||[]|osm_poi:node/3996575552
Урцішкі|остановка транспорта|||53.9854435|25.766275|||[]||||[]|osm_poi:node/3999346071
Урцішкі|остановка транспорта|||53.9859119|25.766266|||[]||||[]|osm_poi:node/3999346072
Дунічы|остановка транспорта|||54.0991764|25.9160072|||[]||||[]|osm_poi:node/3999346331
Остановка|остановка транспорта|||53.8758387|24.7145571|||[]||||[]|osm_poi:node/4000364528
Остановка|остановка транспорта|||53.8764418|24.7145736|||[]||||[]|osm_poi:node/4000364530
Остановка|остановка транспорта|||53.8766898|24.7165001|||[]||||[]|osm_poi:node/4000364532
Остановка|остановка транспорта|||53.8878138|24.7439825|||[]||||[]|osm_poi:node/4000364533
Остановка|остановка транспорта|||53.8892944|24.7476787|||[]||||[]|osm_poi:node/4000364542
Остановка|остановка транспорта|||53.8948608|24.7551194|||[]||||[]|osm_poi:node/4000364546
Остановка|остановка транспорта|||53.8966227|24.7577231|||[]||||[]|osm_poi:node/4000364547
Остановка|остановка транспорта|||53.9071833|24.7688645|||[]||||[]|osm_poi:node/4000364548
Хата Лявона|кафе|||53.6797869|23.8307938|||[]|Su-Th 10:00-22:00; Fr-Sa 10:00-23:00|||[]|osm_poi:node/4002634059
Просто Кофе|кафе||Гродна|53.6777107|23.8253906|||[]|Mo-Su 10:00-22:00|||[]|osm_poi:node/4005669589
Soul Coffee|кафе||Гродна|53.6782351|23.8262571|||[]|Su-Th 09:00-23:00; Fr-Sa 09:00-01:00|||[]|osm_poi:node/4005669590
Street Food|кафе||Гродна|53.6820743|23.8315725|||[]|Mo-Su 12:00-23:00|||[]|osm_poi:node/4005676301
Остановка|остановка транспорта|||53.3646842|26.2726163|||[]||||[]|osm_poi:node/4012482400
Туалет|туалет|||53.046039|25.3552861|||[]||||[]|osm_poi:node/4026780833
праспект Незалежнасці|остановка транспорта|||53.0762341|25.3071918|||[]||||[]|osm_poi:node/4048703958
Остановка|остановка транспорта|||53.2114445|24.0035742|||[]||||[]|osm_poi:node/4090701479
Остановка|остановка транспорта|||53.2915088|24.3985565|||[]||||[]|osm_poi:node/4097434487
Остановка|остановка транспорта|||53.2914514|24.4080054|||[]||||[]|osm_poi:node/4097435096
Радунь|ресторан|||54.0525181|24.9965776|||[]||||[]|osm_poi:node/4100112090
Тусуманцы|остановка транспорта|||54.1733938|25.4061215|||[]||||[]|osm_poi:node/4102698142
Тусуманцы|остановка транспорта|||54.172978|25.4072737|||[]||||[]|osm_poi:node/4102698143
Байкі|остановка транспорта|||53.20058|25.0648052|||[]||||[]|osm_poi:node/4105116884
Байкі|остановка транспорта|||53.1990377|25.0675742|||[]||||[]|osm_poi:node/4105116885
Цяглевічы|остановка транспорта|||53.0118354|24.7747693|||[]||||[]|osm_poi:node/4107781183
Цяглевічы|остановка транспорта|||53.0116783|24.774173|||[]||||[]|osm_poi:node/4107781184
Жамыслаўль|остановка транспорта|||54.1271045|25.7609492|||[]||||[]|osm_poi:node/4107846474
Остановка|остановка транспорта|||53.4006623|24.6338111|||[]||||[]|osm_poi:node/4108220109
Остановка|остановка транспорта|||53.4012793|24.6341716|||[]||||[]|osm_poi:node/4108220110
Остановка|остановка транспорта|||53.5528656|25.6949892|||[]||||[]|osm_poi:node/4110138426
Шэкспір|кафе||Гродна|53.6855924|23.836021|||[]|Mo-Su 11:30-22:30|||[]|osm_poi:node/4112883789
Леснічоўка|гостиница|||53.8216374|23.9064711|||[]||||[]|osm_poi:node/4117336389
Ланч|кафе|||54.4251399|25.9164523|||[]|Mo-Su 11:00-01:00|||[]|osm_poi:node/4119210789
Туалет|туалет|||53.5297002|23.6760224|||[]|24/7|||[]|osm_poi:node/4149678393
Кофейня|кафе|||54.6154926|25.9817531|||[]|Mo-Th 10:00-23:00; Fr-Su 11:00-01:00|||[]|osm_poi:node/4187687992
Остановка|остановка транспорта|||54.4423458|26.3562438|||[]||||[]|osm_poi:node/4201938151
Туалет|туалет|||54.456354|26.3870591|||[]||||[]|osm_poi:node/4204548398
Заўжды цікаVа|кафе|||54.4564041|26.3870058|||[]|24/7|||[]|osm_poi:node/4204548399
Туалет|туалет|||54.4733578|26.4148329|||[]||||[]|osm_poi:node/4204548406
Вместе|кафе|||54.4809136|26.402266|||[]||||[]|osm_poi:node/4204972445
2-я школа|остановка транспорта|||54.4824405|26.4098727|||[]||||[]|osm_poi:node/4206651995
Пит Stop|кафе||Гродна|53.6630059|23.8351882|||[]|Mo-Su 09:00-22:00|||[]|osm_poi:node/4225169547
Аграсядзіба «Тартак»|гостиница|||53.8599696|23.6337584|||[]||||[]|osm_poi:node/4228854508
Дайліды|остановка транспорта|||53.9473873|25.8239149|||[]||||[]|osm_poi:node/4233962654
Kalipso|кафе|||53.8905324|25.2982724|||[]|Mo-Th 12:00-24:00; Fr 12:00-02:00; Sa 12:00-02:00; Su 12:00-24:00|||[]|osm_poi:node/4239216994
MBC|кафе|||53.8884187|25.3020204|||[]|Mo-Fr 08:00-21:00; Sa-Su 09:00-22:00|||[]|osm_poi:node/4255814192
Азёры|остановка транспорта|||53.7225343|24.1811783|||[]||||[]|osm_poi:node/4268340821
Маяк|гостиница|||54.4726972|26.378046|||[]||||[]|osm_poi:node/4292767753
Туалет|туалет|||53.6798356|23.8313518|||[]|Mo-Su 10:00-22:00|yes||[]|osm_poi:node/4296231107
Туалет|туалет|||53.8963755|25.2870961|||[]||yes||[]|osm_poi:node/4297145290
Туалет|туалет|||53.901692|25.3130628|||[]||||[]|osm_poi:node/4297145489
Гедимин|ресторан|||53.8834388|25.3029434|||[]|Mo-Th 15:00-01:00; Fr 15:00-03:00; Sa 15:00-03:00; Su 15:00-03:00|||[]|osm_poi:node/4301853489
Гуршчызна|остановка транспорта|||53.9751192|25.8664426|||[]||||[]|osm_poi:node/4304996273
Ятаўтавічы|остановка транспорта|||53.9861697|25.8760985|||[]||||[]|osm_poi:node/4304996279
Кашалева|остановка транспорта|||53.5470747|25.7260113|||[]||||[]|osm_poi:node/4307545461
Кашалева|остановка транспорта|||53.547226|25.7269284|||[]||||[]|osm_poi:node/4307545462
Утульны адпачынак|гостиница|||53.072651|25.3308451|||[]|24/7|||[]|osm_poi:node/4319201089
Дынама-Програм|остановка транспорта|||53.6624243|23.7921805|||[]||||[]|osm_poi:node/4322891491
Тачки|кафе||Гродна|53.6649531|23.7840066|||[]|Mo-Su 10:00-22:00|||[]|osm_poi:node/4323082995
Свіцязь|остановка транспорта|||53.4287066|25.906021|||[]||||[]|osm_poi:node/4324907190
Остановка|остановка транспорта|||52.984426|25.1949354|||[]||||[]|osm_poi:node/4327235495
Вераника|кафе|||53.8935479|25.2873423|||[]||||[]|osm_poi:node/4341236389
Sun Hotel|гостиница|||54.6180216|25.961575|||[]|24/7|||[]|osm_poi:node/4346481390
Крэва|остановка транспорта|||54.31099|26.2845408|||[]||||[]|osm_poi:node/4360513109
Сялец|остановка транспорта|||54.3631813|26.3657211|||[]||||[]|osm_poi:node/4360599543
Сялец|остановка транспорта|||54.3629492|26.3649347|||[]||||[]|osm_poi:node/4360599544
Суцькава|остановка транспорта|||54.3884887|26.3838429|||[]||||[]|osm_poi:node/4360620386
Суцькава|остановка транспорта|||54.3984482|26.3872805|||[]||||[]|osm_poi:node/4360657354
Суцькава|остановка транспорта|||54.400119|26.3887936|||[]||||[]|osm_poi:node/4360657355
Суцькава|остановка транспорта|||54.3902766|26.3841864|||[]||||[]|osm_poi:node/4360657370
Кунава|остановка транспорта|||54.4179191|26.3923669|||[]||||[]|osm_poi:node/4360720381
Кунава|остановка транспорта|||54.4186971|26.3925888|||[]||||[]|osm_poi:node/4360720382
Остановка|остановка транспорта|||54.4338172|26.3879171|||[]||||[]|osm_poi:node/4360741915
Остановка|остановка транспорта|||54.4351347|26.3872446|||[]||||[]|osm_poi:node/4360741916
Свірыдавічы|остановка транспорта|||54.4498482|26.3853979|||[]||||[]|osm_poi:node/4360741997
Свірыдавічы|остановка транспорта|||54.4487683|26.3844575|||[]||||[]|osm_poi:node/4360741998
здароўніца Радон|остановка транспорта|||53.5179953|25.5043713|||[]||||[]|osm_poi:node/4367411789
Империя|ресторан|||54.4274138|25.9408586|||[]||||[]|osm_poi:node/4367712995
Остановка|остановка транспорта|||53.6388648|24.4776757|||[]||||[]|osm_poi:node/4380062592
Остановка|остановка транспорта|||53.63895|24.4773781|||[]||||[]|osm_poi:node/4380130389
Остановка|остановка транспорта|||53.2363328|25.4509801|||[]||||[]|osm_poi:node/4381108948
Остановка|остановка транспорта|||53.2365428|25.4529517|||[]||||[]|osm_poi:node/4381108949
аўтакаса Мір|остановка транспорта|||53.4541555|26.4668409|||[]||||[]|osm_poi:node/4381832090
Туалет|туалет|||53.8914183|25.2569417|||[]||||[]|osm_poi:node/4395748985
Туалет|туалет|||53.7225359|24.1810463|||[]||||[]|osm_poi:node/4396230305
Кракоўка-1|остановка транспорта|||54.4374938|25.9781015|||[]||||[]|osm_poi:node/4397000790
Остановка|остановка транспорта|||53.9443952|23.9212051|||[]||||[]|osm_poi:node/4401416281
Туалет|туалет|||54.4803724|26.4027119|||[]||||[]|osm_poi:node/4405347390
Сухая Даліна|остановка транспорта|||53.4692773|24.0205944|||[]||||[]|osm_poi:node/4412509609
Вуліца Баброўскага|остановка транспорта|||53.6196939|23.8328934|||[]||||[]|osm_poi:node/4414980954
220-е упраўленне|остановка транспорта|||53.6585565|23.7895867|||[]||||[]|osm_poi:node/4421796294
Кулинария|кафе|||54.4247165|25.9353249|||[]|Mo-Fr 07:00-19:00|||[]|osm_poi:node/4422183589
Остановка|остановка транспорта|||53.4103451|25.5093628|||[]||||[]|osm_poi:node/4424054576
Остановка|остановка транспорта|||53.4109158|25.5067992|||[]||||[]|osm_poi:node/4424054584
Квадрат|кафе|||53.6042487|24.741602|||[]||||[]|osm_poi:node/4428038889
Старый город|кафе|||53.6043126|24.7417105|||[]||||[]|osm_poi:node/4428038890
Big Jones|кафе|||53.6867244|23.848613|||[]|24/7|||[]|osm_poi:node/4487480290
Туалет|туалет|||53.6867746|23.7780646|||[]||no||[]|osm_poi:node/4489230805
Кофейня|кафе|||53.0938036|25.3194048|||[]||||[]|osm_poi:node/4502594296
магнит|кафе|||53.0964319|25.3217947|||[]||||[]|osm_poi:node/4502638097
кінатэатр Мір|остановка транспорта|||53.0960131|25.3172672|||[]||||[]|osm_poi:node/4502638110
кінатэатр Мір|остановка транспорта|||53.0962522|25.3167378|||[]||||[]|osm_poi:node/4502638111
Стадыён|остановка транспорта|||53.098201|25.3076779|||[]||||[]|osm_poi:node/4502638131
Стадыён|остановка транспорта|||53.0982019|25.3081504|||[]||||[]|osm_poi:node/4502638132
вуліца Тапалёвая|остановка транспорта|||53.0799611|25.3025226|||[]||||[]|osm_poi:node/4502657476
ФСАН|остановка транспорта|||53.0795583|25.3041827|||[]||||[]|osm_poi:node/4502657478
Комбинат школьного питания|ресторан|||53.8738952|25.3335325|||[]|Mo-Fr 07:30-15:30|||[]|osm_poi:node/4509106491
Олимпия|кафе|||53.8940113|25.3244621|||[]||||[]|osm_poi:node/4509106492
БигСмак|кафе|||53.8868079|25.3016956|||[]|10:30-22:30|||[]|osm_poi:node/4513363691
Луна|кафе|||53.890685|25.3007952|||[]|12:00-24:00|||[]|osm_poi:node/4519210891
Винтаж|кафе|||53.8935564|25.3006002|||[]|Mo-Fr 11:00-24:00; Sa 14:00-24:00; Su 14:00-24:00|||[]|osm_poi:node/4519213192
Стрэльнікі|остановка транспорта|||53.5895066|26.0993265|||[]||||[]|osm_poi:node/4519427817
Стрэльнікі|остановка транспорта|||53.5892207|26.1001291|||[]||||[]|osm_poi:node/4519427818
Загорʼе|остановка транспорта|||53.5076802|26.351702|||[]||||[]|osm_poi:node/4519479237
Медрыкі|остановка транспорта|||54.5368016|26.1418391|||[]||||[]|osm_poi:node/4521470511
Аграсядзіба|гостиница|||54.6052496|25.9493185|||[]||||[]|osm_poi:node/4532915598
Туалет|туалет|||53.095738|25.3193682|||[]||||[]|osm_poi:node/4581447817
Гранд Хотей|кафе|||53.6484719|23.8445373|||[]|Mo-Th 16:00-00:00; Fr 16:00-02:00; Sa 12:00-02:00; Su 12:00-00:00|||[]|osm_poi:node/4586899189
Вуліца Тарусіцкая|остановка транспорта|||53.6661683|23.7359854|||[]||||[]|osm_poi:node/4593241590
вуліца Васільковая|остановка транспорта|||53.6693697|23.7406441|||[]||||[]|osm_poi:node/4593253890
Вуліца Тарусіцкая|остановка транспорта|||53.6672453|23.7351885|||[]||||[]|osm_poi:node/4593256890
столовая|кафе|||54.0038696|24.8987137|||[]||||[]|osm_poi:node/4612244689
Скрыдлева|остановка транспорта|||53.5785145|25.7945504|||[]||||[]|osm_poi:node/4625493992
Паўднёвы Захад - 2|остановка транспорта|||53.583483|25.8042384|||[]||||[]|osm_poi:node/4625501893
ДРБУ-189|остановка транспорта|||53.5973196|25.8063732|||[]||||[]|osm_poi:node/4625575590
Метраполь 1|остановка транспорта|||53.5966311|25.8004133|||[]||||[]|osm_poi:node/4625575591
Остановка|остановка транспорта|||53.5855512|25.8150292|||[]||||[]|osm_poi:node/4625575592
Метраполь 1|остановка транспорта|||53.5964651|25.799923|||[]||||[]|osm_poi:node/4625575690
Скрыдлева|остановка транспорта|||53.5781259|25.7930169|||[]||||[]|osm_poi:node/4625575691
ДРБУ-189|остановка транспорта|||53.5972406|25.8048252|||[]||||[]|osm_poi:node/4625586189
Завод газавай апаратуры|остановка транспорта|||53.5817426|25.8019886|||[]||||[]|osm_poi:node/4625586191
Остановка|остановка транспорта|||54.6240793|26.4429161|||[]||||[]|osm_poi:node/4625876028
Музей габрэйскага супраціўлення|остановка транспорта|||53.599469|25.8373294|||[]||||[]|osm_poi:node/4629093189
Рынак|остановка транспорта|||53.5912105|25.8193628|||[]||||[]|osm_poi:node/4629093190
Аўтавакзал|остановка транспорта|||53.5916297|25.818971|||[]||||[]|osm_poi:node/4629093191
Бальніца|остановка транспорта|||53.5955711|25.8116984|||[]||||[]|osm_poi:node/4629484499
Коктель Холл|кафе|||53.2848227|24.4081179|||[]||||[]|osm_poi:node/4647479727
Мишутка|кафе||Гродна|53.6880361|23.8475711|||[]|Mo-Su 11:00-19:00|||[]|osm_poi:node/4648683889
Электрасеткі|остановка транспорта|||54.4798188|26.4173739|||[]||||[]|osm_poi:node/4657166756
Туалет|туалет|||54.4778716|26.3721587|||[]||||[]|osm_poi:node/4659850605
Остановка|остановка транспорта|||52.953207|24.1274391|||[]||||[]|osm_poi:node/4666693378
Грынкі|остановка транспорта|||52.9528988|24.1275547|||[]||||[]|osm_poi:node/4666693379
Водазабор|остановка транспорта|||54.4927102|26.3675124|||[]||||[]|osm_poi:node/4668957840
Водазабор|остановка транспорта|||54.4930153|26.3679607|||[]||||[]|osm_poi:node/4668957841
Магазін №5|остановка транспорта|||54.4781519|26.377236|||[]||||[]|osm_poi:node/4668957842
Магазін №5|остановка транспорта|||54.4778247|26.3767285|||[]||||[]|osm_poi:node/4668957843
Остановка|остановка транспорта|||54.4766203|26.3921113|||[]||||[]|osm_poi:node/4668957844
Остановка|остановка транспорта|||54.4770314|26.4007158|||[]||||[]|osm_poi:node/4668957845
Остановка|остановка транспорта|||54.4766693|26.3950827|||[]||||[]|osm_poi:node/4668957846
Школа №3|остановка транспорта|||54.4775131|26.3773299|||[]||||[]|osm_poi:node/4669163320
Школа №3|остановка транспорта|||54.4774176|26.3765943|||[]||||[]|osm_poi:node/4669163321
Чыгуначны вакзал|остановка транспорта|||54.4757795|26.3719475|||[]||||[]|osm_poi:node/4669163322
Чыгуначны вакзал|остановка транспорта|||54.4761194|26.3725073|||[]||||[]|osm_poi:node/4669163330
Малочны мір|остановка транспорта|||53.7082918|23.8279728|||[]||||[]|osm_poi:node/4680732154
Туалет|туалет|||53.2075703|24.7474048|||[]||||[]|osm_poi:node/4692603889
Остановка|остановка транспорта|||53.6069915|24.0829363|||[]||||[]|osm_poi:node/4706316189
Остановка|остановка транспорта|||53.5472119|24.1362534|||[]||||[]|osm_poi:node/4707007792
Остановка|остановка транспорта|||53.5573618|24.1044657|||[]||||[]|osm_poi:node/4707035889
Остановка|остановка транспорта|||53.5574476|24.1046218|||[]||||[]|osm_poi:node/4707035989
Остановка|остановка транспорта|||53.5570597|24.1476669|||[]||||[]|osm_poi:node/4707035990
Остановка|остановка транспорта|||53.5573583|24.1470421|||[]||||[]|osm_poi:node/4707036089
гандлёвы цэнтр «OldCity»|остановка транспорта|||53.7008165|23.8341442|||[]||||[]|osm_poi:node/4712848291
гандлёвы цэнтр «OldCity»|остановка транспорта|||53.7012218|23.8353446|||[]||||[]|osm_poi:node/4712869989
Маторарамонтны завод|остановка транспорта|||53.0835279|25.2954384|||[]||||[]|osm_poi:node/4715182892
крама Рамонак|остановка транспорта|||53.0655506|25.3394509|||[]||||[]|osm_poi:node/4715182893
крама Рамонак|остановка транспорта|||53.0642898|25.3412036|||[]||||[]|osm_poi:node/4715182894
крама Дуэт|остановка транспорта|||53.0722457|25.3981287|||[]||||[]|osm_poi:node/4715277993
Вакзал|остановка транспорта|||53.0940314|25.3431786|||[]||||[]|osm_poi:node/4715277994
Аўтобусны парк № 3|остановка транспорта|||53.0880753|25.3328511|||[]||||[]|osm_poi:node/4715277995
Новая Стража 2|остановка транспорта|||53.0604235|25.4627661|||[]||||[]|osm_poi:node/4715286090
вуліца Юбілейная|остановка транспорта|||53.0765669|25.3965705|||[]||||[]|osm_poi:node/4715286093
вуліца Леашэні|остановка транспорта|||53.0817062|25.3775013|||[]||||[]|osm_poi:node/4715286094
вуліца Гагарына|остановка транспорта|||53.0923664|25.3470628|||[]||||[]|osm_poi:node/4715286096
могілкі Чапялева|остановка транспорта|||53.0592719|25.415769|||[]||||[]|osm_poi:node/4715286190
КПЗ|остановка транспорта|||53.0841229|25.3902425|||[]||||[]|osm_poi:node/4715286191
Ільнозавод|остановка транспорта|||53.0851718|25.3673087|||[]||||[]|osm_poi:node/4715286192
вуліца Чкалава|остановка транспорта|||53.0949752|25.3350949|||[]||||[]|osm_poi:node/4715286193
Медкаледж|остановка транспорта|||53.0794721|25.3919899|||[]||||[]|osm_poi:node/4715286591
крама Іса|остановка транспорта|||53.0806119|25.3866319|||[]||||[]|osm_poi:node/4715286592
вуліца Леашэні|остановка транспорта|||53.0816049|25.3776629|||[]||||[]|osm_poi:node/4715286593
вуліца Чкалава|остановка транспорта|||53.0943026|25.3356262|||[]||||[]|osm_poi:node/4715286598
крама Ландыш|остановка транспорта|||53.0829014|25.3211008|||[]||||[]|osm_poi:node/4715286600
крама Ландыш|остановка транспорта|||53.0830731|25.3201247|||[]||||[]|osm_poi:node/4715286601
вуліца Тапалёвая|остановка транспорта|||53.0787517|25.3034501|||[]||||[]|osm_poi:node/4715286602
вуліца Баранавіцкая|остановка транспорта|||53.0689841|25.4005403|||[]||||[]|osm_poi:node/4715286689
КПЗ|остановка транспорта|||53.0836374|25.3901731|||[]||||[]|osm_poi:node/4715286690
Камвольна-прадзільная фабрыка|остановка транспорта|||53.0790289|25.2819737|||[]||||[]|osm_poi:node/4715286691
Аўтазаправачная станцыя|остановка транспорта|||53.075858|25.2757269|||[]||||[]|osm_poi:node/4715286692
СДПТК|остановка транспорта|||53.0691028|25.2634226|||[]||||[]|osm_poi:node/4715286695
Сярэдняя школа №10|остановка транспорта|||53.0856919|25.301593|||[]||||[]|osm_poi:node/4715286696
вуліца Зорная|остановка транспорта|||53.0915743|25.3917284|||[]||||[]|osm_poi:node/4715286698
Шылавічы|остановка транспорта|||53.0321397|25.351814|||[]||||[]|osm_poi:node/4715286700
Медкаледж|остановка транспорта|||53.0787217|25.3929606|||[]||||[]|osm_poi:node/4715286790
вуліца Гагарына|остановка транспорта|||53.0915951|25.3473502|||[]||||[]|osm_poi:node/4715286791
вуліца Чкалава|остановка транспорта|||53.0947007|25.3368087|||[]||||[]|osm_poi:node/4715286792
крама Дружба|остановка транспорта|||53.0713425|25.3104994|||[]||||[]|osm_poi:node/4715286793
Ільнозавод|остановка транспорта|||53.0844823|25.3681419|||[]||||[]|osm_poi:node/4715287889
Гадавальнік|остановка транспорта|||53.0725147|25.2690467|||[]||||[]|osm_poi:node/4715287891
Гадавальнік|остановка транспорта|||53.0734889|25.2715784|||[]||||[]|osm_poi:node/4715287892
Аўтобусны парк № 3|остановка транспорта|||53.0873563|25.3329361|||[]||||[]|osm_poi:node/4715287893
Сярэдняя школа №5|остановка транспорта|||53.08819|25.3214848|||[]||||[]|osm_poi:node/4715287894
Авіярамонтны завод|остановка транспорта|||53.0834488|25.3233878|||[]||||[]|osm_poi:node/4715287895
Сярэдняя школа №5|остановка транспорта|||53.087122|25.3220904|||[]||||[]|osm_poi:node/4715303191
Камвольна-прадзільная фабрыка|остановка транспорта|||53.0784599|25.2813325|||[]||||[]|osm_poi:node/4715304389
Маторарамонтны завод|остановка транспорта|||53.0832996|25.2941138|||[]||||[]|osm_poi:node/4715304390
Дзіцячая паліклініка|остановка транспорта|||53.078712|25.2717897|||[]||||[]|osm_poi:node/4715305089
Лясгас|остановка транспорта|||53.0950387|25.3311116|||[]||||[]|osm_poi:node/4715305689
вуліца Паркавая|остановка транспорта|||53.0891289|25.3896967|||[]||||[]|osm_poi:node/4715305691
Русакова|остановка транспорта|||52.9811872|25.4011516|||[]||||[]|osm_poi:node/4715767589
вуліца Шасэйная|остановка транспорта|||53.0853789|25.3142087|||[]||||[]|osm_poi:node/4715808592
вуліца Кляновая|остановка транспорта|||53.0596841|25.3036961|||[]||||[]|osm_poi:node/4715810491
Косаўскі рынак|остановка транспорта|||53.0666961|25.3140728|||[]||||[]|osm_poi:node/4715833589
Гарадская паліклініка|остановка транспорта|||53.070696|25.3165952|||[]||||[]|osm_poi:node/4715833689
Сярэдняя школа №9|остановка транспорта|||53.0742512|25.3124072|||[]||||[]|osm_poi:node/4715833789
Салдацкае возера|остановка транспорта|||53.0673133|25.3097907|||[]||||[]|osm_poi:node/4715833889
вуліца Шасэйная|остановка транспорта|||53.0860111|25.3133937|||[]||||[]|osm_poi:node/4715833989
Дзятлава|остановка транспорта|||53.4695562|25.4178672|||[]||||[]|osm_poi:node/4717661399
Дзятлава|остановка транспорта|||53.4701613|25.4148474|||[]||||[]|osm_poi:node/4717661400
рынак Наш край|остановка транспорта|||53.0811602|25.3102502|||[]||||[]|osm_poi:node/4718366792
Іса|остановка транспорта|||53.0518187|25.5446823|||[]||||[]|osm_poi:node/4718388591
вуліца Калгасная|остановка транспорта|||53.0927746|25.3948292|||[]||||[]|osm_poi:node/4718388592
магазин Доброном|остановка транспорта|||53.0779197|25.2945682|||[]||||[]|osm_poi:node/4718395991
Іса|остановка транспорта|||53.0523375|25.5429632|||[]||||[]|osm_poi:node/4718422289
вуліца Гастэлы|остановка транспорта|||53.4196702|24.5376107|||[]||||[]|osm_poi:node/4723610814
плошча Леніна|остановка транспорта|||53.093075|25.3201428|||[]||||[]|osm_poi:node/4728736593
Вакзал|остановка транспорта|||53.0944248|25.3425525|||[]||||[]|osm_poi:node/4728736594
Туалет|туалет|||53.0949932|25.3437515|||[]||no||[]|osm_poi:node/4728736595
вуліца Зялёная|остановка транспорта|||53.0884563|25.3096769|||[]||||[]|osm_poi:node/4728737291
вуліца Зялёная|остановка транспорта|||53.088341|25.3098345|||[]||||[]|osm_poi:node/4728750990
Баравічок|остановка транспорта|||53.5340449|25.495891|||[]||||[]|osm_poi:node/4737518885
Задворʼе|остановка транспорта|||53.393839|24.9107829|||[]||||[]|osm_poi:node/4737840317
Задворʼе|остановка транспорта|||53.3940486|24.9103805|||[]||||[]|osm_poi:node/4737840320
Рэтра-чабурэк|кафе|||53.6855279|23.8427411|||[]|10:00-22:00|||[]|osm_poi:node/4746390927
Бакст|ресторан||Гродна|53.6784373|23.8239862|||[]|Mo-Th 10:00-00:00; Fr-Sa 10:00-01:30; Su 10:00-00:00|||[]|osm_poi:node/4754055621
Столовая|кафе|||53.7065004|23.8349415|||[]||||[]|osm_poi:node/4776025385
Столовая|кафе|||53.7198948|23.8078013|||[]||||[]|osm_poi:node/4776038398
Фуршет|кафе|||53.721577|23.8220489|||[]||||[]|osm_poi:node/4777119702
Буфет|кафе||Гродна|53.6808617|23.8643147|||[]|Mo-Fr 10:00-14:00, 14:30-17:00|||[]|osm_poi:node/4785697333
Кофе Хауз|кафе|||53.8925323|25.2548732|||[]||||[]|osm_poi:node/4792765347
Остановка|остановка транспорта|||53.4039228|24.2896839|||[]||||[]|osm_poi:node/4798431121
Остановка|остановка транспорта|||53.40591|24.2892902|||[]||||[]|osm_poi:node/4798431122
Остановка|остановка транспорта|||53.3041326|24.9506579|||[]||||[]|osm_poi:node/4805409725
Остановка|остановка транспорта|||53.2912618|24.9242952|||[]||||[]|osm_poi:node/4805410848
Остановка|остановка транспорта|||53.6271488|23.6462744|||[]||||[]|osm_poi:node/4809786530
Лясное-2|остановка транспорта|||53.6195156|23.7032848|||[]||||[]|osm_poi:node/4809786531
с.т. «Суніца»|остановка транспорта|||53.6141022|23.6727664|||[]||||[]|osm_poi:node/4809816725
Остановка|остановка транспорта|||53.6274594|23.646443|||[]||||[]|osm_poi:node/4809816731
Burger King|кафе||Гродна|53.6817087|23.8317998|||[]|Mo-Su 10:00-23:00|||[]|osm_poi:node/4809896154
Coffee Way|кафе|||53.8905609|25.2998067|||[]|Mo-Fr 07:30-22:00; Sa-Su 09:00-22:00|||[]|osm_poi:node/4810316421
Падлабенне|остановка транспорта|||53.6939442|23.6929562|||[]||||[]|osm_poi:node/4817967711
Дабраволя-1|остановка транспорта|||52.9105767|24.0188095|||[]||||[]|osm_poi:node/4823346142
Аграсядзіба Паланэз|гостиница|||54.4204353|26.5316048|||[]||||[]|osm_poi:node/4825914721
Вялікія Князікоўцы|остановка транспорта|||53.9705633|25.5544893|||[]||||[]|osm_poi:node/4827306711
Вялікія Князікоўцы|остановка транспорта|||53.9706964|25.5551913|||[]||||[]|osm_poi:node/4827306712
Апартаменты «Old town»|гостиница||Ліда|53.8869223|25.3018101|||[]||||[]|osm_poi:node/4829042558
Апартаменты «Gidimin»|гостиница|||53.8852654|25.2997456|||[]||||[]|osm_poi:node/4829052913
Варакумшчына|остановка транспорта|||54.596576|26.2009804|||[]||||[]|osm_poi:node/4841258853
Малыя Рачуны|остановка транспорта|||54.5870876|26.2029177|||[]||||[]|osm_poi:node/4841258854
Остановка|остановка транспорта|||53.2649286|25.53071|||[]||||[]|osm_poi:node/4843518237
Остановка|остановка транспорта|||53.3484992|25.4858027|||[]||||[]|osm_poi:node/4843518244
рака Дзітва|остановка транспорта|||53.7521823|25.413019|||[]||||[]|osm_poi:node/4844492426
Туалет|туалет|||54.7201015|25.7487122|||[]||||[]|osm_poi:node/4845792555
вуліца Камсамольская|остановка транспорта|||53.5933134|25.8241303|||[]||||[]|osm_poi:node/4846055291
мікрараён Чырвонаармейскі|остановка транспорта|||53.8947596|25.2620101|||[]||||[]|osm_poi:node/4851664156
Остановка|остановка транспорта|||54.5074273|26.4967703|||[]||||[]|osm_poi:node/4862701562
Остановка|остановка транспорта|||54.50738|26.498547|||[]||||[]|osm_poi:node/4862701563
Туалет|туалет|||53.6822505|23.8316885|||[]|Mo-Sa 10:00-20:00; Su 10:00-19:00|no||[]|osm_poi:node/4872515855
Марс|остановка транспорта|||53.4309997|24.5732054|||[]||||[]|osm_poi:node/4874412998
Кацярынка|остановка транспорта|||53.4187541|24.5810813|||[]||||[]|osm_poi:node/4874555431
Гасцініца|остановка транспорта|||54.4816779|26.3936908|||[]||||[]|osm_poi:node/4874964821
Кавчег|ресторан|||54.4775395|26.4220441|||[]||||[]|osm_poi:node/4876353121
Гасціны двор|кафе|||53.8458621|25.1867554|||[]|24/7|||[]|osm_poi:node/4893656856
Сагита|ресторан|||53.8943692|25.3908098|||[]|Fr 21:00-05:00; Sa 21:00-05:00|||[]|osm_poi:node/4893656857
Хостэл|гостиница|||54.4283384|25.9422927|||[]||||[]|osm_poi:node/4902915526
Клочкі МТ|остановка транспорта|||54.5803834|26.1991279|||[]||||[]|osm_poi:node/4910330664
Баруны|остановка транспорта|||54.3161122|26.1395924|||[]||||[]|osm_poi:node/4920483423
Біюцішкі|остановка транспорта|||54.3013533|26.0876865|||[]||||[]|osm_poi:node/4920483426
Пераходы|остановка транспорта|||54.2248205|26.350457|||[]||||[]|osm_poi:node/4920498721
Мілэйкава|остановка транспорта|||54.2499486|26.3248352|||[]||||[]|osm_poi:node/4920498821
Остановка|остановка транспорта|||54.297743|26.2747843|||[]||||[]|osm_poi:node/4920498822
Ракаўцы|остановка транспорта|||54.2810649|26.2898113|||[]||||[]|osm_poi:node/4920498921
Остановка|остановка транспорта|||54.3129473|26.226654|||[]||||[]|osm_poi:node/4920514122
Остановка|остановка транспорта|||54.3152329|26.1039789|||[]||||[]|osm_poi:node/4920514124
Цюпішкі|остановка транспорта|||54.2877557|26.0620574|||[]||||[]|osm_poi:node/4920514125
Старыя Баруны|остановка транспорта|||54.3165154|26.1703054|||[]||||[]|osm_poi:node/4920520821
Лужышча|остановка транспорта|||54.2827974|26.0529686|||[]||||[]|osm_poi:node/4920521123
Гальшаны|остановка транспорта|||54.2577159|26.0096976|||[]||||[]|osm_poi:node/4920609521
Остановка|остановка транспорта|||54.2734994|25.9908527|||[]||||[]|osm_poi:node/4920609721
Грынцы|остановка транспорта|||54.4659687|25.9081938|||[]||||[]|osm_poi:node/4920626322
Гродзі|остановка транспорта|||54.5244405|25.8859858|||[]||||[]|osm_poi:node/4920626323
Ступкоўшчына|остановка транспорта|||54.5361146|25.8892874|||[]||||[]|osm_poi:node/4920626324
Карабы|остановка транспорта|||54.2831988|25.9850386|||[]||||[]|osm_poi:node/4920627221
Каменка|остановка транспорта|||54.3026325|25.9735809|||[]||||[]|osm_poi:node/4920627321
Остановка|остановка транспорта|||54.3180392|25.9625344|||[]||||[]|osm_poi:node/4920627322
Палянікі|остановка транспорта|||54.3671839|25.9327042|||[]||||[]|osm_poi:node/4920627323
Малы Гудагай|остановка транспорта|||54.5525238|25.9006578|||[]||||[]|osm_poi:node/4920627324
Ліпкі|остановка транспорта|||54.5833179|25.8890518|||[]||||[]|osm_poi:node/4920627326
Аграбанк|остановка транспорта|||54.6152093|25.9600058|||[]||||[]|osm_poi:node/4920627327
Людвікаўшчына|остановка транспорта|||54.3427761|25.9511843|||[]||||[]|osm_poi:node/4920627421
Остановка|остановка транспорта|||54.3575586|25.9449597|||[]||||[]|osm_poi:node/4920627422
Станцыя Гудагай|остановка транспорта|||54.5985034|25.9015329|||[]||||[]|osm_poi:node/4920627423
Станцыя Гудагай|остановка транспорта|||54.5877816|25.8912131|||[]||||[]|osm_poi:node/4920627521
Чэрнішкі|остановка транспорта|||54.6801772|26.07156|||[]||||[]|osm_poi:node/4920644322
Карлаўшчызна|остановка транспорта|||54.7095317|26.081138|||[]||||[]|osm_poi:node/4920644324
Грэбалы|остановка транспорта|||54.7074533|26.0909661|||[]||||[]|osm_poi:node/4920671323
Остановка|остановка транспорта|||54.5139386|26.5529071|||[]||||[]|osm_poi:node/4920825522
Карлаўшчызна|остановка транспорта|||54.711718|26.08208|||[]||||[]|osm_poi:node/4920827321
Чэрнішкі|остановка транспорта|||54.6822416|26.0737494|||[]||||[]|osm_poi:node/4920827322
Мацканы|остановка транспорта|||54.6021419|26.051618|||[]||||[]|osm_poi:node/4920827323
Солы|остановка транспорта|||54.5076545|26.1978072|||[]||||[]|osm_poi:node/4920827325
Крапіўна|остановка транспорта|||54.4996509|26.2470781|||[]||||[]|osm_poi:node/4920827326
Лубянка|остановка транспорта|||54.4988145|26.2703713|||[]||||[]|osm_poi:node/4920827327
Остановка|остановка транспорта|||54.5065218|26.4583407|||[]||||[]|osm_poi:node/4920827328
Дайлідкі|остановка транспорта|||54.5612012|26.1087432|||[]||||[]|osm_poi:node/4920827521
паварот на Солы|остановка транспорта|||54.5005878|26.2078593|||[]||||[]|osm_poi:node/4920827522
Асінаўшчызна|остановка транспорта|||54.5048917|26.3272871|||[]||||[]|osm_poi:node/4920827523
Арэхаўка|остановка транспорта|||54.4963816|26.3544194|||[]||||[]|osm_poi:node/4920827524
Рускае Сяло|остановка транспорта|||54.5535813|26.678911|||[]||||[]|osm_poi:node/4920827526
Тракелі|остановка транспорта|||54.5497019|26.1171064|||[]||||[]|osm_poi:node/4920827621
Туалет|туалет|||53.8450353|25.5897425|||[]||||[]|osm_poi:node/4922800659
Туалет|туалет|||53.0133057|25.3233959|||[]||no||[]|osm_poi:node/4923861923
Sun Rise|ресторан|||54.6178629|25.9613746|||[]||||[]|osm_poi:node/4933981557
Рышчыцы-1|остановка транспорта|||53.0712598|25.3314096|||[]||||[]|osm_poi:node/4942176778
Рышчыцы-1|остановка транспорта|||53.070695|25.3319018|||[]||||[]|osm_poi:node/4942176779
Остановка|остановка транспорта|||53.6888322|23.7565363|||[]||||[]|osm_poi:node/4946958992
Полонез|кафе||Гродна|53.6855519|23.8459176|||[]|Mo-Th 12:00-00:00; Fr-Sa 12:00-2:00; Su 12:00-00:00|||[]|osm_poi:node/4949623346
Галактика|кафе|||53.6743332|23.8519491|||[]||||[]|osm_poi:node/4955115762
Галактика|ресторан||Гродна|53.6744592|23.8518701|||[]||||[]|osm_poi:node/4955248221
Чашчаўляны|остановка транспорта|||53.7305161|23.9096044|||[]||||[]|osm_poi:node/4958337494
Каменная Русота|остановка транспорта|||53.7336091|23.9248159|||[]||||[]|osm_poi:node/4958337495
Агароднікі|остановка транспорта|||53.7468294|23.9373087|||[]||||[]|osm_poi:node/4958340647
Остановка|остановка транспорта|||53.7590209|23.9374899|||[]||||[]|osm_poi:node/4958340649
Остановка|остановка транспорта|||53.7691812|23.9884987|||[]||||[]|osm_poi:node/4958347138
Остановка|остановка транспорта|||53.7685234|23.986092|||[]||||[]|osm_poi:node/4958347141
Арка|кафе||Гродна|53.6827725|23.8313505|||[]|Mo-Su 11:00-23:00|||[]|osm_poi:node/4959597783
Лідахлебапрадукт|остановка транспорта|||53.9402|25.2452128|||[]||||[]|osm_poi:node/4964748725
Контэ Спа|остановка транспорта|||53.7185416|23.8172462|||[]||||[]|osm_poi:node/4972390023
Бизнес Паб|кафе||Гродна|53.7106401|23.8261573|||[]|Mo-Fr 10:00-22:00; Sa 12:00-22:00|||[]|osm_poi:node/4973587260
с.т. «Суніца»|остановка транспорта|||53.6143458|23.6721021|||[]||||[]|osm_poi:node/4982566173
садовае таварыства Папараць|остановка транспорта|||53.6109977|23.679721|||[]||||[]|osm_poi:node/4982566213
Столовая|кафе|||53.6187244|23.8841085|||[]|Mo-Su 08:00-14:30, 15:30-17:00|||[]|osm_poi:node/4982747924
Остановка|остановка транспорта|||53.6682062|23.6144257|||[]||||[]|osm_poi:node/4982962916
Остановка|остановка транспорта|||53.7098612|23.6163425|||[]||||[]|osm_poi:node/4983070136
Навумавічы|остановка транспорта|||53.7102968|23.6783831|||[]||||[]|osm_poi:node/4985127227
Навумавічы|остановка транспорта|||53.7096816|23.6784625|||[]||||[]|osm_poi:node/4985127228
Остановка|остановка транспорта|||53.7811313|23.7867582|||[]||||[]|osm_poi:node/4988072660
Вусава|остановка транспорта|||53.8539133|23.5821509|||[]||||[]|osm_poi:node/4995089579
Друзья|кафе|||53.8125593|23.8602113|||[]||||[]|osm_poi:node/4997212504
Туалет|туалет|||53.1432588|24.8158387|||[]|08:00-18:00|yes||[]|osm_poi:node/4998620269
Кофе с собой|кафе|||53.8897121|25.2992725|||[]||||[]|osm_poi:node/4999306725
24 часа|кафе|||53.8809822|25.2959121|||[]||||[]|osm_poi:node/4999307224
Сябры|остановка транспорта|||53.5912546|23.6872801|||[]||||[]|osm_poi:node/4999649321
Цідовічы|остановка транспорта|||53.7758403|23.9119591|||[]||||[]|osm_poi:node/5000040410
Зарыца|остановка транспорта|||53.7515514|23.8441223|||[]||||[]|osm_poi:node/5000041077
Вуліца Ражанскага|остановка транспорта|||53.7440857|23.8386627|||[]||||[]|osm_poi:node/5000118849
Вуліца Абрэмскага|остановка транспорта|||53.7438496|23.8353775|||[]||||[]|osm_poi:node/5000118850
Вуліца Абрэмскага|остановка транспорта|||53.7438621|23.8334876|||[]||||[]|osm_poi:node/5000118851
Остановка|остановка транспорта|||53.5919548|23.6778078|||[]||||[]|osm_poi:node/5001142521
Остановка|остановка транспорта|||53.5919789|23.6771729|||[]||||[]|osm_poi:node/5001142621
Остановка|остановка транспорта|||53.5896346|23.7010538|||[]||||[]|osm_poi:node/5001142622
Столовая|кафе|||53.7297951|23.7909843|||[]||||[]|osm_poi:node/5001737773
Путник|кафе||Гродна|53.677697|23.84272|||[]||||[]|osm_poi:node/5002076222
Контэ Спа|остановка транспорта|||53.7185414|23.8158277|||[]||||[]|osm_poi:node/5002939016
вуліца Мясніцкая|остановка транспорта|||53.7222605|23.8242778|||[]||||[]|osm_poi:node/5002939625
вуліца Мясніцкая|остановка транспорта|||53.7227199|23.8234565|||[]||||[]|osm_poi:node/5002939626
Літоўка|гостиница|||53.6365898|25.8122005|||[]||||[]|osm_poi:node/5005333729
Літоўка|остановка транспорта|||53.6352753|25.8124111|||[]||||[]|osm_poi:node/5005355922
Гезгалы|остановка транспорта|||53.601461|25.3802258|||[]||||[]|osm_poi:node/5005953618
Кафетерий|кафе|||53.6036184|25.3805584|||[]|08:00-14:00,15:00-20:00|||[]|osm_poi:node/5005954676
Лапенкі|остановка транспорта|||53.719378|23.8475908|||[]||||[]|osm_poi:node/5009601514
вуліца Асфальтавая|остановка транспорта|||53.717756|23.8601679|||[]||||[]|osm_poi:node/5009601752
Аульс|остановка транспорта|||53.6835364|23.9564427|||[]||||[]|osm_poi:node/5011409906
могілкі Аульс|остановка транспорта|||53.6856522|23.9560379|||[]||||[]|osm_poi:node/5011409907
Столовая ТЭЦ 2|кафе|||53.6661982|23.9239964|||[]||||[]|osm_poi:node/5012197963
Столовая|кафе|||53.6729005|23.9068961|||[]||||[]|osm_poi:node/5013982042
Аграсядзіба «Сярэбраны ручай»|гостиница|||53.0728433|24.8448113|||[]||||[]|osm_poi:node/5019399577
Райсельгастэхніка|остановка транспорта|||53.6616852|23.8706539|||[]||||[]|osm_poi:node/5020361903
Лупачы|остановка транспорта|||53.3453002|25.0164066|||[]||||[]|osm_poi:node/5020810429
Лупачы|остановка транспорта|||53.3445024|25.015859|||[]||||[]|osm_poi:node/5020810432
Сліжы Падграбельныя|остановка транспорта|||53.334462|24.9998402|||[]||||[]|osm_poi:node/5020810640
Сліжы Падграбельныя|остановка транспорта|||53.3331787|24.9982044|||[]||||[]|osm_poi:node/5020810675
Тумашы|остановка транспорта|||53.3067713|24.9675367|||[]||||[]|osm_poi:node/5020810681
Тумашы|остановка транспорта|||53.3062822|24.966495|||[]||||[]|osm_poi:node/5020810683
Вялікія Азёркі|остановка транспорта|||53.3000028|24.9541177|||[]||||[]|osm_poi:node/5020810685
Вялікія Азёркі|остановка транспорта|||53.3010429|24.9558581|||[]||||[]|osm_poi:node/5020810687
СП «Тэста»|остановка транспорта|||53.6419487|23.8056105|||[]||||[]|osm_poi:node/5028930031
Пицца & Кофе|кафе|||53.6215786|23.8180569|||[]|Mo-Su 11:00-1:00|||[]|osm_poi:node/5030217335
Остановка|остановка транспорта|||53.6220249|23.8658037|||[]||||[]|osm_poi:node/5030466029
Остановка|остановка транспорта|||53.6225524|23.865177|||[]||||[]|osm_poi:node/5030466049
Туалет|туалет|||53.6244766|23.8637949|||[]||||[]|osm_poi:node/5030466066
Basta Pasta|ресторан||Гродна|53.6541973|23.8302923|||[]|Mo-Th 12:00-24:00; Fr-Sa 12:00-2:00; Su 12:00-24:00|||[]|osm_poi:node/5032173328
Кафетерий|кафе||Гродна|53.6566936|23.8412261|||[]||||[]|osm_poi:node/5038847664
Каркадэ|кафе|||53.6587818|23.8355155|||[]||||[]|osm_poi:node/5038847940
Столовая № 1|кафе|||53.6668144|23.8335445|||[]||||[]|osm_poi:node/5040798970
Марачы|остановка транспорта|||53.1977575|24.8408523|||[]||||[]|osm_poi:node/5041157697
Марачы|остановка транспорта|||53.1966433|24.8418149|||[]||||[]|osm_poi:node/5041157699
Буфет|кафе|||53.666378|23.8278396|||[]||||[]|osm_poi:node/5041211530
Остановка|остановка транспорта|||53.7493991|24.2204171|||[]||||[]|osm_poi:node/5043807189
Остановка|остановка транспорта|||53.7488329|24.2196983|||[]||||[]|osm_poi:node/5043807190
Остановка|остановка транспорта|||53.0020134|25.3526634|||[]||||[]|osm_poi:node/5046915161
Остановка|остановка транспорта|||53.0207259|25.3445923|||[]||||[]|osm_poi:node/5046915174
Остановка|остановка транспорта|||53.0139652|25.3446892|||[]||||[]|osm_poi:node/5046915185
Туалет|туалет|||53.0142298|25.3454013|||[]||no||[]|osm_poi:node/5046916676
Монастырская трапеза|кафе|||53.014872|25.3455877|||[]|08:30-18:00|||[]|osm_poi:node/5046916709
Мажэйкава|остановка транспорта|||53.7194648|24.9830707|||[]||||[]|osm_poi:node/5052043083
Адамовичи|остановка транспорта|||53.6771899|23.7167057|||[]||||[]|osm_poi:node/5062456716
Адамовичи|остановка транспорта|||53.6774932|23.7131118|||[]||||[]|osm_poi:node/5062456921
Трычы|остановка транспорта|||53.6788046|23.6976921|||[]||||[]|osm_poi:node/5062456922
Трычы|остановка транспорта|||53.6797521|23.695839|||[]||||[]|osm_poi:node/5062456923
Кафе-бар «У Яна»|ресторан|||53.8510663|25.3395139|||[]||||[]|osm_poi:node/5063603212
Зіновічы|остановка транспорта|||53.682294|25.0825767|||[]||||[]|osm_poi:node/5063758170
Голдава|остановка транспорта|||53.6976314|25.1072583|||[]||||[]|osm_poi:node/5063758171
Ходараўцы|остановка транспорта|||53.6388118|25.0634506|||[]||||[]|osm_poi:node/5064143529
Ходараўцы|остановка транспорта|||53.6347564|25.0633583|||[]||||[]|osm_poi:node/5064156630
Цюльпан|остановка транспорта|||53.8360562|23.846404|||[]||||[]|osm_poi:node/5064733814
Остановка|остановка транспорта|||53.8364133|23.8468058|||[]||||[]|osm_poi:node/5064734432
Остановка|остановка транспорта|||53.4658446|24.2855553|||[]||||[]|osm_poi:node/5070283945
Савінка|остановка транспорта|||53.429817|24.4546124|||[]||||[]|osm_poi:node/5070283947
Савінка|остановка транспорта|||53.4301342|24.4544396|||[]||||[]|osm_poi:node/5070283948
Туалет|туалет|||53.6093505|24.7451472|||[]||||[]|osm_poi:node/5082392015
Туалет|туалет|||53.6062725|24.6366858|||[]||||[]|osm_poi:node/5082428118
Гелюны|остановка транспорта|||54.6941113|26.2166697|||[]||||[]|osm_poi:node/5083169329
Версаль|ресторан|||53.930348|25.7694155|||[]||||[]|osm_poi:node/5090296121
Весна|ресторан|||53.9307839|25.7711715|||[]||||[]|osm_poi:node/5090296221
праспект Лебедзева|остановка транспорта|||53.6433888|23.8174409|||[]||||[]|osm_poi:node/5109755601
вуліца Адэльская|остановка транспорта|||53.6144251|23.820937|||[]||||[]|osm_poi:node/5110991037
Вуліца Вясковая|остановка транспорта|||53.6208767|23.8230908|||[]||||[]|osm_poi:node/5110991038
вуліца Волкава|остановка транспорта|||53.6333601|23.8078183|||[]||||[]|osm_poi:node/5110991039
гандлёвы цэнтр «Фолюш»|остановка транспорта|||53.6585438|23.7820372|||[]||||[]|osm_poi:node/5110991044
вуліца Волкава|остановка транспорта|||53.6326796|23.8063914|||[]||||[]|osm_poi:node/5110991045
Сярэдняя школа № 39|остановка транспорта|||53.6273924|23.8038003|||[]||||[]|osm_poi:node/5110991046
Зорная вуліца|остановка транспорта|||53.6234009|23.8423118|||[]||||[]|osm_poi:node/5113616126
Вуліца Вясковая|остановка транспорта|||53.6204513|23.8268267|||[]||||[]|osm_poi:node/5113616128
Вуліца Баброўскага|остановка транспорта|||53.6200192|23.8285701|||[]||||[]|osm_poi:node/5113616129
Вуліца Асенняя|остановка транспорта|||53.6216067|23.8388264|||[]||||[]|osm_poi:node/5113616130
Асіпаны|остановка транспорта|||54.4950457|26.1891034|||[]||||[]|osm_poi:node/5125993862
Асіпаны|остановка транспорта|||54.495489|26.1913213|||[]||||[]|osm_poi:node/5125993865
Поцевічы|остановка транспорта|||54.4894633|26.1696066|||[]||||[]|osm_poi:node/5125998194
Поцевічы|остановка транспорта|||54.4906107|26.1742212|||[]||||[]|osm_poi:node/5125998195
Шчопаны|остановка транспорта|||54.4846448|26.1512914|||[]||||[]|osm_poi:node/5125999685
Шчопаны|остановка транспорта|||54.4847648|26.146167|||[]||||[]|osm_poi:node/5125999686
Нарбуты|остановка транспорта|||54.4863794|26.1229957|||[]||||[]|osm_poi:node/5126008251
Нарбуты|остановка транспорта|||54.4862588|26.1261474|||[]||||[]|osm_poi:node/5126008252
Жупраны|остановка транспорта|||54.4687533|26.086318|||[]||||[]|osm_poi:node/5126040792
Жупраны|остановка транспорта|||54.4694329|26.087533|||[]||||[]|osm_poi:node/5126040793
Дукойні|остановка транспорта|||54.4542004|26.0409481|||[]||||[]|osm_poi:node/5126041047
Дукойні|остановка транспорта|||54.4548897|26.0444342|||[]||||[]|osm_poi:node/5126041048
Кракоўка|остановка транспорта|||54.442262|25.9961529|||[]||||[]|osm_poi:node/5126041587
Кракоўка|остановка транспорта|||54.4427683|25.9988214|||[]||||[]|osm_poi:node/5126041588
Міхалконі|остановка транспорта|||54.4212721|26.0131267|||[]||||[]|osm_poi:node/5126076631
Агароднікі|остановка транспорта|||54.4107253|26.0612925|||[]||||[]|osm_poi:node/5126087660
Ордзевічы|остановка транспорта|||54.3925054|26.1218341|||[]||||[]|osm_poi:node/5126099398
Остановка|остановка транспорта|||54.3631898|26.1582533|||[]||||[]|osm_poi:node/5126109005
Остановка|остановка транспорта|||54.3606687|26.1620747|||[]||||[]|osm_poi:node/5126109006
Остановка|остановка транспорта|||54.3501558|26.183843|||[]||||[]|osm_poi:node/5126115751
Остановка|остановка транспорта|||54.3482194|26.1869101|||[]||||[]|osm_poi:node/5126115752
Асінаўшчызна|остановка транспорта|||54.5036072|26.3315642|||[]||||[]|osm_poi:node/5126435735
Остановка|остановка транспорта|||54.4622337|26.4617961|||[]||||[]|osm_poi:node/5126909116
Остановка|остановка транспорта|||52.9324301|24.256458|||[]||||[]|osm_poi:node/5132913642
Дабраволя-2|остановка транспорта|||52.9061957|24.032574|||[]||||[]|osm_poi:node/5132938115
Остановка|остановка транспорта|||52.938182|24.5382321|||[]||||[]|osm_poi:node/5133173793
Остановка|остановка транспорта|||52.9370052|24.5382227|||[]||||[]|osm_poi:node/5133173794
Дашкавічы|остановка транспорта|||52.9440757|24.5257171|||[]||||[]|osm_poi:node/5133173806
Асіпаны|остановка транспорта|||54.4949986|26.1906405|||[]||||[]|osm_poi:node/5141453066
Солы|остановка транспорта|||54.5080073|26.1976831|||[]||||[]|osm_poi:node/5141478286
Малыя Рачуны|остановка транспорта|||54.5870622|26.2031983|||[]||||[]|osm_poi:node/5141496865
Снігяны|остановка транспорта|||54.5740684|26.204455|||[]||||[]|osm_poi:node/5141496867
Снігяны|остановка транспорта|||54.5684996|26.2028305|||[]||||[]|osm_poi:node/5141502250
Снігяны|остановка транспорта|||54.5613004|26.2014229|||[]||||[]|osm_poi:node/5141521718
Дэгісі|остановка транспорта|||54.5431696|26.1970415|||[]||||[]|osm_poi:node/5141535365
Солы (па патрабаванню)|остановка транспорта|||54.5246569|26.1891119|||[]||||[]|osm_poi:node/5141535374
Солы (па патрабаванню)|остановка транспорта|||54.5244671|26.1885643|||[]||||[]|osm_poi:node/5141535375
Варакумшчына|остановка транспорта|||54.5990524|26.2017481|||[]||||[]|osm_poi:node/5141554980
Новыя Якентаны|остановка транспорта|||54.6223419|26.1197783|||[]||||[]|osm_poi:node/5141586028
Новыя Якентаны|остановка транспорта|||54.6217922|26.1206044|||[]||||[]|osm_poi:node/5141586029
Малыя Якентаны|остановка транспорта|||54.6305627|26.134127|||[]||||[]|osm_poi:node/5141587352
Малыя Якентаны|остановка транспорта|||54.6312256|26.1345171|||[]||||[]|osm_poi:node/5141592023
Малыя Якентаны|остановка транспорта|||54.6281793|26.130773|||[]||||[]|osm_poi:node/5141592024
Туалет|туалет|||53.1453691|24.8593461|||[]||no||[]|osm_poi:node/5141695932
Медрыкі|остановка транспорта|||54.5370396|26.1413548|||[]||||[]|osm_poi:node/5142663899
Остановка|остановка транспорта|||54.4862788|26.1230162|||[]||||[]|osm_poi:node/5142717823
Тракелі|остановка транспорта|||54.5499822|26.1171904|||[]||||[]|osm_poi:node/5142755894
Дайлідкі|остановка транспорта|||54.5735748|26.0970837|||[]||||[]|osm_poi:node/5142763592
Ізабеліна|остановка транспорта|||54.612704|26.0518636|||[]||||[]|osm_poi:node/5142818966
Келёйці|остановка транспорта|||54.6204245|26.0742672|||[]||||[]|osm_poi:node/5142818971
Келёйці|остановка транспорта|||54.6204698|26.0748999|||[]||||[]|osm_poi:node/5142818972
Гервяты|остановка транспорта|||54.6877503|26.1466612|||[]||||[]|osm_poi:node/5142860833
Слабада|остановка транспорта|||54.7266686|26.0368835|||[]||||[]|osm_poi:node/5142907888
Варона|остановка транспорта|||54.757207|25.9579624|||[]||||[]|osm_poi:node/5143044742
Варона|остановка транспорта|||54.7567124|25.9597284|||[]||||[]|osm_poi:node/5143044745
Загазь|остановка транспорта|||54.770309|26.0228696|||[]||||[]|osm_poi:node/5143048506
Загазь|остановка транспорта|||54.7698805|26.022706|||[]||||[]|osm_poi:node/5143048507
Беразоўка|остановка транспорта|||54.7672696|25.9970086|||[]||||[]|osm_poi:node/5143102807
Беразоўка|остановка транспорта|||54.7676207|25.9991074|||[]||||[]|osm_poi:node/5143103424
Катлоўка|остановка транспорта|||54.7181611|25.7475849|||[]||||[]|osm_poi:node/5143184220
Шунэлішкі|остановка транспорта|||54.5590268|25.8974409|||[]||||[]|osm_poi:node/5144503964
Ступкоўшчына|остановка транспорта|||54.5354284|25.8882299|||[]||||[]|osm_poi:node/5144504014
Гродзі|остановка транспорта|||54.5222764|25.8856709|||[]||||[]|osm_poi:node/5144541609
Сухадолы|остановка транспорта|||54.4987024|25.8951049|||[]||||[]|osm_poi:node/5144569887
Стрэльчыкі|остановка транспорта|||54.4840991|25.897735|||[]||||[]|osm_poi:node/5144569920
Грынцы|остановка транспорта|||54.4668724|25.9113505|||[]||||[]|osm_poi:node/5144585781
Ашмяны|остановка транспорта|||54.4406578|25.9504102|||[]||||[]|osm_poi:node/5144744412
Остановка|остановка транспорта|||54.4610438|25.8786582|||[]||||[]|osm_poi:node/5144744446
Остановка|остановка транспорта|||54.4611975|25.8788553|||[]||||[]|osm_poi:node/5144744447
Цялежышкі|остановка транспорта|||54.4897875|25.8350249|||[]||||[]|osm_poi:node/5144781122
Цялежышкі|остановка транспорта|||54.4923897|25.8325531|||[]||||[]|osm_poi:node/5144781123
Туалет|туалет|||54.5128486|25.7877127|||[]||||[]|osm_poi:node/5144781213
Навасёлкі|остановка транспорта|||54.5179366|25.7744383|||[]||||[]|osm_poi:node/5144781234
Навасёлкі|остановка транспорта|||54.5161549|25.7778696|||[]||||[]|osm_poi:node/5144781235
Остановка|остановка транспорта|||54.5255699|25.749108|||[]||||[]|osm_poi:node/5144799868
Каменны Лог|остановка транспорта|||54.5192907|25.7282383|||[]||||[]|osm_poi:node/5144799886
Каменны Лог|остановка транспорта|||54.5190122|25.7285798|||[]||||[]|osm_poi:node/5144799887
Остановка|остановка транспорта|||54.5270086|25.7436346|||[]||||[]|osm_poi:node/5144799888
Туалет|туалет|||54.5368058|25.7240732|||[]||||[]|osm_poi:node/5144849582
Каменка|остановка транспорта|||54.5870899|25.9726779|||[]||||[]|osm_poi:node/5145056963
Станцыя Ашмяны|остановка транспорта|||54.5320159|26.0808697|||[]||||[]|osm_poi:node/5145135413
Кумпяны|остановка транспорта|||54.6441341|25.891327|||[]||||[]|osm_poi:node/5145703723
Слабодка|остановка транспорта|||54.7409786|25.8665399|||[]||||[]|osm_poi:node/5145765738
Трабы ПЗ|остановка транспорта|||54.1618708|25.9107346|||[]||||[]|osm_poi:node/5146725248
Дунічы|остановка транспорта|||54.0985929|25.9162094|||[]||||[]|osm_poi:node/5146732369
аўтакаса Юрацішкі|остановка транспорта|||54.0325965|25.9263318|||[]||||[]|osm_poi:node/5146742661
аўтакаса Юрацішкі|остановка транспорта|||54.0315952|25.926974|||[]||||[]|osm_poi:node/5146742663
Жылічы|остановка транспорта|||54.0148752|25.9029129|||[]||||[]|osm_poi:node/5146764232
Ятаўтавічы|остановка транспорта|||53.9867719|25.8769385|||[]||||[]|osm_poi:node/5146764297
Гуршчызна|остановка транспорта|||53.9758578|25.8678672|||[]||||[]|osm_poi:node/5146764301
Зубковічы|остановка транспорта|||53.958117|25.8426155|||[]||||[]|osm_poi:node/5146785994
Зубковічы|остановка транспорта|||53.9597118|25.8453775|||[]||||[]|osm_poi:node/5146785995
Мігуны|остановка транспорта|||54.0094647|25.4393954|||[]||||[]|osm_poi:node/5147361922
паварот на Дворышча|остановка транспорта|||53.9972061|25.3856484|||[]||||[]|osm_poi:node/5147361944
паварот на Дворышча|остановка транспорта|||53.9970358|25.3864423|||[]||||[]|osm_poi:node/5147361945
Эйтуны|остановка транспорта|||54.008379|25.3956467|||[]||||[]|osm_poi:node/5147374929
Эйтуны|остановка транспорта|||54.0093095|25.3964485|||[]||||[]|osm_poi:node/5147374930
Поліпніца|остановка транспорта|||54.0875729|25.3843385|||[]||||[]|osm_poi:node/5147459762
Поліпніца|остановка транспорта|||54.0870518|25.3847519|||[]||||[]|osm_poi:node/5147459780
Франаполле|остановка транспорта|||54.1237748|25.4108837|||[]||||[]|osm_poi:node/5147519848
Франаполле|остановка транспорта|||54.123327|25.4131198|||[]||||[]|osm_poi:node/5147519849
Парубішкі|остановка транспорта|||54.1255032|25.3877232|||[]||||[]|osm_poi:node/5147546486
Парубішкі|остановка транспорта|||54.1254544|25.3899138|||[]||||[]|osm_poi:node/5147546487
Германішкі|остановка транспорта|||54.1273971|25.3615594|||[]||||[]|osm_poi:node/5147636994
Даўкшаны|остановка транспорта|||54.1740755|25.4327355|||[]||||[]|osm_poi:node/5147822757
Даўкшаны|остановка транспорта|||54.1741692|25.43418|||[]||||[]|osm_poi:node/5147822758
Бародзічы|остановка транспорта|||53.1630477|24.7833667|||[]||||[]|osm_poi:node/5149568372
Падбярозы|остановка транспорта|||54.5800135|26.2164808|||[]||||[]|osm_poi:node/5149584522
Падбярозы|остановка транспорта|||54.5795301|26.2167839|||[]||||[]|osm_poi:node/5149584523
Завозерцы|остановка транспорта|||54.5780043|26.2431349|||[]||||[]|osm_poi:node/5149667529
Завозерцы|остановка транспорта|||54.5777542|26.2430382|||[]||||[]|osm_poi:node/5149667539
Гурэлі|остановка транспорта|||54.4080498|26.0058546|||[]||||[]|osm_poi:node/5149938872
Гурэлі|остановка транспорта|||54.4085231|26.0052239|||[]||||[]|osm_poi:node/5149938877
Волькавічы|остановка транспорта|||54.4025451|26.0285835|||[]||||[]|osm_poi:node/5149938882
Волькавічы|остановка транспорта|||54.4023943|26.029736|||[]||||[]|osm_poi:node/5149938883
Навасёлкі|остановка транспорта|||54.4033059|26.0696966|||[]||||[]|osm_poi:node/5149938894
Навасёлкі|остановка транспорта|||54.4023432|26.0822465|||[]||||[]|osm_poi:node/5149938895
Навасёлкі|остановка транспорта|||54.4025082|26.0803301|||[]||||[]|osm_poi:node/5149938896
Куцэвічы|остановка транспорта|||54.3859309|26.1160122|||[]||||[]|osm_poi:node/5149938903
Чаркасы|остановка транспорта|||54.3592936|26.1215947|||[]||||[]|osm_poi:node/5149938951
Гасцініца «Каўбасіно»|остановка транспорта|||53.6380013|23.8032246|||[]||||[]|osm_poi:node/5150037653
Трокенікі 1|остановка транспорта|||54.752789|25.8897402|||[]||||[]|osm_poi:node/5150148480
Трокенікі 1|остановка транспорта|||54.7531258|25.8896388|||[]||||[]|osm_poi:node/5150148481
Варняны|остановка транспорта|||54.7332396|25.9901201|||[]||||[]|osm_poi:node/5150164757
Варняны|остановка транспорта|||54.7324193|25.9903698|||[]||||[]|osm_poi:node/5150164759
Варона|остановка транспорта|||54.7574091|25.9600205|||[]||||[]|osm_poi:node/5150232959
Фальваркі|остановка транспорта|||54.748831|25.9689164|||[]||||[]|osm_poi:node/5150234889
Фальваркі|остановка транспорта|||54.7478193|25.9703003|||[]||||[]|osm_poi:node/5150241351
Варняны|остановка транспорта|||54.7236746|26.0114482|||[]||||[]|osm_poi:node/5150242814
Варняны|остановка транспорта|||54.7231984|26.0120754|||[]||||[]|osm_poi:node/5150242815
Слабада|остановка транспорта|||54.7257666|26.0387527|||[]||||[]|osm_poi:node/5150250954
Грэбалы|остановка транспорта|||54.7063775|26.0932065|||[]||||[]|osm_poi:node/5150287946
Рымдзюны|остановка транспорта|||54.665155|26.2152696|||[]||||[]|osm_poi:node/5150354840
Рымдзюны|остановка транспорта|||54.664055|26.2153404|||[]||||[]|osm_poi:node/5150362673
Арэхаўка|остановка транспорта|||54.4951065|26.3572683|||[]||||[]|osm_poi:node/5151127121
Крапіўна|остановка транспорта|||54.4999204|26.2457266|||[]||||[]|osm_poi:node/5151174223
Гіры|остановка транспорта|||54.6357813|26.1987839|||[]||||[]|osm_poi:node/5153498585
Куркі|остановка транспорта|||54.0351997|24.9496899|||[]||||[]|osm_poi:node/5153544626
Куркі|остановка транспорта|||54.0334883|24.9446968|||[]||||[]|osm_poi:node/5153544630
вуліца Хвойная|остановка транспорта|||53.6502869|23.7810977|||[]||||[]|osm_poi:node/5153922490
вуліца Хвойная|остановка транспорта|||53.6488524|23.7811389|||[]||||[]|osm_poi:node/5153922491
Багушэвіча-2|остановка транспорта|||53.6109205|23.8194687|||[]||||[]|osm_poi:node/5154891439
вуліца Міндэнская|остановка транспорта|||53.6132292|23.8134358|||[]||||[]|osm_poi:node/5154891440
Багушэвіча-2|остановка транспорта|||53.6121573|23.8141447|||[]||||[]|osm_poi:node/5154891441
вуліца Міндэнская|остановка транспорта|||53.6153418|23.8089535|||[]||||[]|osm_poi:node/5154891442
Вішнявец|остановка транспорта|||53.6409637|23.8651271|||[]||||[]|osm_poi:node/5154948056
Выгода|остановка транспорта|||53.340242|24.670124|||[]||||[]|osm_poi:node/5159675853
Выгода|остановка транспорта|||53.3412764|24.6698211|||[]||||[]|osm_poi:node/5159675857
Вайнідзеняты|остановка транспорта|||54.5206849|26.4247724|||[]||||[]|osm_poi:node/5162622298
Вайнідзеняты|остановка транспорта|||54.5170758|26.4272291|||[]||||[]|osm_poi:node/5162622321
Стоневічы|остановка транспорта|||53.9227366|25.8294971|||[]||||[]|osm_poi:node/5171189363
Стоневічы|остановка транспорта|||53.923124|25.8278795|||[]||||[]|osm_poi:node/5171189368
Дуды|остановка транспорта|||53.9126744|25.8573902|||[]||||[]|osm_poi:node/5171189379
Дуды|остановка транспорта|||53.9122327|25.8600981|||[]||||[]|osm_poi:node/5171189387
Сакалы|остановка транспорта|||54.0608408|25.2604179|||[]||||[]|osm_poi:node/5171189565
Остановка|остановка транспорта|||53.7823792|24.8481162|||[]||||[]|osm_poi:node/5171817982
Остановка|остановка транспорта|||53.7843369|24.8485417|||[]||||[]|osm_poi:node/5171817983
Каменка|остановка транспорта|||53.5830079|23.8164838|||[]||||[]|osm_poi:node/5173545173
Самуйлавічы|остановка транспорта|||53.3124871|24.6950487|||[]||||[]|osm_poi:node/5174582149
Самуйлавічы|остановка транспорта|||53.312859|24.6948598|||[]||||[]|osm_poi:node/5174582153
Пацавічы|остановка транспорта|||53.3204167|24.6866143|||[]||||[]|osm_poi:node/5174582387
Пацавічы|остановка транспорта|||53.3199975|24.68674|||[]||||[]|osm_poi:node/5174582391
Апартаменты «Truhanova»|гостиница||Ліда|53.8825803|25.2965589|||[]||||[]|osm_poi:node/5182053409
Ішчална|остановка транспорта|||53.6847109|24.8574686|||[]||||[]|osm_poi:node/5183741511
Туалет|туалет|||53.686743|23.7963267|||[]||||[]|osm_poi:node/5187236553
Лаўрыновічы|остановка транспорта|||53.1109673|24.8889928|||[]||||[]|osm_poi:node/5188565711
Лаўрыновічы|остановка транспорта|||53.1112943|24.8892321|||[]||||[]|osm_poi:node/5188565714
Бургер Кинг|кафе||Гродна|53.6727706|23.8625462|||[]|Mo-Su 09:00-23:00|||[]|osm_poi:node/5191961027
Поляна City|кафе||Гродна|53.681578|23.832195|||[]|Su-Th 09:00-02:00; Fr-Sa 09:00-06:00|||[]|osm_poi:node/5196853700
Семашко|ресторан||Гродна|53.6753724|23.8417478|||[]|Mo-Su 07:00-23:00|||[]|osm_poi:node/5196921888
Васількі|ресторан|||53.7016864|23.8343493|||[]|Su-Th 10:00-22:00; Fr-Sa 10:00-23:00|||[]|osm_poi:node/5196963855
Кронон|ресторан||Гродна|53.6804635|23.7874422|||[]|Mo-Th 07:00-00:00; Fr-Sa 07:00-01:00; Su 07:00-00:00|||[]|osm_poi:node/5196993911
Арена|кафе||Гродна|53.6890582|23.8219782|||[]|Mo-Th 10:00-20:00; Fr-Su 12:00-01:00|||[]|osm_poi:node/5198114257
Пятница|ресторан||Гродна|53.6765722|23.8283676|||[]|Mo-Th, Su 14:00-02:00; Fr-Sa 14:00-05:00|||[]|osm_poi:node/5198304478
MC Döner|кафе||Гродна|53.7015433|23.8343156|||[]|Mo-Th 10:00-21:00; Fr-Sa 10:00-22:00; Su 10:00-21:00|||[]|osm_poi:node/5198536161
Loft|кафе||Гродна|53.6782058|23.8261429|||[]|Su-Th 17:00-02:00; Fr-Sa 17:00-04:00|||[]|osm_poi:node/5198557325
Хлебніца|кафе||Гродна|53.6913731|23.8353296|||[]|Mo-Su 08:00-20:00; Jan 01 10:00-23:00|||[]|osm_poi:node/5198641831
Джезва|кафе|||53.6796618|23.8300507|||[]|Mo-Su 08:00-00:00|||[]|osm_poi:node/5198658732
Пицца Темпо|кафе|||53.7015931|23.834361|||[]|Mo-Su 10:00-22:00|||[]|osm_poi:node/5198736788
Американо|кафе|||53.6807774|23.8309999|||[]|Mo-Su 10:00-22:00|||[]|osm_poi:node/5198755203
Грыцкі|остановка транспорта|||53.0224481|24.103815|||[]||||[]|osm_poi:node/5200720199
Грыцкі|остановка транспорта|||53.0219227|24.103731|||[]||||[]|osm_poi:node/5200720202
Бародзічы|остановка транспорта|||53.1611539|24.7859936|||[]||||[]|osm_poi:node/5202655647
тав. Садаводаў ПТ|остановка транспорта|||53.6347685|23.7571874|||[]||||[]|osm_poi:node/5205809410
паварот на возера Юбілейнае|остановка транспорта|||53.6389234|23.7648928|||[]||||[]|osm_poi:node/5205809411
Каробчыцы 1|остановка транспорта|||53.6096701|23.7529733|||[]||||[]|osm_poi:node/5205809412
Каробчыцы 1|остановка транспорта|||53.6092533|23.7528442|||[]||||[]|osm_poi:node/5205809413
Гневяншчына|остановка транспорта|||53.5928888|23.745245|||[]||||[]|osm_poi:node/5205809415
Гневяншчына|остановка транспорта|||53.5914582|23.7446113|||[]||||[]|osm_poi:node/5205809416
Нямейшы|остановка транспорта|||53.5857673|23.7396605|||[]||||[]|osm_poi:node/5205809417
Нямейшы|остановка транспорта|||53.5839522|23.7376139|||[]||||[]|osm_poi:node/5205809418
Бакуны ПЗ|остановка транспорта|||53.5650349|23.7198106|||[]||||[]|osm_poi:node/5205809419
Сасноўка|остановка транспорта|||54.5715708|25.9909967|||[]||||[]|osm_poi:node/5211620722
Філіпаны|остановка транспорта|||54.6797796|26.0115916|||[]||||[]|osm_poi:node/5211656121
Лаванда|кафе|||54.5970516|25.8991405|||[]||||[]|osm_poi:node/5213120222
Туалет|туалет|||54.2704967|25.3734342|||[]||||[]|osm_poi:node/5214054359
Дайноўка|остановка транспорта|||54.5844113|25.8459494|||[]||||[]|osm_poi:node/5214481024
Дайноўка|остановка транспорта|||54.5842185|25.848218|||[]||||[]|osm_poi:node/5214481025
Ліпкі|остановка транспорта|||54.5832684|25.887555|||[]||||[]|osm_poi:node/5214484116
Мільцэі|остановка транспорта|||54.617681|26.1920082|||[]||||[]|osm_poi:node/5214513248
Снігяны|остановка транспорта|||54.5740867|26.2041799|||[]||||[]|osm_poi:node/5214561682
Остановка|остановка транспорта|||53.1383565|24.9322171|||[]||||[]|osm_poi:node/5217434464
Зэльва|остановка транспорта|||53.1431674|24.8205617|||[]||||[]|osm_poi:node/5217434465
Папелевічы|остановка транспорта|||54.3263819|26.2288395|||[]||||[]|osm_poi:node/5217712021
Дубічы-1|остановка транспорта|||52.9743227|24.610443|||[]||||[]|osm_poi:node/5218397645
Дубічы-1|остановка транспорта|||52.9742867|24.6109133|||[]||||[]|osm_poi:node/5218397646
Дубічы-2|остановка транспорта|||52.9726342|24.5996512|||[]||||[]|osm_poi:node/5218397652
Дубічы-2|остановка транспорта|||52.9725586|24.6000942|||[]||||[]|osm_poi:node/5218397653
Амшары|остановка транспорта|||52.9683583|24.5745528|||[]||||[]|osm_poi:node/5218397691
Краскі|остановка транспорта|||52.9617354|24.5641597|||[]||||[]|osm_poi:node/5218397694
Краскі|остановка транспорта|||52.9545617|24.5559726|||[]||||[]|osm_poi:node/5218397697
Савані|остановка транспорта|||52.9414085|24.5069754|||[]||||[]|osm_poi:node/5218438839
Новасады|остановка транспорта|||52.9412199|24.4661883|||[]||||[]|osm_poi:node/5218438840
Новасады|остановка транспорта|||52.939527|24.4583247|||[]||||[]|osm_poi:node/5218438841
Новасады|остановка транспорта|||52.9349159|24.4395799|||[]||||[]|osm_poi:node/5218438842
Новасады|остановка транспорта|||52.9350127|24.4401589|||[]||||[]|osm_poi:node/5218438843
Хрышчонавічы|остановка транспорта|||52.9335691|24.4272933|||[]||||[]|osm_poi:node/5218438844
Хрышчонавічы|остановка транспорта|||52.9335109|24.428162|||[]||||[]|osm_poi:node/5218438845
Кусянцы|остановка транспорта|||52.9560677|24.3745787|||[]||||[]|osm_poi:node/5218438859
Остановка|остановка транспорта|||52.9471203|24.3703946|||[]||||[]|osm_poi:node/5218438860
Кусянцы|остановка транспорта|||52.9563165|24.3752309|||[]||||[]|osm_poi:node/5218719595
Кабузі|остановка транспорта|||52.9985369|24.4121078|||[]||||[]|osm_poi:node/5218720621
Кабузі|остановка транспорта|||52.9988774|24.4126766|||[]||||[]|osm_poi:node/5218720625
Геруцева|остановка транспорта|||53.0202134|24.408947|||[]||||[]|osm_poi:node/5218720634
Геруцева|остановка транспорта|||53.0222593|24.4094143|||[]||||[]|osm_poi:node/5218720638
Палуянкі|остановка транспорта|||53.0329882|24.4125056|||[]||||[]|osm_poi:node/5218720642
Палуянкі|остановка транспорта|||53.0340814|24.4136043|||[]||||[]|osm_poi:node/5218720646
Карэвічы|остановка транспорта|||53.0458998|24.4227405|||[]||||[]|osm_poi:node/5218720669
Карэвічы|остановка транспорта|||53.0464489|24.423891|||[]||||[]|osm_poi:node/5218720673
Янава|остановка транспорта|||53.0830167|24.4724189|||[]||||[]|osm_poi:node/5218720698
Янава|остановка транспорта|||53.0829893|24.4732177|||[]||||[]|osm_poi:node/5218720702
Навасёлкі|остановка транспорта|||52.8586232|24.3502367|||[]||||[]|osm_poi:node/5219318717
Пицца-Кофе|кафе|||53.4645139|25.4034251|||[]||||[]|osm_poi:node/5221866421
Бургер Кинг|кафе||Гродна|53.701643|23.8342993|||[]|Mo-Su 10:00-22:00|||[]|osm_poi:node/5238060229
Самаравічы|остановка транспорта|||53.2089055|24.7461518|||[]||||[]|osm_poi:node/5242369315
Самаравічы|остановка транспорта|||53.2067849|24.7472883|||[]||||[]|osm_poi:node/5242369319
Конна|остановка транспорта|||53.1824252|24.7587207|||[]||||[]|osm_poi:node/5242369323
Конна|остановка транспорта|||53.1817937|24.7598496|||[]||||[]|osm_poi:node/5242369327
Князева|остановка транспорта|||53.2138378|24.7362133|||[]||||[]|osm_poi:node/5242369334
Князева|остановка транспорта|||53.2140337|24.7356641|||[]||||[]|osm_poi:node/5242369337
Бастуны|остановка транспорта|||54.0786893|25.2912729|||[]||||[]|osm_poi:node/5248451699
Красоўшчына|остановка транспорта|||53.974601|25.6940458|||[]||||[]|osm_poi:node/5248451832
Красоўшчына|остановка транспорта|||53.9728739|25.6981902|||[]||||[]|osm_poi:node/5248451836
Даўгаполічы|остановка транспорта|||53.1804317|24.8437634|||[]||||[]|osm_poi:node/5248842149
Даўгаполічы|остановка транспорта|||53.1808723|24.8436529|||[]||||[]|osm_poi:node/5248842152
Бібікі|остановка транспорта|||53.1883874|24.8423711|||[]||||[]|osm_poi:node/5248842155
Бібікі|остановка транспорта|||53.1892792|24.8427081|||[]||||[]|osm_poi:node/5248842158
Войткавічы|остановка транспорта|||53.1499821|24.5643355|||[]||||[]|osm_poi:node/5257419028
Войткавічы|остановка транспорта|||53.1495201|24.5669259|||[]||||[]|osm_poi:node/5257419032
Мадзейкі|остановка транспорта|||53.1419763|24.6268556|||[]||||[]|osm_poi:node/5257419089
Пасуцічы|остановка транспорта|||53.141481|24.629823|||[]||||[]|osm_poi:node/5257419095
Вішнеўка|остановка транспорта|||53.1405796|24.6857417|||[]||||[]|osm_poi:node/5257419138
Вішнеўка|остановка транспорта|||53.1403818|24.6889039|||[]||||[]|osm_poi:node/5257419142
Зяленіца|остановка транспорта|||53.1375849|24.7225804|||[]||||[]|osm_poi:node/5257419164
Зяленіца|остановка транспорта|||53.1374142|24.7255012|||[]||||[]|osm_poi:node/5257419168
Холстава|остановка транспорта|||53.1413426|24.7543845|||[]||||[]|osm_poi:node/5257419175
Холстава|остановка транспорта|||53.1412646|24.7585326|||[]||||[]|osm_poi:node/5257419179
Дзярэчын|остановка транспорта|||53.2442682|24.9217002|||[]||||[]|osm_poi:node/5265656959
Валькевічы|остановка транспорта|||53.1874401|24.8670835|||[]||||[]|osm_poi:node/5265656963
Валькевічы|остановка транспорта|||53.1899293|24.8691706|||[]||||[]|osm_poi:node/5265656967
Грабава|остановка транспорта|||53.2089118|24.8875108|||[]||||[]|osm_poi:node/5265656971
Грабава|остановка транспорта|||53.2107755|24.889789|||[]||||[]|osm_poi:node/5265656975
Славацічы|остановка транспорта|||52.9867227|24.858406|||[]||||[]|osm_poi:node/5267787201
Славацічы|остановка транспорта|||52.9876535|24.8576562|||[]||||[]|osm_poi:node/5267787232
Пянюга|остановка транспорта|||53.0109458|24.8760216|||[]||||[]|osm_poi:node/5267787270
Пянюга|остановка транспорта|||53.0115542|24.8784269|||[]||||[]|osm_poi:node/5267787273
Кашалі|остановка транспорта|||53.0403167|24.9143916|||[]||||[]|osm_poi:node/5267787291
Кашалі|остановка транспорта|||53.0410618|24.9147828|||[]||||[]|osm_poi:node/5267787295
Кашалі|остановка транспорта|||53.0479421|24.9144888|||[]||||[]|osm_poi:node/5267787300
Кашалі|остановка транспорта|||53.0505114|24.9121015|||[]||||[]|osm_poi:node/5267787304
Івашкавічы|остановка транспорта|||53.0587691|24.9028607|||[]||||[]|osm_poi:node/5267787309
Каралін|остановка транспорта|||53.0843154|24.880641|||[]||||[]|osm_poi:node/5267787317
Каралін|остановка транспорта|||53.0848002|24.8804315|||[]||||[]|osm_poi:node/5267787621
Аляксандраўшчына|остановка транспорта|||53.0878623|24.8429974|||[]||||[]|osm_poi:node/5267787629
Аляксандраўшчына|остановка транспорта|||53.0881074|24.8428386|||[]||||[]|osm_poi:node/5267787633
Горна|остановка транспорта|||53.1069047|24.8355252|||[]||||[]|osm_poi:node/5267787658
Горна|остановка транспорта|||53.1072808|24.8355817|||[]||||[]|osm_poi:node/5267787662
Туалет|туалет|||53.5810404|25.8141062|||[]|24/7|no||[]|osm_poi:node/5273969469
Музей габрэйскага супраціўлення|остановка транспорта|||53.5990122|25.8393449|||[]||||[]|osm_poi:node/5278680345
Дзяржаўны коледж|остановка транспорта|||53.5981304|25.846037|||[]||||[]|osm_poi:node/5278680346
Дзяржаўны коледж|остановка транспорта|||53.5985395|25.8444062|||[]||||[]|osm_poi:node/5278680347
МЧС|остановка транспорта|||53.5979864|25.8510379|||[]||||[]|osm_poi:node/5278680536
Збляны|остановка транспорта|||53.1220396|24.8777201|||[]||||[]|osm_poi:node/5283418110
Збляны|остановка транспорта|||53.1228675|24.8769235|||[]||||[]|osm_poi:node/5283418114
Ляда|остановка транспорта|||53.3801472|24.5446601|||[]||||[]|osm_poi:node/5284041634
Ляда|остановка транспорта|||53.3794989|24.5465445|||[]||||[]|osm_poi:node/5284041638
Дачы|остановка транспорта|||53.3568918|24.5934302|||[]||||[]|osm_poi:node/5284041648
Дачы|остановка транспорта|||53.3570324|24.5933605|||[]||||[]|osm_poi:node/5284041651
Пескі|остановка транспорта|||53.3488056|24.6364142|||[]||||[]|osm_poi:node/5284041662
Пескі|остановка транспорта|||53.3487921|24.6347119|||[]||||[]|osm_poi:node/5284041666
Лаўры|остановка транспорта|||53.2890433|24.6855709|||[]||||[]|osm_poi:node/5284041685
Лаўры|остановка транспорта|||53.2877616|24.6850853|||[]||||[]|osm_poi:node/5284041688
Вялікая Рагозніца|остановка транспорта|||53.2675664|24.682093|||[]||||[]|osm_poi:node/5284041700
Вялікая Рагозніца|остановка транспорта|||53.2665076|24.6818892|||[]||||[]|osm_poi:node/5284041703
Ляхавічы|остановка транспорта|||53.2182734|24.7093267|||[]||||[]|osm_poi:node/5284041938
Ляхавічы|остановка транспорта|||53.2179012|24.7119208|||[]||||[]|osm_poi:node/5284041942
Алексічы|остановка транспорта|||53.2577569|24.9121159|||[]||||[]|osm_poi:node/5287594375
Алексічы|остановка транспорта|||53.2591477|24.9105068|||[]||||[]|osm_poi:node/5287594379
Мілявічы|остановка транспорта|||53.2758877|24.8896949|||[]||||[]|osm_poi:node/5287594384
Мілявічы|остановка транспорта|||53.2762248|24.889561|||[]||||[]|osm_poi:node/5287594388
Мілявічы|остановка транспорта|||53.2860354|24.8803436|||[]||||[]|osm_poi:node/5287594392
Мілявічы|остановка транспорта|||53.2864161|24.8804568|||[]||||[]|osm_poi:node/5287594396
Монькавічы|остановка транспорта|||53.324871|24.8721904|||[]||||[]|osm_poi:node/5287594400
Монькавічы|остановка транспорта|||53.3245523|24.872008|||[]||||[]|osm_poi:node/5287594404
Курылавічы|остановка транспорта|||53.3522891|24.8762967|||[]||||[]|osm_poi:node/5287594414
Курылавічы|остановка транспорта|||53.3644347|24.8694895|||[]||||[]|osm_poi:node/5287595139
Курылавічы|остановка транспорта|||53.3649502|24.8688021|||[]||||[]|osm_poi:node/5287595142
Малькавічы|остановка транспорта|||53.3955322|24.8019269|||[]||||[]|osm_poi:node/5287595207
Малькавічы|остановка транспорта|||53.3958811|24.8014851|||[]||||[]|osm_poi:node/5287595211
Асаўляны|остановка транспорта|||53.4019756|24.7415726|||[]||||[]|osm_poi:node/5287595326
Асаўляны|остановка транспорта|||53.4023028|24.7396629|||[]||||[]|osm_poi:node/5287595330
Навінка|остановка транспорта|||53.4098095|24.680088|||[]||||[]|osm_poi:node/5287595334
Навінка|остановка транспорта|||53.410207|24.6785811|||[]||||[]|osm_poi:node/5287595338
Пескі|остановка транспорта|||53.3537111|24.6262291|||[]||||[]|osm_poi:node/5287595362
Капачы|остановка транспорта|||53.3231649|24.608653|||[]||||[]|osm_poi:node/5287595399
Капачы|остановка транспорта|||53.3228765|24.6081994|||[]||||[]|osm_poi:node/5287595403
Струбніца|остановка транспорта|||53.3107176|24.6016997|||[]||||[]|osm_poi:node/5287595423
Струбніца|остановка транспорта|||53.3117682|24.6021585|||[]||||[]|osm_poi:node/5287595425
Маісеевічы|остановка транспорта|||53.2724768|24.5837367|||[]||||[]|osm_poi:node/5287595442
Маісеевічы|остановка транспорта|||53.2675675|24.5793026|||[]||||[]|osm_poi:node/5287595451
Маісеевічы|остановка транспорта|||53.2669223|24.5784166|||[]||||[]|osm_poi:node/5287595456
Грыцкі|остановка транспорта|||53.2601216|24.5721326|||[]||||[]|osm_poi:node/5287595468
Грыцкі|остановка транспорта|||53.2592631|24.5710578|||[]||||[]|osm_poi:node/5287595472
Няверавічы|остановка транспорта|||53.2547778|24.5670185|||[]||||[]|osm_poi:node/5287595476
Няверавічы|остановка транспорта|||53.2537193|24.5657303|||[]||||[]|osm_poi:node/5287595480
Кутнікі|остановка транспорта|||53.247074|24.5593288|||[]||||[]|osm_poi:node/5287595484
Кутнікі|остановка транспорта|||53.2479854|24.5604763|||[]||||[]|osm_poi:node/5287595488
Звёздная|остановка транспорта|||53.2245937|24.5380524|||[]||||[]|osm_poi:node/5287595496
Звёздная|остановка транспорта|||53.2257042|24.5387994|||[]||||[]|osm_poi:node/5287595500
Воўпа|остановка транспорта|||53.3664966|24.3637429|||[]||||[]|osm_poi:node/5287595507
Воўпа|остановка транспорта|||53.3656739|24.3645388|||[]||||[]|osm_poi:node/5287595509
Княжаводцы|остановка транспорта|||53.477189|24.3456127|||[]||||[]|osm_poi:node/5287682629
Княжаводцы|остановка транспорта|||53.4780419|24.3428847|||[]||||[]|osm_poi:node/5287682633
Дубна|остановка транспорта|||53.4602697|24.3855501|||[]||||[]|osm_poi:node/5287682637
Дубна|остановка транспорта|||53.4592884|24.3874469|||[]||||[]|osm_poi:node/5287682641
Чарлёна|остановка транспорта|||53.4879195|24.2819367|||[]||||[]|osm_poi:node/5287682648
Чарлёна|остановка транспорта|||53.4898686|24.2766787|||[]||||[]|osm_poi:node/5287682652
Замок|кафе|||54.2575334|26.0106608|||[]|Mo-Th 09:00-00:00; Fr-Su 09:00-02:00|||[]|osm_poi:node/5288356170
Партызанская|остановка транспорта|||53.5615149|24.2346311|||[]||||[]|osm_poi:node/5295437037
Партызанская|остановка транспорта|||53.5612031|24.2340301|||[]||||[]|osm_poi:node/5295437041
Лаўна|остановка транспорта|||53.5273965|24.2373068|||[]||||[]|osm_poi:node/5295437217
Лаўна|остановка транспорта|||53.5249515|24.2378679|||[]||||[]|osm_poi:node/5295437221
Пладовая|остановка транспорта|||53.4863836|24.2808569|||[]||||[]|osm_poi:node/5295437236
Заполле|остановка транспорта|||53.4422584|24.4262615|||[]||||[]|osm_poi:node/5297084872
Заполле|остановка транспорта|||53.4426049|24.4258501|||[]||||[]|osm_poi:node/5297084876
Крынічка|кафе|||53.499051|24.055362|||[]||||[]|osm_poi:node/5297604929
Каўпакі|остановка транспорта|||53.5616382|23.95002|||[]||||[]|osm_poi:node/5297604959
Каўпакі|остановка транспорта|||53.5628246|23.9490815|||[]||||[]|osm_poi:node/5297604963
Горніца|остановка транспорта|||53.5889956|23.9203626|||[]||||[]|osm_poi:node/5297604971
Горніца|остановка транспорта|||53.5897154|23.9198397|||[]||||[]|osm_poi:node/5297604975
Цяплічны камбінат|остановка транспорта|||53.6169303|23.8834799|||[]||||[]|osm_poi:node/5297604990
Цяплічны камбінат|остановка транспорта|||53.6171964|23.8820044|||[]||||[]|osm_poi:node/5297604994
Старый мост|кафе|||53.6625144|23.814699|||[]|Mo-Fr 12:00-21:00; Sa,Su 12:00-23:00;|||[]|osm_poi:node/5298351087
Котчына|остановка транспорта|||53.2776022|24.9441629|||[]||||[]|osm_poi:node/5299001703
Котчына|остановка транспорта|||53.2764134|24.9438971|||[]||||[]|osm_poi:node/5299001711
Остановка|остановка транспорта|||53.7153981|23.8251283|||[]||||[]|osm_poi:node/5301728256
Остановка|остановка транспорта|||53.7187382|23.8233969|||[]||||[]|osm_poi:node/5301728257
Мирум|кафе|||53.4509936|26.4698216|||[]|Mo-Th 09:00-24:00; Fr-Su 09:00-01:00|||[]|osm_poi:node/5302311091
Форно|ресторан||Гродна|53.6809351|23.8274306|||[]|Su-Th 12:00-23:00; Fr-Sa 12:00-00:00|||[]|osm_poi:node/5302564740
Школьная вуліца|остановка транспорта|||53.172027|24.4007807|||[]||||[]|osm_poi:node/5304732261
Племстанцыя|остановка транспорта|||53.1712972|24.5046211|||[]||||[]|osm_poi:node/5304732345
Племстанцыя|остановка транспорта|||53.1706328|24.5036819|||[]||||[]|osm_poi:node/5304732349
Лясніцтва|остановка транспорта|||53.1836909|24.5188358|||[]||||[]|osm_poi:node/5304732397
Лясніцтва|остановка транспорта|||53.1806996|24.5143654|||[]||||[]|osm_poi:node/5304732401
Станелевічы|остановка транспорта|||53.2121357|24.5995028|||[]||||[]|osm_poi:node/5304732564
Станелевічы|остановка транспорта|||53.2124141|24.6010031|||[]||||[]|osm_poi:node/5304732568
Станелевічы|остановка транспорта|||53.2147622|24.609027|||[]||||[]|osm_poi:node/5304732575
Станелевічы|остановка транспорта|||53.2148057|24.609647|||[]||||[]|osm_poi:node/5304732583
Дзеркачы|остановка транспорта|||53.2164746|24.621925|||[]||||[]|osm_poi:node/5304732589
Дзеркачы|остановка транспорта|||53.2165844|24.6211942|||[]||||[]|osm_poi:node/5304732593
Каняўцы|остановка транспорта|||53.2258805|24.6638432|||[]||||[]|osm_poi:node/5304732639
Задворʼе|остановка транспорта|||53.2276875|24.6718994|||[]||||[]|osm_poi:node/5304732661
Задворʼе|остановка транспорта|||53.2273394|24.6696796|||[]||||[]|osm_poi:node/5304732665
Сынкавічы|остановка транспорта|||53.1098924|25.1723683|||[]||||[]|osm_poi:node/5304872268
Сынкавічы|остановка транспорта|||53.1108496|25.1685546|||[]||||[]|osm_poi:node/5304872273
Сынкавічы|остановка транспорта|||53.1132682|25.1555336|||[]||||[]|osm_poi:node/5304872281
Сынкавічы|остановка транспорта|||53.1140593|25.1522464|||[]||||[]|osm_poi:node/5304872282
Елка|остановка транспорта|||53.1166767|25.1391924|||[]||||[]|osm_poi:node/5304872287
Елка|остановка транспорта|||53.1158016|25.1424959|||[]||||[]|osm_poi:node/5304872291
Дзешкавічы|остановка транспорта|||53.1295424|25.0379557|||[]||||[]|osm_poi:node/5304872307
Дзешкавічы|остановка транспорта|||53.1298053|25.0374354|||[]||||[]|osm_poi:node/5304872310
вуліца Аэрадромная|остановка транспорта|||54.6077378|25.9641675|||[]||||[]|osm_poi:node/5305117329
Паліклініка|остановка транспорта|||54.6089859|25.9663937|||[]||||[]|osm_poi:node/5305117330
Школа №3|остановка транспорта|||54.6095774|25.9682219|||[]||||[]|osm_poi:node/5305117331
Чырвонае Сяло|остановка транспорта|||53.1349218|24.9738171|||[]||||[]|osm_poi:node/5306409150
Чырвонае Сяло|остановка транспорта|||53.1356735|24.9673014|||[]||||[]|osm_poi:node/5306409154
Туалет|туалет|||53.7116404|23.848517|||[]||||[]|osm_poi:node/5308110944
Пекарня|кафе|||53.4516631|26.4659395|||[]||||[]|osm_poi:node/5308166550
Сценявічы|остановка транспорта|||52.9564436|25.4226478|||[]||||[]|osm_poi:node/5308505266
Сценявічы|остановка транспорта|||52.9581427|25.4219202|||[]||||[]|osm_poi:node/5308505270
Сарматыя|гостиница||Гродна|53.6777358|23.8326635|||[]|24/7|||[]|osm_poi:node/5308572122
Шаурма|кафе|||53.6849533|23.8420612|||[]||||[]|osm_poi:node/5309105383
Vero Gusto|кафе|||53.7014448|23.834346|||[]||||[]|osm_poi:node/5309196303
Гезгалы|остановка транспорта|||53.6000137|25.3689665|||[]||||[]|osm_poi:node/5310054854
Гезгалы|остановка транспорта|||53.5985558|25.3701654|||[]||||[]|osm_poi:node/5310054858
Нагародавічы|остановка транспорта|||53.5860836|25.3813249|||[]||||[]|osm_poi:node/5310054865
Нагародавічы|остановка транспорта|||53.5842804|25.3818496|||[]||||[]|osm_poi:node/5310054869
Погіры|остановка транспорта|||53.5354827|25.3929519|||[]||||[]|osm_poi:node/5310054878
Погіры|остановка транспорта|||53.5344608|25.3918664|||[]||||[]|osm_poi:node/5310054882
Засецце|остановка транспорта|||53.4995507|25.3944998|||[]||||[]|osm_poi:node/5310054906
Засецце|остановка транспорта|||53.4986936|25.3955506|||[]||||[]|osm_poi:node/5310054910
санаторый Радон|остановка транспорта|||53.4820722|25.412202|||[]||||[]|osm_poi:node/5310054917
санаторый Радон|остановка транспорта|||53.4816673|25.4122841|||[]||||[]|osm_poi:node/5310054920
Хадзяўляны|остановка транспорта|||53.4543315|25.3649213|||[]||||[]|osm_poi:node/5310054942
Хадзяўляны|остановка транспорта|||53.455916|25.3694331|||[]||||[]|osm_poi:node/5310054946
Юравічы|остановка транспорта|||53.4344882|25.3445381|||[]||||[]|osm_poi:node/5310054953
Юравічы|остановка транспорта|||53.4362446|25.3471433|||[]||||[]|osm_poi:node/5310054957
Туалет (М-7)|туалет|||54.4400275|25.9645075|||[]||||[]|osm_poi:node/5310276605
Лозы|остановка транспорта|||53.3302265|24.3954389|||[]||||[]|osm_poi:node/5312458705
Лозы|остановка транспорта|||53.3288357|24.3966979|||[]||||[]|osm_poi:node/5312458709
Студзянец|остановка транспорта|||53.2973951|24.4096628|||[]||||[]|osm_poi:node/5312458939
Студзянец|остановка транспорта|||53.2971467|24.4095289|||[]||||[]|osm_poi:node/5312458943
Студзянец|остановка транспорта|||53.2904725|24.4089959|||[]||||[]|osm_poi:node/5312458966
Студзянец|остановка транспорта|||53.2922667|24.408934|||[]||||[]|osm_poi:node/5312458970
аўтакаса Рось|остановка транспорта|||53.2850929|24.4083128|||[]||||[]|osm_poi:node/5312459009
Зялёная вуліца|остановка транспорта|||53.2749269|24.4186144|||[]||||[]|osm_poi:node/5312459069
Зялёная вуліца|остановка транспорта|||53.2751544|24.4184152|||[]||||[]|osm_poi:node/5312459071
Чырвонае сяло|остановка транспорта|||53.2673921|24.4253644|||[]||||[]|osm_poi:node/5312459118
Чырвонае сяло|остановка транспорта|||53.2670141|24.4255017|||[]||||[]|osm_poi:node/5312459121
Краснасельскі|остановка транспорта|||53.2596874|24.4305291|||[]||||[]|osm_poi:node/5312459154
Краснасельскі|остановка транспорта|||53.2593833|24.4308771|||[]||||[]|osm_poi:node/5312459158
санаторый Пралеска|остановка транспорта|||53.2431101|24.4448498|||[]||||[]|osm_poi:node/5312459191
санаторый Пралеска|остановка транспорта|||53.2416122|24.4471873|||[]||||[]|osm_poi:node/5312459195
Падрось|остановка транспорта|||53.2382794|24.4517666|||[]||||[]|osm_poi:node/5312459207
Падрось|остановка транспорта|||53.2379966|24.4514638|||[]||||[]|osm_poi:node/5312459211
Цеалін|остановка транспорта|||53.218459|24.4439311|||[]||||[]|osm_poi:node/5312459237
Цеалін|остановка транспорта|||53.2165639|24.4428963|||[]||||[]|osm_poi:node/5312459241
Петакі|остановка транспорта|||53.2142815|24.4425264|||[]||||[]|osm_poi:node/5312459245
Петакі|остановка транспорта|||53.2125372|24.4414148|||[]||||[]|osm_poi:node/5312459249
Лічыцы|остановка транспорта|||53.1946505|24.4399804|||[]||||[]|osm_poi:node/5312459253
Лічыцы|остановка транспорта|||53.1974257|24.4395098|||[]||||[]|osm_poi:node/5312459257
Пекары|остановка транспорта|||53.185937|24.4459111|||[]||||[]|osm_poi:node/5312459260
Пекары|остановка транспорта|||53.1881609|24.4446865|||[]||||[]|osm_poi:node/5312459265
санаторый Энергетык|остановка транспорта|||53.3814229|24.3996692|||[]||||[]|osm_poi:node/5312581878
санаторый Энергетык|остановка транспорта|||53.3816662|24.3985044|||[]||||[]|osm_poi:node/5312581882
Кавалі|остановка транспорта|||53.3799854|24.3880726|||[]||||[]|osm_poi:node/5312581902
Кавалі|остановка транспорта|||53.380153|24.3886861|||[]||||[]|osm_poi:node/5312581906
Туалет|туалет|||53.1483513|24.8204239|||[]||no||[]|osm_poi:node/5313924235
Остановка|остановка транспорта|||53.2956426|24.2775561|||[]||||[]|osm_poi:node/5318288821
Зарудаўе|остановка транспорта|||53.3282903|24.5110305|||[]||||[]|osm_poi:node/5318507313
Дамянішкі|остановка транспорта|||53.3440627|24.4880531|||[]||||[]|osm_poi:node/5318507850
Дамянішкі|остановка транспорта|||53.3424007|24.4897373|||[]||||[]|osm_poi:node/5318507854
Старына|остановка транспорта|||53.3494994|24.4810728|||[]||||[]|osm_poi:node/5318507892
Старына|остановка транспорта|||53.3503314|24.4799459|||[]||||[]|osm_poi:node/5318507896
Малая Рагозніца|остановка транспорта|||53.2697184|24.6974926|||[]||||[]|osm_poi:node/5319064490
Рагозніца|остановка транспорта|||53.2675184|24.7063506|||[]||||[]|osm_poi:node/5319064496
Рагозніца|остановка транспорта|||53.2674218|24.7063991|||[]||||[]|osm_poi:node/5319064500
Забалацце|остановка транспорта|||53.2744523|24.7228727|||[]||||[]|osm_poi:node/5319064520
Забалацце|остановка транспорта|||53.2741554|24.7222453|||[]||||[]|osm_poi:node/5319071624
Парфёнавічы|остановка транспорта|||53.2920558|24.7305302|||[]||||[]|osm_poi:node/5319071683
Парфёнавічы|остановка транспорта|||53.2927754|24.7302868|||[]||||[]|osm_poi:node/5319071687
Самуйлавічы|остановка транспорта|||53.3138281|24.7000813|||[]||||[]|osm_poi:node/5319071799
Міжава|остановка транспорта|||53.3462331|24.5814268|||[]||||[]|osm_poi:node/5319071853
Міжава|остановка транспорта|||53.3455949|24.5799297|||[]||||[]|osm_poi:node/5319071857
Бялавічы|остановка транспорта|||53.3288984|24.5454184|||[]||||[]|osm_poi:node/5319071955
Галышкі|остановка транспорта|||53.0050007|24.6072275|||[]||||[]|osm_poi:node/5319888777
Галышкі|остановка транспорта|||53.0060692|24.6068858|||[]||||[]|osm_poi:node/5319888781
Верусіно|остановка транспорта|||53.0235573|24.6072667|||[]||||[]|osm_poi:node/5319888873
Верусіно|остановка транспорта|||53.0247471|24.6075572|||[]||||[]|osm_poi:node/5319888877
Трунцы|остановка транспорта|||53.0462244|24.6008939|||[]||||[]|osm_poi:node/5319888908
Трунцы|остановка транспорта|||53.0480708|24.5997152|||[]||||[]|osm_poi:node/5319888912
Мацвееўцы|остановка транспорта|||53.0578056|24.5925425|||[]||||[]|osm_poi:node/5319889022
Мацвееўцы|остановка транспорта|||53.0561714|24.5933982|||[]||||[]|osm_poi:node/5319889026
Улезлы|остановка транспорта|||53.0668594|24.5854683|||[]||||[]|osm_poi:node/5319889099
Улезлы|остановка транспорта|||53.0685134|24.5845995|||[]||||[]|osm_poi:node/5319889103
Харужанцы|остановка транспорта|||53.0759892|24.5772252|||[]||||[]|osm_poi:node/5319889194
Харужанцы|остановка транспорта|||53.0776987|24.5757878|||[]||||[]|osm_poi:node/5319889198
Падароск|остановка транспорта|||52.9817923|24.6193951|||[]||||[]|osm_poi:node/5320325040
Падароск|остановка транспорта|||52.9842225|24.618331|||[]||||[]|osm_poi:node/5320325046
Корчма|кафе|||53.1414747|25.1628216|||[]||||[]|osm_poi:node/5325239804
Остановка|остановка транспорта|||53.131502|25.1417174|||[]||||[]|osm_poi:node/5325239852
Аграсядзіба «Ашмянцы»|гостиница|||53.1594186|24.5560812|||[]||||[]|osm_poi:node/5325359337
Остановка|остановка транспорта|||53.1594292|24.4792357|||[]||||[]|osm_poi:node/5325506762
Дорога замков|кафе|||53.4527138|26.4660531|||[]||||[]|osm_poi:node/5325761897
Мікянцы|остановка транспорта|||54.0536558|25.3452244|||[]||||[]|osm_poi:node/5327339266
Мікянцы|остановка транспорта|||54.0530199|25.3465981|||[]||||[]|osm_poi:node/5327339269
Ліпнішкі|остановка транспорта|||54.0062143|25.6073076|||[]||||[]|osm_poi:node/5327339551
Казіныя Горы|остановка транспорта|||53.1484539|24.3928834|||[]||||[]|osm_poi:node/5329082924
Казіныя Горы|остановка транспорта|||53.1484759|24.392066|||[]||||[]|osm_poi:node/5329082928
Янышы|остановка транспорта|||53.1419761|24.3484557|||[]||||[]|osm_poi:node/5329082953
Янышы|остановка транспорта|||53.1418329|24.3486281|||[]||||[]|osm_poi:node/5329082957
Шандры|остановка транспорта|||53.139615|24.3254903|||[]||||[]|osm_poi:node/5329083050
Шандры|остановка транспорта|||53.1393571|24.3187765|||[]||||[]|osm_poi:node/5329083054
Араны|остановка транспорта|||53.1375338|24.2876764|||[]||||[]|osm_poi:node/5329083077
ДРБУ-159|остановка транспорта|||54.6156442|25.9695604|||[]||||[]|osm_poi:node/5336585895
Ермалоўшчына|остановка транспорта|||53.108214|25.0735096|||[]||||[]|osm_poi:node/5339444653
Плаўскія|остановка транспорта|||53.0982899|25.0817596|||[]||||[]|osm_poi:node/5339444707
Прованс|кафе|||54.4812234|26.3937501|||[]|Mo-Fr 07:00-17:00|||[]|osm_poi:node/5347735389
Остановка|остановка транспорта|||54.4724043|26.4234341|||[]||||[]|osm_poi:node/5348036641
Дружная|остановка транспорта|||53.0779868|24.4118136|||[]||||[]|osm_poi:node/5349102110
Дружная|остановка транспорта|||53.0792879|24.4120924|||[]||||[]|osm_poi:node/5349102114
Рупейкі|остановка транспорта|||53.0941108|24.4864134|||[]||||[]|osm_poi:node/5349683510
Рупейкі|остановка транспорта|||53.0947297|24.4864685|||[]||||[]|osm_poi:node/5349683514
Курылавічы|остановка транспорта|||53.3526901|24.8769998|||[]||||[]|osm_poi:node/5349733820
Пруд|остановка транспорта|||53.2015158|25.0242769|||[]||||[]|osm_poi:node/5360922629
Пруд|остановка транспорта|||53.2018701|25.0253868|||[]||||[]|osm_poi:node/5360922632
Зенькаўцы|остановка транспорта|||52.9726925|24.8855481|||[]||||[]|osm_poi:node/5380690947
Хамічы|остановка транспорта|||52.9688774|24.8854521|||[]||||[]|osm_poi:node/5380690951
Ліпнішкі|остановка транспорта|||54.0056547|25.607773|||[]||||[]|osm_poi:node/5398778730
Ланч|кафе|||54.6079728|25.9694669|||[]|Mo-Th 11:00-24:00; Fr-Su 11:00-01:00|||[]|osm_poi:node/5399709377
Besedka|кафе|||53.6861979|23.8369581|||[]|Su-Th 10:00-23:00; Fr-Sa 10:00-00:00|||[]|osm_poi:node/5410606310
Монастырское|кафе|||53.0141178|25.3440623|||[]||||[]|osm_poi:node/5414546534
ЖЭС|остановка транспорта|||53.2652283|24.4187711|||[]||||[]|osm_poi:node/5424997136
Вуліца Будаўнікоў|остановка транспорта|||53.2688935|24.4170127|||[]||||[]|osm_poi:node/5426329422
Царква Святога Георгія|остановка транспорта|||53.2621529|24.4200831|||[]||||[]|osm_poi:node/5426329821
Сталовая на Лермантава|кафе|||53.6862726|23.8291747|||[]|"Mo-Fr 09:00-18:00, 11:00-16:00 ""Зона раздачи горячих обедов"""|||[]|osm_poi:node/5428972421
Остановка|остановка транспорта|||53.264195|24.4404374|||[]||||[]|osm_poi:node/5436824927
Остановка|остановка транспорта|||53.2636949|24.439837|||[]||||[]|osm_poi:node/5436824928
Туалет|туалет|||53.6640348|23.8590724|||[]||||[]|osm_poi:node/5449010671
Туалет|туалет|||53.6453064|23.8728486|||[]||yes||[]|osm_poi:node/5449024221
Кулинария «Золотой теленок»|кафе|||53.6767233|23.8434467|||[]|Mo-Su 08:00-20:00|||[]|osm_poi:node/5471241124
пансіянат Свіцязь|остановка транспорта|||53.4394377|25.8965088|||[]||||[]|osm_poi:node/5472782921
пансіянат Свіцязь|остановка транспорта|||53.439899|25.8962296|||[]||||[]|osm_poi:node/5472795022
здароўніца Свіцязь|остановка транспорта|||53.4421591|25.9146519|||[]||||[]|osm_poi:node/5472809121
Валеўка|остановка транспорта|||53.4650398|25.8897999|||[]||||[]|osm_poi:node/5472809221
Вярэйкі|остановка транспорта|||53.2480397|24.1908173|||[]||||[]|osm_poi:node/5475722382
Вярэйкі|остановка транспорта|||53.2474091|24.1970849|||[]||||[]|osm_poi:node/5475722396
Селяхі|остановка транспорта|||53.1996703|24.3170342|||[]||||[]|osm_poi:node/5475722876
Селяхі|остановка транспорта|||53.1987888|24.3188063|||[]||||[]|osm_poi:node/5475722880
Остановка|остановка транспорта|||53.8583538|23.6779244|||[]||||[]|osm_poi:node/5476506484
Алекшыцы|остановка транспорта|||53.3423563|23.9478116|||[]||||[]|osm_poi:node/5477871400
Алекшыцы|остановка транспорта|||53.3423537|23.9482599|||[]||||[]|osm_poi:node/5477871402
Жукевічы|остановка транспорта|||53.2895337|24.0518497|||[]||||[]|osm_poi:node/5477873097
Жукевічы|остановка транспорта|||53.2891838|24.0521535|||[]||||[]|osm_poi:node/5477873101
Данілкі|остановка транспорта|||53.2832848|24.0633759|||[]||||[]|osm_poi:node/5477873178
Данілкі|остановка транспорта|||53.2823852|24.0646976|||[]||||[]|osm_poi:node/5477873182
Стары Дворац|остановка транспорта|||53.259449|24.1071727|||[]||||[]|osm_poi:node/5477873236
Магіляны|остановка транспорта|||53.4300364|23.9378812|||[]||||[]|osm_poi:node/5478197320
Магіляны|остановка транспорта|||53.431757|23.936533|||[]||||[]|osm_poi:node/5478197324
Грайна|остановка транспорта|||53.4168057|23.9504915|||[]||||[]|osm_poi:node/5478197366
Грайна|остановка транспорта|||53.4162842|23.950814|||[]||||[]|osm_poi:node/5478197370
Ярмолічы|остановка транспорта|||53.3918937|23.9517785|||[]||||[]|osm_poi:node/5478197478
Ярмолічы|остановка транспорта|||53.3915412|23.951472|||[]||||[]|osm_poi:node/5478197480
Князевічы|остановка транспорта|||53.3767675|23.9492858|||[]||||[]|osm_poi:node/5478198507
Князевічы|остановка транспорта|||53.3789063|23.9498535|||[]||||[]|osm_poi:node/5478198510
Індура|остановка транспорта|||53.4565402|23.8908115|||[]||||[]|osm_poi:node/5480020355
Індура|остановка транспорта|||53.4560323|23.891572|||[]||||[]|osm_poi:node/5480020359
Пракопавічы|остановка транспорта|||53.4457955|23.9175047|||[]||||[]|osm_poi:node/5480021498
Пракопавічы|остановка транспорта|||53.4456499|23.9175012|||[]||||[]|osm_poi:node/5480021500
Сухмяні|остановка транспорта|||53.583454|23.8744033|||[]||||[]|osm_poi:node/5480204477
Сухмяні|остановка транспорта|||53.5809291|23.874562|||[]||||[]|osm_poi:node/5480204480
Баяры|остановка транспорта|||53.4766339|23.8840661|||[]||||[]|osm_poi:node/5480207343
Лунна|остановка транспорта|||53.4493524|24.2730063|||[]||||[]|osm_poi:node/5480567048
Лунна|остановка транспорта|||53.4540537|24.2603898|||[]||||[]|osm_poi:node/5480567072
Лунна|остановка транспорта|||53.454378|24.2600839|||[]||||[]|osm_poi:node/5480567076
Хліставічы|остановка транспорта|||53.532916|23.981443|||[]||||[]|osm_poi:node/5480571838
Хліставічы|остановка транспорта|||53.5352653|23.9791108|||[]||||[]|osm_poi:node/5480571842
Аграсядзіба Бярозавы Рай|гостиница|||53.5505458|23.8656384|||[]||||[]|osm_poi:node/5481369181
Столовая|кафе|||53.7185|25.7972359|||[]||||[]|osm_poi:node/5488769579
Снежная|остановка транспорта|||53.1961226|24.9851831|||[]||||[]|osm_poi:node/5488955185
Снежная|остановка транспорта|||53.1960605|24.9836958|||[]||||[]|osm_poi:node/5488955189
Галынка|остановка транспорта|||53.2119513|25.0373131|||[]||||[]|osm_poi:node/5488955540
Галынка|остановка транспорта|||53.212139|25.037554|||[]||||[]|osm_poi:node/5488955544
Галынка|остановка транспорта|||53.2191441|25.0345931|||[]||||[]|osm_poi:node/5488955583
Малая Угрынь|остановка транспорта|||53.2402987|24.9749038|||[]||||[]|osm_poi:node/5488955647
Малая Угрынь|остановка транспорта|||53.2414439|24.9720094|||[]||||[]|osm_poi:node/5488955653
Мількавічы|остановка транспорта|||53.6366983|25.7341379|||[]||||[]|osm_poi:node/5489180266
Мількавічы|остановка транспорта|||53.6364115|25.7341844|||[]||||[]|osm_poi:node/5489180267
Варонічы|остановка транспорта|||53.164677|24.8776896|||[]||||[]|osm_poi:node/5489429738
Варонічы|остановка транспорта|||53.1640073|24.8760149|||[]||||[]|osm_poi:node/5489429742
Старое Сяло|остановка транспорта|||53.1823745|24.925759|||[]||||[]|osm_poi:node/5489429867
Yummy|кафе|||53.6843864|23.8449871|||[]|Mo-Fr 09:00-18:00|||[]|osm_poi:node/5492000273
Итбургер|кафе|||53.6852386|23.8476823|||[]|Mo-Su 10:00-23:00|||[]|osm_poi:node/5493373954
Руда Яварская|остановка транспорта|||53.3967224|25.124052|||[]||||[]|osm_poi:node/5493566201
Руда Яварская|остановка транспорта|||53.3968728|25.1216207|||[]||||[]|osm_poi:node/5493566205
Капці|остановка транспорта|||53.385343|25.0677939|||[]||||[]|osm_poi:node/5493566844
Капці|остановка транспорта|||53.3851816|25.0669564|||[]||||[]|osm_poi:node/5493566848
Дварок|остановка транспорта|||53.3689791|25.0281637|||[]||||[]|osm_poi:node/5493567351
Дварок|остановка транспорта|||53.3684181|25.0276448|||[]||||[]|osm_poi:node/5493567355
Мядзвінавічы|остановка транспорта|||53.3940591|25.2980414|||[]||||[]|osm_poi:node/5496030540
Мядзвінавічы|остановка транспорта|||53.3941787|25.2975749|||[]||||[]|osm_poi:node/5496030544
Сверплевічы|остановка транспорта|||53.3930218|25.2621828|||[]||||[]|osm_poi:node/5496030571
Сверплевічы|остановка транспорта|||53.3930595|25.2604047|||[]||||[]|osm_poi:node/5496030575
Туалет|туалет|||53.4399582|25.9263159|||[]||||[]|osm_poi:node/5496448450
Туалет|туалет|||53.4388767|25.9251869|||[]||||[]|osm_poi:node/5496448451
Остановка|остановка транспорта|||53.4719421|26.0233719|||[]||||[]|osm_poi:node/5505754687
чыг. станцыя Свіслач|остановка транспорта|||53.0155571|24.0770628|||[]||||[]|osm_poi:node/5517038419
чыг. станцыя Свіслач|остановка транспорта|||53.015846|24.0776916|||[]||||[]|osm_poi:node/5517038424
Остановка|остановка транспорта|||54.794766|26.1002903|||[]||||[]|osm_poi:node/5518422801
праспект Перамогі|остановка транспорта|||53.8815516|25.3079944|||[]||||[]|osm_poi:node/5518554109
Остановка|остановка транспорта|||54.704266|26.0212389|||[]||||[]|osm_poi:node/5518997007
Остановка|остановка транспорта|||54.7030346|26.0210028|||[]||||[]|osm_poi:node/5518997008
Остановка|остановка транспорта|||53.511834|26.1788154|||[]||||[]|osm_poi:node/5519186363
Няхведы|остановка транспорта|||54.6369516|26.5480864|||[]||||[]|osm_poi:node/5520241084
Школа №9|остановка транспорта|||53.8751388|25.3315262|||[]||||[]|osm_poi:node/5520246337
Даліна|остановка транспорта|||53.8683244|25.2772603|||[]||||[]|osm_poi:node/5529942285
Вулькаўцы|остановка транспорта|||53.7368844|23.6675282|||[]||||[]|osm_poi:node/5532087518
Вулькаўцы|остановка транспорта|||53.7389892|23.6674762|||[]||||[]|osm_poi:node/5532087519
Скрынікі|остановка транспорта|||53.7509696|23.66411|||[]||||[]|osm_poi:node/5532087520
Скрынікі|остановка транспорта|||53.7533662|23.6639962|||[]||||[]|osm_poi:node/5532087625
хостэл Скрыжаванне|гостиница||Ліда|53.8813566|25.2997746|||[]||||[]|osm_poi:node/5545554984
Длугапаль|остановка транспорта|||53.3539634|24.3039771|||[]||||[]|osm_poi:node/5548238985
Длугапаль|остановка транспорта|||53.3552263|24.3056534|||[]||||[]|osm_poi:node/5548238989
Палаўкі|остановка транспорта|||53.3652282|24.3166808|||[]||||[]|osm_poi:node/5548239687
Палаўкі|остановка транспорта|||53.3665226|24.3183727|||[]||||[]|osm_poi:node/5548239691
Марцянаўцы|остановка транспорта|||53.3255847|24.2535061|||[]||||[]|osm_poi:node/5548712165
Марцянаўцы|остановка транспорта|||53.3263674|24.256091|||[]||||[]|osm_poi:node/5548712169
Сядзейкі|остановка транспорта|||53.2997003|24.1696752|||[]||||[]|osm_poi:node/5549990435
Сядзейкі|остановка транспорта|||53.3008678|24.1718088|||[]||||[]|osm_poi:node/5549990439
Навасады|остановка транспорта|||53.3208685|24.2290919|||[]||||[]|osm_poi:node/5549991373
Навасады|остановка транспорта|||53.3211862|24.2318356|||[]||||[]|osm_poi:node/5549991377
Грыбаўцы|остановка транспорта|||53.3337111|24.2758326|||[]||||[]|osm_poi:node/5549991948
Грыбаўцы|остановка транспорта|||53.3345172|24.2777705|||[]||||[]|osm_poi:node/5549991952
Зарачаны|остановка транспорта|||53.3421405|24.2887961|||[]||||[]|osm_poi:node/5549992319
Зарачаны|остановка транспорта|||53.3431958|24.2905514|||[]||||[]|osm_poi:node/5549992323
Людзвінова|остановка транспорта|||53.2390774|24.0692962|||[]||||[]|osm_poi:node/5550222310
Людзвінова|остановка транспорта|||53.2384952|24.0680811|||[]||||[]|osm_poi:node/5550222314
Малая Бераставіца|остановка транспорта|||53.2862318|23.941221|||[]||||[]|osm_poi:node/5552237606
Малая Бераставіца|остановка транспорта|||53.2855277|23.9410907|||[]||||[]|osm_poi:node/5552237619
Айцова|остановка транспорта|||53.2639094|23.9622275|||[]||||[]|osm_poi:node/5552237650
Айцова|остановка транспорта|||53.2626021|23.96301|||[]||||[]|osm_poi:node/5552237655
Жабры|остановка транспорта|||53.2453883|23.9766826|||[]||||[]|osm_poi:node/5552237678
Жабры|остановка транспорта|||53.2463702|23.9761496|||[]||||[]|osm_poi:node/5552237682
Карпаўцы|остановка транспорта|||53.2345422|23.985492|||[]||||[]|osm_poi:node/5552237700
Карпаўцы|остановка транспорта|||53.2333944|23.9861389|||[]||||[]|osm_poi:node/5552237704
Ліснявічы|остановка транспорта|||53.2269387|23.9912605|||[]||||[]|osm_poi:node/5552237709
Ліснявічы|остановка транспорта|||53.2278933|23.9907565|||[]||||[]|osm_poi:node/5552237713
Анета|гостиница||Нямнова|53.8614145|23.762276|||[]||||[]|osm_poi:node/5552833462
Сыраежкі|остановка транспорта|||53.1235681|24.1087116|||[]||||[]|osm_poi:node/5557395343
Сыраежкі|остановка транспорта|||53.1241261|24.1131934|||[]||||[]|osm_poi:node/5557395347
Кватары|остановка транспорта|||53.1183246|24.0787696|||[]||||[]|osm_poi:node/5557395634
Ражкі|остановка транспорта|||53.0642259|24.0708904|||[]||||[]|osm_poi:node/5557396271
Ражкі|остановка транспорта|||53.0635372|24.0700401|||[]||||[]|osm_poi:node/5557396275
Ражкі 2|остановка транспорта|||53.0588972|24.067538|||[]||||[]|osm_poi:node/5557396672
Ражкі 2|остановка транспорта|||53.0575953|24.0675966|||[]||||[]|osm_poi:node/5557396675
Остановка|остановка транспорта|||53.620218|25.9265006|||[]||||[]|osm_poi:node/5557749538
Остановка|остановка транспорта|||53.6200542|25.9255403|||[]||||[]|osm_poi:node/5557749539
Остановка|остановка транспорта|||53.6477032|26.0034773|||[]||||[]|osm_poi:node/5557750339
Остановка|остановка транспорта|||53.6477|26.0005215|||[]||||[]|osm_poi:node/5557750340
Остановка|остановка транспорта|||53.6312368|25.9054667|||[]||||[]|osm_poi:node/5562995822
Остановка|остановка транспорта|||53.6295305|25.9039929|||[]||||[]|osm_poi:node/5562995823
Остановка|остановка транспорта|||53.6239279|25.8190083|||[]||||[]|osm_poi:node/5562996162
Остановка|остановка транспорта|||53.62287|25.8190995|||[]||||[]|osm_poi:node/5562996163
Байкі|остановка транспорта|||53.6236272|25.7603739|||[]||||[]|osm_poi:node/5563014618
Гарадзенская кавярня|кафе||Гродна|53.6778678|23.83163|||[]|Su-Th 10:00-23:00; Fr,Sa 10:00-23:30|||[]|osm_poi:node/5569174996
Джезва блинная|кафе|||53.6794868|23.8304684|||[]||||[]|osm_poi:node/5569178138
Аграсядзіба Памяна|гостиница|||54.2999595|26.2301842|||[]|Mo-Su 09:00-18:00|||[]|osm_poi:node/5586313928
Вялікае Сяло|остановка транспорта|||53.0486656|24.3274672|||[]||||[]|osm_poi:node/5592509385
Вялікае Сяло|остановка транспорта|||53.0486959|24.3283475|||[]||||[]|osm_poi:node/5592509389
Свянціца|остановка транспорта|||53.0627813|24.3639695|||[]||||[]|osm_poi:node/5592510928
Свянціца|остановка транспорта|||53.0630265|24.3664982|||[]||||[]|osm_poi:node/5592510936
Задворанцы|остановка транспорта|||53.0650582|24.3791355|||[]||||[]|osm_poi:node/5592510958
Задворанцы|остановка транспорта|||53.0646496|24.3760647|||[]||||[]|osm_poi:node/5592510962
Сідаркі|остановка транспорта|||53.0653119|24.404321|||[]||||[]|osm_poi:node/5592511130
Central Coffee|кафе|||53.8938238|25.3024629|||[]|Mo-Su 09:00-23:00|||[]|osm_poi:node/5593753225
Занкі 1|остановка транспорта|||53.028762|24.1392004|||[]||||[]|osm_poi:node/5594098679
Палонка|остановка транспорта|||53.0454111|24.200355|||[]||||[]|osm_poi:node/5594098993
Палонка|остановка транспорта|||53.0454255|24.2010525|||[]||||[]|osm_poi:node/5594098997
Манчыцы|остановка транспорта|||53.048835|24.2392715|||[]||||[]|osm_poi:node/5594099887
Бязводнікі|остановка транспорта|||52.9973583|24.0557378|||[]||||[]|osm_poi:node/5594294109
Бязводнікі|остановка транспорта|||52.9985207|24.057664|||[]||||[]|osm_poi:node/5594294113
Грыцкі|остановка транспорта|||53.0175838|24.1084266|||[]||||[]|osm_poi:node/5594295625
Грыцкі|остановка транспорта|||53.0181215|24.1079132|||[]||||[]|osm_poi:node/5594295637
Гасцініца «Ашмяны»|гостиница|||54.4276116|25.9412437|||[]|24/7|||[]|osm_poi:node/5599271421
Остановка|остановка транспорта|||53.6423307|26.2336135|||[]||||[]|osm_poi:node/5603032184
Збочна|остановка транспорта|||53.064113|25.0486137|||[]||||[]|osm_poi:node/5609404842
Дзіцячы санаторый «Нёман»|остановка транспорта|||53.7332969|23.7896668|||[]||||[]|osm_poi:node/5615271460
Бердаўка|остановка транспорта|||53.926047|25.5104467|||[]||||[]|osm_poi:node/5625175179
У Азата|кафе|||53.6968266|23.8037248|||[]||||[]|osm_poi:node/5630476724
Остановка|остановка транспорта|||53.0127309|24.9515377|||[]||||[]|osm_poi:node/5632576440
Остановка|остановка транспорта|||53.0125742|24.9519193|||[]||||[]|osm_poi:node/5632576444
Вялікая Кракотка|остановка транспорта|||53.0161714|24.9597922|||[]||||[]|osm_poi:node/5632577194
Вялікая Кракотка|остановка транспорта|||53.002965|24.9414922|||[]||||[]|osm_poi:node/5632577340
Вялікая Кракотка|остановка транспорта|||53.0159017|24.9592217|||[]||||[]|osm_poi:node/5632577352
Кірʼянаўцы|остановка транспорта|||53.942365|25.5148852|||[]||||[]|osm_poi:node/5633333499
Кірʼянаўцы|остановка транспорта|||53.943838|25.5159661|||[]||||[]|osm_poi:node/5633333500
Остановка|остановка транспорта|||53.2912716|24.4069575|||[]||||[]|osm_poi:node/5633383907
садоўніцкае таварыства Мара|остановка транспорта|||53.6073325|24.0140771|||[]||||[]|osm_poi:node/5642374343
Кава Саўнд|кафе|||53.8944756|25.3021772|||[]|Mo-Su 08:00-23:00|||[]|osm_poi:node/5645996726
Град|гостиница|||54.4262871|25.938321|||[]||||[]|osm_poi:node/5658580588
вуліца Чырвонаармейская|остановка транспорта|||54.4241032|25.9298024|||[]||||[]|osm_poi:node/5658580596
вуліца Чырвонаармейская|остановка транспорта|||54.4247836|25.9293678|||[]||||[]|osm_poi:node/5658580601
вуліца Кааператыўная|остановка транспорта|||54.4256168|25.9222439|||[]||||[]|osm_poi:node/5658580602
Туалет|туалет|||53.6788208|23.8243176|||[]|24/7|yes||[]|osm_poi:node/5659105662
Баравікі|гостиница|||53.5215888|25.4804137|||[]||||[]|osm_poi:node/5663674726
Бульбаш|гостиница|||53.6262779|25.3305823|||[]||||[]|osm_poi:node/5663674732
Столовая|кафе|||53.3674031|24.0749398|||[]||||[]|osm_poi:node/5663925487
Туалет|туалет|||53.7015946|23.8339278|||[]|Fr-Sa 10:00-22:00; Su-Th 10:00-21:00|||[]|osm_poi:node/5666651363
Пицца-корица|кафе|||54.1499258|25.3131293|||[]|Su-Th 11:00-23:00; Fr-Sa 11:00-01:00|||[]|osm_poi:node/5666691222
Доцішкі|остановка транспорта|||54.1182912|24.9980523|||[]||||[]|osm_poi:node/5670477725
Доцішкі|остановка транспорта|||54.1181864|24.9998978|||[]||||[]|osm_poi:node/5670521322
Огонёк|кафе|||54.11747|24.9954452|||[]||||[]|osm_poi:node/5670521323
Остановка|остановка транспорта|||53.7965785|24.6880307|||[]||||[]|osm_poi:node/5676441899
Азярніца|остановка транспорта|||53.0719453|25.0089535|||[]||||[]|osm_poi:node/5678295723
Астория-Комплекс|кафе|||54.2645755|25.3611961|||[]|24/7|||[]|osm_poi:node/5687626011
Остановка|остановка транспорта|||53.3932539|24.3071668|||[]||||[]|osm_poi:node/5688341905
Остановка|остановка транспорта|||53.5736512|23.9372387|||[]||||[]|osm_poi:node/5688341913
Остановка|остановка транспорта|||53.3921128|24.3087479|||[]||||[]|osm_poi:node/5688344121
Остановка|остановка транспорта|||53.3743401|24.3514404|||[]||||[]|osm_poi:node/5688344137
Остановка|остановка транспорта|||53.4542247|24.2225973|||[]||||[]|osm_poi:node/5688344138
Остановка|остановка транспорта|||53.3758191|24.330787|||[]||||[]|osm_poi:node/5688344154
Вецявічы|остановка транспорта|||53.0345111|25.0033475|||[]||||[]|osm_poi:node/5688918480
Вецявічы|остановка транспорта|||53.0348177|25.0042428|||[]||||[]|osm_poi:node/5688918484
Мыслава|остановка транспорта|||53.0521812|25.0258314|||[]||||[]|osm_poi:node/5688918892
Мыслава|остановка транспорта|||53.0529742|25.0259537|||[]||||[]|osm_poi:node/5688918896
Мыслава|остановка транспорта|||53.0651502|25.0233862|||[]||||[]|osm_poi:node/5688918937
Мыслава|остановка транспорта|||53.0656869|25.0237931|||[]||||[]|osm_poi:node/5688918941
Драпава|остановка транспорта|||53.0703503|25.0212108|||[]||||[]|osm_poi:node/5688918954
Драпава|остановка транспорта|||53.0704674|25.0204025|||[]||||[]|osm_poi:node/5688918958
Школа №2|остановка транспорта|||53.5711246|24.199967|||[]||||[]|osm_poi:node/5700457060
Баяры|остановка транспорта|||54.0427183|25.2403988|||[]||||[]|osm_poi:node/5701676110
Аграсядзіба «Белавежскi кут»|гостиница|||52.8317234|24.3656919|||[]||||[]|osm_poi:node/5703710022
Туалет|туалет|||54.2645623|25.3612883|||[]||no||[]|osm_poi:node/5705002546
Туалет|туалет|||54.2647456|25.3638229|||[]||||[]|osm_poi:node/5705002547
Туалет|туалет|||54.2636913|25.3602985|||[]||||[]|osm_poi:node/5705010103
Доргішкі|остановка транспорта|||54.2161415|25.9692174|||[]||||[]|osm_poi:node/5705922793
Грыбава|остановка транспорта|||53.0930122|25.2677127|||[]||||[]|osm_poi:node/5708485867
Грыбава|остановка транспорта|||53.0927289|25.2683383|||[]||||[]|osm_poi:node/5708485871
Марморе|ресторан|||54.6085262|25.9648429|||[]|Mo-Tu 12:30-14:30; We-Th 12:30-14:30, 17:00-00:00; Fr 12:30-14:30, 17:00-02:00; Sa 13:00-02:00; Su 13:00-00:00|||[]|osm_poi:node/5713272122
Бянюны|остановка транспорта|||54.2310772|26.1625808|||[]||||[]|osm_poi:node/5713833055
Навасёлкі|остановка транспорта|||53.4731878|25.5367422|||[]||||[]|osm_poi:node/5719661756
Навасёлкі|остановка транспорта|||53.4740341|25.5333014|||[]||||[]|osm_poi:node/5719661760
Раклевічы|остановка транспорта|||53.4715656|25.4690498|||[]||||[]|osm_poi:node/5719662264
Раклевічы|остановка транспорта|||53.4715795|25.4679035|||[]||||[]|osm_poi:node/5719662268
Малдуці|остановка транспорта|||53.4703503|25.4534412|||[]||||[]|osm_poi:node/5719662285
Малдуці|остановка транспорта|||53.4703248|25.4508294|||[]||||[]|osm_poi:node/5719662289
Рабкі|остановка транспорта|||53.4707841|25.6253728|||[]||||[]|osm_poi:node/5720196958
Кусціна|остановка транспорта|||53.5571504|25.7427602|||[]||||[]|osm_poi:node/5722899659
Кусціна|остановка транспорта|||53.5572289|25.743478|||[]||||[]|osm_poi:node/5722899663
Кашалева|остановка транспорта|||53.5351939|25.7118681|||[]||||[]|osm_poi:node/5722900006
Кашалева|остановка транспорта|||53.5357282|25.7124048|||[]||||[]|osm_poi:node/5722900010
Шабакова|остановка транспорта|||53.4909363|25.6663866|||[]||||[]|osm_poi:node/5722900842
Шабакова|остановка транспорта|||53.4908444|25.6651887|||[]||||[]|osm_poi:node/5722900846
Туалет|туалет|||53.5890979|25.8931339|||[]||no||[]|osm_poi:node/5723236543
Сасноўка|остановка транспорта|||54.5737643|25.9927276|||[]||||[]|osm_poi:node/5723334970
Горная Рута|остановка транспорта|||53.5945683|26.0214353|||[]||||[]|osm_poi:node/5723884476
Горная Рута|остановка транспорта|||53.5944933|26.0179046|||[]||||[]|osm_poi:node/5723884480
Загорʼе|остановка транспорта|||53.5083396|26.3506517|||[]||||[]|osm_poi:node/5725143065
Карэлічы|остановка транспорта|||53.5769349|26.1302132|||[]||||[]|osm_poi:node/5725143835
Тударава|остановка транспорта|||53.5862|26.1089714|||[]||||[]|osm_poi:node/5725143867
Тударава|остановка транспорта|||53.5870421|26.1066509|||[]||||[]|osm_poi:node/5725143873
Бушкі|остановка транспорта|||53.5916346|26.0859233|||[]||||[]|osm_poi:node/5725143954
Бушкі|остановка транспорта|||53.5921944|26.0833833|||[]||||[]|osm_poi:node/5725143958
Паланая|остановка транспорта|||53.5948061|26.0670881|||[]||||[]|osm_poi:node/5725143972
Паланая|остановка транспорта|||53.5953848|26.0644284|||[]||||[]|osm_poi:node/5725143976
Талмінава|остановка транспорта|||54.4535745|25.8399503|||[]||||[]|osm_poi:node/5727486015
Талмінава|остановка транспорта|||54.4534948|25.8411509|||[]||||[]|osm_poi:node/5727486016
Мураваная Ашмянка|остановка транспорта|||54.4538509|25.7903956|||[]||||[]|osm_poi:node/5727500687
Сакалы|остановка транспорта|||54.0580914|25.2577105|||[]||||[]|osm_poi:node/5727702884
Баяры|остановка транспорта|||54.041069|25.2384849|||[]||||[]|osm_poi:node/5727711721
Гуды|остановка транспорта|||53.9632548|25.2386187|||[]||||[]|osm_poi:node/5727720280
Гуды|остановка транспорта|||53.9613706|25.2397235|||[]||||[]|osm_poi:node/5727720281
Грыгі Далавыя|остановка транспорта|||54.4508576|25.6283238|||[]||||[]|osm_poi:node/5728224366
Шаурма тут та самая|кафе|||53.700465|23.8537201|||[]|Mo-Fr 12:00-23:00; Sa-Su 11:00-23:00|||[]|osm_poi:node/5729214143
Парэчча|остановка транспорта|||53.8853897|24.1347739|||[]||||[]|osm_poi:node/5730704901
Калінаўка|остановка транспорта|||53.1148582|24.7510904|||[]||||[]|osm_poi:node/5730855555
Калінаўка|остановка транспорта|||53.1154879|24.7509352|||[]||||[]|osm_poi:node/5730855559
Холстава|остановка транспорта|||53.1330525|24.7529807|||[]||||[]|osm_poi:node/5730855569
Салішкі ПЗ|остановка транспорта|||54.1065319|25.09817|||[]||||[]|osm_poi:node/5731902098
Салішкі ПЗ|остановка транспорта|||54.106708|25.1018312|||[]||||[]|osm_poi:node/5731902100
Дубатоўка|остановка транспорта|||54.5941674|26.508965|||[]||||[]|osm_poi:node/5735179076
Остановка|остановка транспорта|||54.5365855|26.382578|||[]||||[]|osm_poi:node/5737435890
Бязводна|остановка транспорта|||53.0250245|24.8074924|||[]||||[]|osm_poi:node/5739049249
Бязводна|остановка транспорта|||53.0248059|24.8074111|||[]||||[]|osm_poi:node/5739049253
Агатова|остановка транспорта|||53.0076678|24.8077487|||[]||||[]|osm_poi:node/5739049271
Агатова|остановка транспорта|||53.0073944|24.8072113|||[]||||[]|osm_poi:node/5739049273
Агатова|остановка транспорта|||53.0018716|24.7995865|||[]||||[]|osm_poi:node/5739049304
Агатова|остановка транспорта|||53.002043|24.8000647|||[]||||[]|osm_poi:node/5739049307
Міжэрычы|остановка транспорта|||53.0661448|24.7704725|||[]||||[]|osm_poi:node/5739050620
Міжэрычы|остановка транспорта|||53.0667005|24.7704674|||[]||||[]|osm_poi:node/5739050924
Задворʼе|остановка транспорта|||53.0748165|24.766118|||[]||||[]|osm_poi:node/5739051003
Талалайкі|остановка транспорта|||53.0880894|24.761187|||[]||||[]|osm_poi:node/5739051009
Талалайкі|остановка транспорта|||53.0886774|24.7612177|||[]||||[]|osm_poi:node/5739051013
Дзергілі|остановка транспорта|||53.1005291|24.7599703|||[]||||[]|osm_poi:node/5739051437
Дзергілі|остановка транспорта|||53.1014841|24.7601519|||[]||||[]|osm_poi:node/5739051441
Косцевічы|остановка транспорта|||53.0774314|24.8261035|||[]||||[]|osm_poi:node/5740637716
Шэйкі|остановка транспорта|||53.0732266|24.8134102|||[]||||[]|osm_poi:node/5740637759
Шэйкі|остановка транспорта|||53.0729964|24.8124853|||[]||||[]|osm_poi:node/5740637763
Алянец|остановка транспорта|||54.4180737|26.5790327|||[]||||[]|osm_poi:node/5740655639
Алянец|остановка транспорта|||54.4185998|26.5780311|||[]||||[]|osm_poi:node/5740655645
Остановка|остановка транспорта|||53.6646774|24.7897191|||[]||||[]|osm_poi:node/5742056402
Остановка|остановка транспорта|||53.6851457|24.7502651|||[]||||[]|osm_poi:node/5742096845
Остановка|остановка транспорта|||53.6865235|24.750507|||[]||||[]|osm_poi:node/5742096846
Остановка|остановка транспорта|||53.6971883|24.7489145|||[]||||[]|osm_poi:node/5742096847
Остановка|остановка транспорта|||53.6966666|24.7491092|||[]||||[]|osm_poi:node/5742096848
Шайбакі|остановка транспорта|||53.739265|24.7452268|||[]||||[]|osm_poi:node/5742096853
Шайбакі|остановка транспорта|||53.740525|24.7441321|||[]||||[]|osm_poi:node/5742096854
Карэвічы|остановка транспорта|||53.7492467|24.7263191|||[]||||[]|osm_poi:node/5742096860
Стадаляны|остановка транспорта|||53.7496851|24.6691649|||[]||||[]|osm_poi:node/5742096876
Стадаляны|остановка транспорта|||53.7494973|24.6696833|||[]||||[]|osm_poi:node/5742096877
Остановка|остановка транспорта|||53.8342372|24.7578997|||[]||||[]|osm_poi:node/5742224544
Остановка|остановка транспорта|||53.8321166|24.7606563|||[]||||[]|osm_poi:node/5742224569
Остановка|остановка транспорта|||53.8436248|24.7436078|||[]||||[]|osm_poi:node/5742224581
Остановка|остановка транспорта|||53.8441588|24.7432231|||[]||||[]|osm_poi:node/5742224582
Остановка|остановка транспорта|||53.8466342|24.7391227|||[]||||[]|osm_poi:node/5742224584
Остановка|остановка транспорта|||53.8769776|24.7135569|||[]||||[]|osm_poi:node/5742224618
Остановка|остановка транспорта|||53.9439|24.8148773|||[]||||[]|osm_poi:node/5742224636
Остановка|остановка транспорта|||53.9459871|24.8175601|||[]||||[]|osm_poi:node/5742224637
Остановка|остановка транспорта|||53.9622903|24.8360525|||[]||||[]|osm_poi:node/5742224638
Остановка|остановка транспорта|||53.9632853|24.8375416|||[]||||[]|osm_poi:node/5742224639
Остановка|остановка транспорта|||54.001952|24.9174231|||[]||||[]|osm_poi:node/5742224641
Остановка|остановка транспорта|||54.0051635|24.9191885|||[]||||[]|osm_poi:node/5742224644
Остановка|остановка транспорта|||54.0159933|24.9247408|||[]||||[]|osm_poi:node/5742224650
Остановка|остановка транспорта|||54.0184124|24.9272896|||[]||||[]|osm_poi:node/5742224652
Адвернікі|остановка транспорта|||54.0987342|25.0142368|||[]||||[]|osm_poi:node/5742224667
Адвернікі|остановка транспорта|||54.0998961|25.014611|||[]||||[]|osm_poi:node/5742224668
Остановка|остановка транспорта|||54.1087305|25.0157527|||[]||||[]|osm_poi:node/5742224669
Остановка|остановка транспорта|||54.1098693|25.0164831|||[]||||[]|osm_poi:node/5742224670
Остановка|остановка транспорта|||54.0158732|24.9819778|||[]||||[]|osm_poi:node/5742268729
Остановка|остановка транспорта|||54.0166941|24.9823363|||[]||||[]|osm_poi:node/5742268730
Остановка|остановка транспорта|||53.9795577|24.9713727|||[]||||[]|osm_poi:node/5742268731
Остановка|остановка транспорта|||53.9785558|24.9714198|||[]||||[]|osm_poi:node/5742268741
Пеляса|остановка транспорта|||53.9549521|24.9674644|||[]||||[]|osm_poi:node/5742268762
Пеляса|остановка транспорта|||53.9541637|24.9673522|||[]||||[]|osm_poi:node/5742268763
Дзегцяры|остановка транспорта|||53.8015258|24.8932869|||[]||||[]|osm_poi:node/5742268801
Дзегцяры|остановка транспорта|||53.8017003|24.8946989|||[]||||[]|osm_poi:node/5742268802
Остановка|остановка транспорта|||53.8216228|24.941946|||[]||||[]|osm_poi:node/5742268803
Остановка|остановка транспорта|||53.8218137|24.9429085|||[]||||[]|osm_poi:node/5742268804
Рулевічы|остановка транспорта|||53.8739285|25.0299076|||[]||||[]|osm_poi:node/5742269028
Остановка|остановка транспорта|||52.9301863|25.0082882|||[]||||[]|osm_poi:node/5742639876
Н. Перавалока|остановка транспорта|||52.9307295|25.0099404|||[]||||[]|osm_poi:node/5742639877
Павлинка|ресторан|||53.2588688|24.4242981|||[]||||[]|osm_poi:node/5743170654
Остановка|остановка транспорта|||53.7144423|23.8251775|||[]||||[]|osm_poi:node/5747742167
Остановка|остановка транспорта|||54.7744408|25.9266019|||[]||||[]|osm_poi:node/5747964885
Остановка|остановка транспорта|||54.7758726|25.9265059|||[]||||[]|osm_poi:node/5747964886
Верабʼевічы|остановка транспорта|||53.1145472|25.2749776|||[]||||[]|osm_poi:node/5749478973
Верабʼевічы|остановка транспорта|||53.1156249|25.2707451|||[]||||[]|osm_poi:node/5749478977
Ганькі|остановка транспорта|||53.1323894|25.2333304|||[]||||[]|osm_poi:node/5749479802
Ганькі|остановка транспорта|||53.132667|25.2332422|||[]||||[]|osm_poi:node/5749479806
Сянькоўшчына|остановка транспорта|||53.1731317|25.1550733|||[]||||[]|osm_poi:node/5749480053
Сянькоўшчына|остановка транспорта|||53.1730835|25.153374|||[]||||[]|osm_poi:node/5749480068
Шышкі|остановка транспорта|||53.1835515|25.1057059|||[]||||[]|osm_poi:node/5749480156
Шышкі|остановка транспорта|||53.183257|25.1062402|||[]||||[]|osm_poi:node/5749480160
Остановка|остановка транспорта|||53.6255306|23.7243839|||[]||||[]|osm_poi:node/5750254637
магазін Сувораўскі|остановка транспорта|||53.6629293|23.8176225|||[]||||[]|osm_poi:node/5750254648
Маслазавод|остановка транспорта|||53.1044833|25.2934013|||[]||||[]|osm_poi:node/5751488172
Шундры|остановка транспорта|||53.1867617|25.3011637|||[]||||[]|osm_poi:node/5751956251
Шундры|остановка транспорта|||53.1861922|25.3010653|||[]||||[]|osm_poi:node/5751956255
Міцькавічы|остановка транспорта|||53.1533534|25.305702|||[]||||[]|osm_poi:node/5751956612
Міцькавічы|остановка транспорта|||53.1525933|25.305541|||[]||||[]|osm_poi:node/5751956616
Талькаўшчына|остановка транспорта|||53.121073|25.3070935|||[]||||[]|osm_poi:node/5751957279
Талькаўшчына|остановка транспорта|||53.1204433|25.3072809|||[]||||[]|osm_poi:node/5751957282
Задворʼе|остановка транспорта|||53.2757586|25.2855377|||[]||||[]|osm_poi:node/5753524409
Задворʼе|остановка транспорта|||53.2727633|25.2868347|||[]||||[]|osm_poi:node/5753527055
Паўлава|остановка транспорта|||53.2625521|25.2871183|||[]||||[]|osm_poi:node/5753527182
Прырэчча|остановка транспорта|||53.2302076|25.2792406|||[]||||[]|osm_poi:node/5753527753
Прырэчча|остановка транспорта|||53.2293397|25.2786487|||[]||||[]|osm_poi:node/5753527757
Амельнікі|остановка транспорта|||53.2152886|25.282619|||[]||||[]|osm_poi:node/5753528161
Амельнікі|остановка транспорта|||53.2145512|25.2825679|||[]||||[]|osm_poi:node/5753528165
Лявонавічы|остановка транспорта|||53.350692|25.2832123|||[]||||[]|osm_poi:node/5754050759
Лявонавічы|остановка транспорта|||53.3492365|25.2820372|||[]||||[]|osm_poi:node/5754050763
Малдавічы|остановка транспорта|||53.3347231|25.2735033|||[]||||[]|osm_poi:node/5754050787
Малдавічы|остановка транспорта|||53.3372645|25.2742956|||[]||||[]|osm_poi:node/5754050791
Мохавічы|остановка транспорта|||53.8172014|25.1649436|||[]||||[]|osm_poi:node/5763415717
Туалет|туалет|||54.1562619|25.3198607|||[]||||[]|osm_poi:node/5767414461
Цеслюкішкі|остановка транспорта|||54.1819332|25.3357621|||[]||||[]|osm_poi:node/5770472508
Ёткішкі ПЗ|остановка транспорта|||54.2067026|25.3498393|||[]||||[]|osm_poi:node/5770472512
Ёткішкі ПЗ|остановка транспорта|||54.2093851|25.3510482|||[]||||[]|osm_poi:node/5770472516
Базылі|остановка транспорта|||54.2207844|25.3551023|||[]||||[]|osm_poi:node/5770472520
Базылі|остановка транспорта|||54.2235532|25.3563672|||[]||||[]|osm_poi:node/5770472524
Вараноўка|остановка транспорта|||54.1653606|25.3295745|||[]||||[]|osm_poi:node/5770477338
Цеслюкішкі|остановка транспорта|||54.1793507|25.3347919|||[]||||[]|osm_poi:node/5770477342
Беняконі ПЗ|остановка транспорта|||54.24998|25.3561269|||[]||||[]|osm_poi:node/5770524670
Беняконі ПЗ|остановка транспорта|||54.2497004|25.3557021|||[]||||[]|osm_poi:node/5770524673
Остановка|остановка транспорта|||54.1534694|25.3015904|||[]||||[]|osm_poi:node/5772613190
Савецкая|остановка транспорта|||54.1463562|25.3148028|||[]||||[]|osm_poi:node/5772624087
Савецкая|остановка транспорта|||54.1465712|25.3151868|||[]||||[]|osm_poi:node/5772624092
плошча Савецкая|остановка транспорта|||54.1522384|25.3194601|||[]||||[]|osm_poi:node/5772626415
Туалет|туалет|||53.6892051|23.8499876|||[]||no||[]|osm_poi:node/5777719983
Туалет|туалет|||54.1507129|25.3104653|||[]||||[]|osm_poi:node/5779327185
Остановка|остановка транспорта|||54.1533253|25.3013466|||[]||||[]|osm_poi:node/5781683415
Остановка|остановка транспорта|||53.6935821|23.7691176|||[]||||[]|osm_poi:node/5794539818
Старый Тбилиси|кафе||Гродна|53.6768532|23.8309479|||[]|Mo-Su 13:00-02:00|||[]|osm_poi:node/5796783253
Альшымава|остановка транспорта|||53.1770435|24.4519427|||[]||||[]|osm_poi:node/5808088006
Альшымава|остановка транспорта|||53.1772862|24.4520527|||[]||||[]|osm_poi:node/5808088007
Дзенькаўцы|остановка транспорта|||53.4004688|24.484742|||[]||||[]|osm_poi:node/5808694420
Дзенькаўцы|остановка транспорта|||53.4004327|24.4841834|||[]||||[]|osm_poi:node/5808694424
Журавушка|кафе|||53.3658283|24.3639328|||[]||||[]|osm_poi:node/5808700104
Остановка|остановка транспорта|||54.4874905|26.0860386|||[]||||[]|osm_poi:node/5809227069
Крывічы|остановка транспорта|||53.2135256|24.8368756|||[]||||[]|osm_poi:node/5809518882
Калона|остановка транспорта|||53.2260817|24.8251458|||[]||||[]|osm_poi:node/5809518910
Залацеева|остановка транспорта|||53.2429152|24.8145091|||[]||||[]|osm_poi:node/5809518933
Падбалоцце|остановка транспорта|||53.2432001|24.7507786|||[]||||[]|osm_poi:node/5809522661
Падбалоцце|остановка транспорта|||53.2425903|24.7509632|||[]||||[]|osm_poi:node/5809522665
Легенда|кафе||Навагрудак|53.5988948|25.8243506|||[]||||[]|osm_poi:node/5810394253
Остановка|остановка транспорта|||53.5247446|26.0344952|||[]||||[]|osm_poi:node/5810703469
Остановка|остановка транспорта|||53.5250061|26.0364317|||[]||||[]|osm_poi:node/5810703470
Азярніца|остановка транспорта|||53.0716031|25.0092836|||[]||||[]|osm_poi:node/5810931987
Рэксці|остановка транспорта|||53.226736|24.5498129|||[]||||[]|osm_poi:node/5812891975
Рэксці|остановка транспорта|||53.226477|24.5509697|||[]||||[]|osm_poi:node/5812891979
Ялуцавічы|остановка транспорта|||53.227776|24.5923198|||[]||||[]|osm_poi:node/5813258781
Ялуцавічы|остановка транспорта|||53.2245695|24.6190949|||[]||||[]|osm_poi:node/5813258791
Нямнова|остановка транспорта|||53.8647547|23.7382674|||[]||||[]|osm_poi:node/5813297775
Карчма «Кумпяк»|ресторан|||53.8873353|25.3024078|||[]|Mo-Su 09:00-22:00|||[]|osm_poi:node/5814476753
Туалет|туалет|||54.1529743|25.3007799|||[]||||[]|osm_poi:node/5814616569
паварот Раўбы|остановка транспорта|||53.7462397|24.9577586|||[]||||[]|osm_poi:node/5816192674
Феліксава|остановка транспорта|||53.7334319|25.0194835|||[]||||[]|osm_poi:node/5816192892
Столовая|кафе|||53.2672158|24.6827039|||[]||||[]|osm_poi:node/5819800824
Івашкаўцы|остановка транспорта|||53.1772922|24.0007702|||[]||||[]|osm_poi:node/5821490133
Івашкаўцы|остановка транспорта|||53.1770844|24.0002199|||[]||||[]|osm_poi:node/5821490137
Кашанцы|остановка транспорта|||53.1629778|23.9877218|||[]||||[]|osm_poi:node/5821490151
Кашанцы|остановка транспорта|||53.1627645|23.9873082|||[]||||[]|osm_poi:node/5821490155
Грыцкавічы|остановка транспорта|||53.1748649|24.7164307|||[]||||[]|osm_poi:node/5822483879
Грыцкавічы|остановка транспорта|||53.1749086|24.7148276|||[]||||[]|osm_poi:node/5822483882
Крамяніца|остановка транспорта|||53.2194816|24.6883937|||[]||||[]|osm_poi:node/5822484398
вуліца Чаротавая|остановка транспорта|||53.8727082|25.3190036|||[]||||[]|osm_poi:node/5824826892
Остановка|остановка транспорта|||53.8790085|25.328428|||[]||||[]|osm_poi:node/5824826893
Остановка|остановка транспорта|||53.9125422|24.6454003|||[]||||[]|osm_poi:node/5825824832
Остановка|остановка транспорта|||53.8298278|24.6430045|||[]||||[]|osm_poi:node/5825888920
Манастырская|гостиница|||53.0150255|25.346193|||[]||||[]|osm_poi:node/5827932487
Туалет|туалет|||53.4032825|25.3132367|||[]||no||[]|osm_poi:node/5830038196
Остановка|остановка транспорта|||53.5459795|25.9505404|||[]||||[]|osm_poi:node/5830551992
Остановка|остановка транспорта|||53.81256|24.558527|||[]||||[]|osm_poi:node/5831716615
Остановка|остановка транспорта|||53.8088145|24.556227|||[]||||[]|osm_poi:node/5831716644
Дзіцячы сад №5|остановка транспорта|||54.600978|25.9728755|||[]||||[]|osm_poi:node/5831757886
праспект Энергетыкаў|остановка транспорта|||54.6031709|25.9753595|||[]||||[]|osm_poi:node/5831757887
Nebo|кафе||Гродна|53.6823125|23.8316884|||[]|Apr-Oct: Mo-Th 10:00-23:00; Apr-Oct: Fr-Su 10:00-24:00; Nov-Mar off|||[]|osm_poi:node/5835061640
Каралін|остановка транспорта|||53.0727567|24.89207|||[]||||[]|osm_poi:node/5836169515
Патока|остановка транспорта|||53.5142252|24.6942097|||[]||||[]|osm_poi:node/5836521316
Патока|остановка транспорта|||53.5137309|24.6927362|||[]||||[]|osm_poi:node/5836521324
Мікелеўшчына|остановка транспорта|||53.4922474|24.6682924|||[]||||[]|osm_poi:node/5836521348
Мікелеўшчына|остановка транспорта|||53.4912588|24.667218|||[]||||[]|osm_poi:node/5836521361
Остановка|остановка транспорта|||54.4862191|26.4177166|||[]||||[]|osm_poi:node/5838790130
Остановка|остановка транспорта|||53.3641877|24.1487123|||[]||||[]|osm_poi:node/5842169166
Остановка|остановка транспорта|||53.3506106|24.0096425|||[]||||[]|osm_poi:node/5842239461
Остановка|остановка транспорта|||53.3506906|24.0087801|||[]||||[]|osm_poi:node/5842239463
Курчоўцы ПЗ|остановка транспорта|||53.9260442|24.8476276|||[]||||[]|osm_poi:node/5851043453
вуліца Адэльская|остановка транспорта|||53.6112439|23.8209206|||[]||||[]|osm_poi:node/5851867273
Райвыканкам|остановка транспорта|||53.8902631|25.3055053|||[]||||[]|osm_poi:node/5872107862
Курган Бессмяроцця|остановка транспорта|||53.8911583|25.3140495|||[]||||[]|osm_poi:node/5872107868
Туалет|туалет|||53.8872075|25.3023605|||[]||no||[]|osm_poi:node/5873311086
Дамаўцы|остановка транспорта|||53.6961619|24.8934052|||[]||||[]|osm_poi:node/5873408188
Ішчална|остановка транспорта|||53.6845895|24.855836|||[]||||[]|osm_poi:node/5873408189
Моцеўцы|остановка транспорта|||53.6612384|24.8126785|||[]||||[]|osm_poi:node/5873408190
Міцары|остановка транспорта|||53.6185348|24.702658|||[]||||[]|osm_poi:node/5873408191
Клевер|кафе|||53.6818537|23.8314307|||[]|Mo-Th 10:00-23:00; Fr-Sa 10:00-00:00|||[]|osm_poi:node/5875469485
Туалет|туалет|||53.6800596|23.8180369|||[]|24/7|yes||[]|osm_poi:node/5875606588
паварот на Морына|остановка транспорта|||53.8828861|25.7179227|||[]||||[]|osm_poi:node/5876200385
Масткі|остановка транспорта|||53.8820872|25.7379275|||[]||||[]|osm_poi:node/5876200685
Старчаняты|остановка транспорта|||53.8914024|25.7933624|||[]||||[]|osm_poi:node/5876200785
Круплі|остановка транспорта|||53.9144019|26.0836344|||[]||||[]|osm_poi:node/5876380197
Публіка|кафе||Гродна|53.6772027|23.8286237|||[]|Mo-Su 10:00-23:00|||[]|osm_poi:node/5885330440
Ниндзя-Кебаб|кафе|||53.687183|23.8303283|||[]|Mo 12:00-22:00; Tu-Su 10:30-22:00|||[]|osm_poi:node/5885330443
Ранчо|кафе|||53.7045105|23.8122479|||[]||||[]|osm_poi:node/5899774718
Галіна|гостиница|||54.1647681|25.3098975|||[]|24/7|||[]|osm_poi:node/5904912685
Туалет|туалет|||54.4243891|25.9370535|||[]|Mo-Su 07:00-22:00|yes||[]|osm_poi:node/5907580985
Остановка|остановка транспорта|||53.5924348|25.7726383|||[]||||[]|osm_poi:node/5916196272
Остановка|остановка транспорта|||53.5924141|25.7715198|||[]||||[]|osm_poi:node/5916196273
Остановка|остановка транспорта|||53.5437023|25.8314994|||[]||||[]|osm_poi:node/5916692008
Остановка|остановка транспорта|||53.5444514|25.8316737|||[]||||[]|osm_poi:node/5916692009
Остановка|остановка транспорта|||53.5518602|25.8298364|||[]||||[]|osm_poi:node/5916692014
Остановка|остановка транспорта|||53.5524338|25.8300912|||[]||||[]|osm_poi:node/5916692015
Остановка|остановка транспорта|||53.7032922|24.9126775|||[]||||[]|osm_poi:node/5920758107
Беллакт|остановка транспорта|||53.1334756|24.4137561|||[]||||[]|osm_poi:node/5924715697
Туалет|туалет|||53.8827536|25.3007868|||[]||yes||[]|osm_poi:node/5938259843
Туалет|туалет|||53.8718116|25.2820006|||[]||||[]|osm_poi:node/5938259865
Туалет|туалет|||53.8995776|25.302891|||[]||no||[]|osm_poi:node/5938259866
Туалет|туалет|||53.8866636|25.3021822|||[]|10:00-21:00|yes||[]|osm_poi:node/5938259873
Туалет|туалет|||53.852464|25.3391762|||[]||no||[]|osm_poi:node/5940432325
Малі|остановка транспорта|||54.6438828|25.9901143|||[]||||[]|osm_poi:node/5985278105
Столовая|кафе|||53.6866754|23.8484201|||[]|Mo-Fr 09:30-14:30, 15:00-17:00|||[]|osm_poi:node/5994828141
Дом Псіх Трэвел|гостиница|||54.520771|26.5019855|||[]|Su-Mo 09:00-18:00|||[]|osm_poi:node/6009521785
Остановка|остановка транспорта|||53.210651|25.4340438|||[]||||[]|osm_poi:node/6010279762
Остановка|остановка транспорта|||53.2440502|25.4699961|||[]||||[]|osm_poi:node/6010280859
Остановка|остановка транспорта|||53.3023246|25.3226501|||[]||||[]|osm_poi:node/6010282731
Street Food|кафе|||53.8962413|25.2996884|||[]||||[]|osm_poi:node/6017201216
Мікрараён КПЗ|остановка транспорта|||53.0952882|25.3883541|||[]||||[]|osm_poi:node/6029973131
Весна|кафе|||54.6152184|25.9751201|||[]|Mo 13:00-22:00; Tu-Th 11:00-22:00; Fr-Sa 13:00-01:00; Su 11:00-22:00|||[]|osm_poi:node/6042270963
Сказка|кафе|||53.1490948|24.394915|||[]||||[]|osm_poi:node/6042614048
вуліца Рэспубліканская|остановка транспорта|||53.9261816|25.268442|||[]||||[]|osm_poi:node/6050516320
вуліца Рэспубліканская|остановка транспорта|||53.9269476|25.2681336|||[]||||[]|osm_poi:node/6050516321
Шаурма|кафе|||53.1553959|24.4470438|||[]||||[]|osm_poi:node/6080614833
Ярэмічы|остановка транспорта|||53.5691608|26.3430043|||[]||||[]|osm_poi:node/6128746894
Туалет|туалет|||53.7011697|23.8119923|||[]||||[]|osm_poi:node/6139080123
Туалет|туалет|||53.7016714|23.8117813|||[]||||[]|osm_poi:node/6139080127
Тутака|кафе|||53.8899091|25.2962455|||[]||||[]|osm_poi:node/6143018818
Izi Kebab|кафе|||54.4279622|25.9436307|||[]|Su-Th 10:00-22:00; Fr,Sa 10:00-23:00|||[]|osm_poi:node/6148316502
Кофе Саунд|кафе|||54.4248535|25.9357254|||[]||||[]|osm_poi:node/6149837590
Лаванда|кафе|||54.4247023|25.9352358|||[]||||[]|osm_poi:node/6149849879
Каля Палаца|кафе|||53.678235|23.82856|||[]|Fr-Sa 16:00-23:00|||[]|osm_poi:node/6153180355
Всегда Охота|кафе|||53.6859098|23.8353455|||[]|Mo-Fr 10:00-21:00; Sa-Su 12:00-20:00|||[]|osm_poi:node/6153425690
Туалет|туалет|||53.9403071|23.9663858|||[]||no||[]|osm_poi:node/6153827757
Заўжды цікаVа|кафе||Зэльва|53.1417797|24.8032049|||[]|24/7|||[]|osm_poi:node/6158171398
Кафетерий|кафе|||53.1426579|24.8125114|||[]|Su,Mo-Th 07:00-15:00,16:00-22:00; Fr,Sa 07:00-15:00,16:00-24:00|||[]|osm_poi:node/6158171417
Туалет|туалет|||53.7122417|23.8173116|||[]||no||[]|osm_poi:node/6165664313
Nori|кафе|||53.7013974|23.8337495|||[]||||[]|osm_poi:node/6168752167
Туалет|туалет|||53.6973651|23.831933|||[]||||[]|osm_poi:node/6168840686
Крывічы|остановка транспорта|||53.2193642|24.8300069|||[]||||[]|osm_poi:node/6175174625
Крывічы|остановка транспорта|||53.2189499|24.8300095|||[]||||[]|osm_poi:node/6175174629
Крывічы|остановка транспорта|||53.2125687|24.8367927|||[]||||[]|osm_poi:node/6175174652
вуліца Карла Маркса|остановка транспорта|||53.1593798|24.4707702|||[]||||[]|osm_poi:node/6179287402
Барашка|кафе|||53.6791094|23.8306224|||[]|Mo-Su 12:00-24:00|||[]|osm_poi:node/6181947463
Моно|кафе|||53.6817359|23.8295958|||[]|Mo-Su 10:00-23:00|||[]|osm_poi:node/6187463988
Hostel Сenter|гостиница|||53.6799689|23.829806|||[]||||[]|osm_poi:node/6196165565
Kip Town|гостиница||Гродна|53.6776738|23.8329914|||[]|24/7|||[]|osm_poi:node/6196320348
вуліца Дамейкі|остановка транспорта|||53.625837|23.861497|||[]||||[]|osm_poi:node/6206634886
вуліца Дамейкі|остановка транспорта|||53.62474|23.8621191|||[]||||[]|osm_poi:node/6206634887
Проходная|кафе||Гродна|53.6765585|23.8284387|||[]|Mo-Su 09:00-23:00|||[]|osm_poi:node/6219199001
столовая|кафе|||54.0987448|25.1359115|||[]||||[]|osm_poi:node/6229935650
аграсядзіба Мірная|гостиница|||53.4187648|26.5459137|||[]||||[]|osm_poi:node/6238202622
Какао|кафе|||53.6810289|23.8425834|||[]|Mo-Su 10:00-21:00|||[]|osm_poi:node/6260102337
ЧАЙКОФСКИЙ|кафе|||53.8848947|25.295229|||[]|Mo-Su 08:30-21:00|||[]|osm_poi:node/6262194286
Остановка|остановка транспорта|||53.3799897|26.3653031|||[]||||[]|osm_poi:node/6270296224
Драники|кафе||Гродна|53.6852689|23.8430898|||[]|Mo-Th 11:00-23:00; Fr-Su 11:00-01:00|||[]|osm_poi:node/6271627036
Остановка|остановка транспорта|||53.4551546|25.8864388|||[]||||[]|osm_poi:node/6272201401
Валеўка|остановка транспорта|||53.4578128|25.8853679|||[]||||[]|osm_poi:node/6272201419
Остановка|остановка транспорта|||53.4805482|25.8929913|||[]||||[]|osm_poi:node/6274940694
Остановка|остановка транспорта|||53.4811037|25.8931415|||[]||||[]|osm_poi:node/6274940695
Тулічава|остановка транспорта|||53.4507482|25.8388115|||[]||||[]|osm_poi:node/6275043132
Тулічава|остановка транспорта|||53.4504191|25.8379836|||[]||||[]|osm_poi:node/6275043133
Тулічава|остановка транспорта|||53.4506389|25.8372192|||[]||||[]|osm_poi:node/6275043135
Заполле|остановка транспорта|||53.4326386|25.7430024|||[]||||[]|osm_poi:node/6277159103
Заполле|остановка транспорта|||53.4326147|25.7434575|||[]||||[]|osm_poi:node/6277159104
Круцілавічы|остановка транспорта|||53.4616118|25.6605304|||[]||||[]|osm_poi:node/6277234865
Круцілавічы|остановка транспорта|||53.4618067|25.6602897|||[]||||[]|osm_poi:node/6277234866
Остановка|остановка транспорта|||53.470208|25.6208194|||[]||||[]|osm_poi:node/6278722199
Обед-Буфет|кафе||Гродна|53.7182005|23.8201014|||[]|Mo-Fr 12:30-18:00; Sa-Su Off|||[]|osm_poi:node/6281544194
Бальніца|остановка транспорта|||54.6090078|25.9796664|||[]||||[]|osm_poi:node/6286225286
Гаргаз|остановка транспорта|||54.6095607|25.9748075|||[]||||[]|osm_poi:node/6286225387
Гаргаз|остановка транспорта|||54.6100734|25.9733981|||[]||||[]|osm_poi:node/6286225388
Еўраопт|остановка транспорта|||54.6088642|25.9782402|||[]||||[]|osm_poi:node/6286226386
Мінічы|остановка транспорта|||52.9067933|24.4909528|||[]||||[]|osm_poi:node/6288819224
Мінічы|остановка транспорта|||52.9066654|24.4923797|||[]||||[]|osm_poi:node/6288819225
Лідзяны|остановка транспорта|||52.9105723|24.4613191|||[]||||[]|osm_poi:node/6288819293
Лідзяны|остановка транспорта|||52.9104738|24.462036|||[]||||[]|osm_poi:node/6288819294
Мистер Шаурмэн|кафе|||53.6860266|23.8479013|||[]|24/7|||[]|osm_poi:node/6298133661
вуліца Кастрычніцкая|остановка транспорта|||54.6051136|25.9664473|||[]||||[]|osm_poi:node/6304613422
вуліца Кастрычніцкая|остановка транспорта|||54.6061387|25.9655755|||[]||||[]|osm_poi:node/6304613423
Пит Stop|кафе|||53.6726678|23.8637229|||[]|Mo-Su 09:00-22:00|||[]|osm_poi:node/6313914060
Курпешы|остановка транспорта|||53.4980595|25.4501083|||[]||||[]|osm_poi:node/6320662714
Курпешы|остановка транспорта|||53.4969809|25.4475114|||[]||||[]|osm_poi:node/6320662715
Лайкоўшчына|остановка транспорта|||53.6384653|25.1787449|||[]||||[]|osm_poi:node/6322447436
Лайкоўшчына|остановка транспорта|||53.6381755|25.1765251|||[]||||[]|osm_poi:node/6322447437
Остановка|остановка транспорта|||53.6568015|26.0697464|||[]||||[]|osm_poi:node/6329739503
Остановка|остановка транспорта|||53.2932829|23.9296814|||[]||||[]|osm_poi:node/6331668537
Остановка|остановка транспорта|||53.2942512|23.9296439|||[]||||[]|osm_poi:node/6331668551
SunBurger|кафе|||54.7235635|25.7705618|||[]||||[]|osm_poi:node/6339816439
Дюна|кафе|||53.6766265|23.8285536|||[]||||[]|osm_poi:node/6341716746
Pizza Truck|кафе||Гродна|53.6789023|23.8333235|||[]|Mo-Su 13:00-21:00|||[]|osm_poi:node/6342062647
Туалет|туалет|||53.6884027|23.8456547|||[]|24/7|no||[]|osm_poi:node/6342176182
Мірскі Пасад|гостиница|||53.4549646|26.4646967|||[]|24/7|||[]|osm_poi:node/6356658341
Hotfix|кафе|||53.6818616|23.8320695|||[]|08:00-23:00|||[]|osm_poi:node/6358777285
Галынка|остановка транспорта|||53.2193299|25.0349684|||[]||||[]|osm_poi:node/6359945074
Рыбалава|остановка транспорта|||53.4138033|25.4943034|||[]||||[]|osm_poi:node/6362007547
Рыбалава|остановка транспорта|||53.4152901|25.4913583|||[]||||[]|osm_poi:node/6362007549
Остановка|остановка транспорта|||53.4567305|25.4161799|||[]||||[]|osm_poi:node/6364080198
Жырмуны|остановка транспорта|||54.0212449|25.2200425|||[]||||[]|osm_poi:node/6365077935
Жырмуны|остановка транспорта|||54.023283|25.2216448|||[]||||[]|osm_poi:node/6365077936
Наше место|кафе||Гродна|53.6713238|23.8240868|||[]|Mo-Su 09:00-23:00|||[]|osm_poi:node/6381973766
Остановка|остановка транспорта|||53.9423622|25.5188262|||[]||||[]|osm_poi:node/6382678743
Беласток|ресторан||Гродна|53.6825166|23.8319125|||[]|Su-Th 10:00-23:00; Fr-Sa 11:00-01:00|||[]|osm_poi:node/6383383298
Касоўшчына|остановка транспорта|||53.9006277|25.4552042|||[]||||[]|osm_poi:node/6384983284
Касоўшчына|остановка транспорта|||53.9007984|25.4546088|||[]||||[]|osm_poi:node/6384985085
КАВАЛАВА|кафе||Гродна|53.6756439|23.8298852|||[]|Mo-Th 10:00-22:00; Fr-Su 10:00-23:00|||[]|osm_poi:node/6386656267
праспект Энергетыкаў|остановка транспорта|||54.6021565|25.9740293|||[]||||[]|osm_poi:node/6386756655
вуліца Белькішкі|остановка транспорта|||54.6135573|25.9829704|||[]||||[]|osm_poi:node/6387111996
Бальніца|остановка транспорта|||54.6080585|25.9783262|||[]||||[]|osm_poi:node/6387111997
Остановка|остановка транспорта|||53.6051685|24.0452842|||[]||||[]|osm_poi:node/6389299360
Гасцілаўцы|остановка транспорта|||53.7284522|24.9779563|||[]||||[]|osm_poi:node/6391217466
Чамяры|остановка транспорта|||53.0935883|25.2435388|||[]||||[]|osm_poi:node/6400712060
Пончикoff|кафе|||53.6892806|23.8448823|||[]||||[]|osm_poi:node/6418164678
Аптэчны склад|остановка транспорта|||53.7050452|23.8401523|||[]||||[]|osm_poi:node/6426831032
Остановка|остановка транспорта|||53.7797085|25.9807509|||[]||||[]|osm_poi:node/6428037971
Остановка|остановка транспорта|||53.7799795|25.9800696|||[]||||[]|osm_poi:node/6428037972
Шаурма#1|кафе||Гродна|53.6858562|23.8454436|||[]|Mo-Su 10:00-23:00|||[]|osm_poi:node/6431635864
Остановка|остановка транспорта|||54.4228819|26.5429491|||[]||||[]|osm_poi:node/6436618157
КоффеПью|кафе|||53.6877439|23.835622|||[]|10:00-22:00|||[]|osm_poi:node/6443218738
Карані|остановка транспорта|||54.5036569|26.3682274|||[]||||[]|osm_poi:node/6444690936
Карані|остановка транспорта|||54.5055548|26.3689085|||[]||||[]|osm_poi:node/6444690937
YUMMY|кафе|||53.701252|23.820069|||[]|Mo-Fr 08:00-18:00|||[]|osm_poi:node/6444857431
YUMMY|кафе|||53.7002868|23.8174539|||[]|Mo-Fr 08:00-18:00|||[]|osm_poi:node/6444857433
Остановка|остановка транспорта|||53.4453566|25.8001719|||[]||||[]|osm_poi:node/6455785659
Клішавічы чыг. прыпынак|остановка транспорта|||53.5456454|25.5212546|||[]||||[]|osm_poi:node/6456008459
лагер Баравічок|остановка транспорта|||53.530417|25.5026168|||[]||||[]|osm_poi:node/6456008460
лагер Баравічок|остановка транспорта|||53.529323|25.5007597|||[]||||[]|osm_poi:node/6456008461
Ахонава|остановка транспорта|||53.5568089|25.5290813|||[]||||[]|osm_poi:node/6456008462
Ахонава|остановка транспорта|||53.5579178|25.5305591|||[]||||[]|osm_poi:node/6456008463
Паварот Панікарты|остановка транспорта|||53.5662079|25.5422869|||[]||||[]|osm_poi:node/6456008464
Паварот Панікарты|остановка транспорта|||53.5666684|25.5442614|||[]||||[]|osm_poi:node/6456008465
Боцкавічы|остановка транспорта|||53.5781257|25.5737463|||[]||||[]|osm_poi:node/6456008466
Боцкавічы|остановка транспорта|||53.5775916|25.5749331|||[]||||[]|osm_poi:node/6456008467
Панікарты|остановка транспорта|||53.561547|25.5727273|||[]||||[]|osm_poi:node/6456008468
Панікарты|остановка транспорта|||53.5598875|25.5730164|||[]||||[]|osm_poi:node/6456008469
Марозавічы|остановка транспорта|||53.5329206|25.5771558|||[]||||[]|osm_poi:node/6456008470
Марозавічы|остановка транспорта|||53.5313336|25.5776723|||[]||||[]|osm_poi:node/6456008471
Брычыцы|остановка транспорта|||53.5280376|25.5795882|||[]||||[]|osm_poi:node/6456008476
Брычыцы|остановка транспорта|||53.5269989|25.5799189|||[]||||[]|osm_poi:node/6456008477
Баравікі|остановка транспорта|||53.5171165|25.4876065|||[]||||[]|osm_poi:node/6456008478
Брычыцы|остановка транспорта|||53.5163272|25.4855494|||[]||||[]|osm_poi:node/6456008479
Пан-Картофан|кафе|||53.6829321|23.8324322|||[]|Mo-Su 13:00-22:00|||[]|osm_poi:node/6456524885
Остановка|остановка транспорта|||53.3332485|25.6416034|||[]||||[]|osm_poi:node/6459371048
Остановка|остановка транспорта|||53.3334478|25.6402056|||[]||||[]|osm_poi:node/6459371049
Остановка|остановка транспорта|||53.4010748|25.6405502|||[]||||[]|osm_poi:node/6459371050
Остановка|остановка транспорта|||53.4017446|25.6414503|||[]||||[]|osm_poi:node/6459371051
Остановка|остановка транспорта|||53.4016739|25.6823185|||[]||||[]|osm_poi:node/6459371052
Туалет|туалет|||53.8634422|23.7614185|||[]||||[]|osm_poi:node/6466795040
Эхо|кафе||Гродна|53.6767176|23.8285665|||[]|Tu-Th, Su 18:00-03:00; Fr-Sa 18:00-06:00|||[]|osm_poi:node/6468582367
Туалет|туалет|||52.9976284|24.1352007|||[]||no||[]|osm_poi:node/6469460550
Юшкавічы|остановка транспорта|||52.9779985|24.1786069|||[]||||[]|osm_poi:node/6469460569
Юшкавічы|остановка транспорта|||52.9794116|24.1759085|||[]||||[]|osm_poi:node/6469460570
Празнікі|остановка транспорта|||52.9731493|24.1993144|||[]||||[]|osm_poi:node/6469460583
Празнікі|остановка транспорта|||52.9724836|24.2019652|||[]||||[]|osm_poi:node/6469460584
Крапіўніца|остановка транспорта|||52.9454078|24.2842444|||[]||||[]|osm_poi:node/6469461128
Крапіўніца|остановка транспорта|||52.9460924|24.2832755|||[]||||[]|osm_poi:node/6469461129
Целякі|остановка транспорта|||52.9197378|24.3691857|||[]||||[]|osm_poi:node/6469461390
Целякі|остановка транспорта|||52.9191003|24.3693758|||[]||||[]|osm_poi:node/6469461391
Жукавічы|остановка транспорта|||52.9162763|24.3766184|||[]||||[]|osm_poi:node/6469461398
Жукавічы|остановка транспорта|||52.9158968|24.3773056|||[]||||[]|osm_poi:node/6469461399
Старыя Дзешкаўцы|остановка транспорта|||52.9105321|24.3905849|||[]||||[]|osm_poi:node/6469461406
Старыя Дзешкаўцы|остановка транспорта|||52.9113491|24.3882022|||[]||||[]|osm_poi:node/6469461409
Варонічы|остановка транспорта|||52.9058512|24.4267479|||[]||||[]|osm_poi:node/6469461421
Паўлюшкі|остановка транспорта|||53.1401578|24.0341052|||[]||||[]|osm_poi:node/6472886153
Паўлюшкі|остановка транспорта|||53.1400625|24.0338158|||[]||||[]|osm_poi:node/6472886154
Кватары|остановка транспорта|||53.1251661|24.0626935|||[]||||[]|osm_poi:node/6472886229
вуліца Першамайская|остановка транспорта|||53.4009068|24.5365745|||[]||||[]|osm_poi:node/6475639124
Остановка|остановка транспорта|||53.2942825|24.2690529|||[]||||[]|osm_poi:node/6481366387
Парэчча|остановка транспорта|||53.4074556|25.9191824|||[]||||[]|osm_poi:node/6483318827
Парэчча|остановка транспорта|||53.407003|25.9192843|||[]||||[]|osm_poi:node/6483318828
Туалет|туалет|||53.7060475|23.8416089|||[]||||[]|osm_poi:node/6485340021
Рудашы|остановка транспорта|||53.3705802|26.1536438|||[]||||[]|osm_poi:node/6499347169
Туалет|туалет|||53.6716582|23.8311052|||[]||||[]|osm_poi:node/6499702669
Аддзяленне Беларусбанка|остановка транспорта|||53.6469193|23.8671315|||[]||||[]|osm_poi:node/6515418580
Остановка|остановка транспорта|||53.8627835|23.5600097|||[]||||[]|osm_poi:node/6532784261
Остановка|остановка транспорта|||53.7380969|23.7425582|||[]||||[]|osm_poi:node/6532839197
Остановка|остановка транспорта|||53.7166607|23.7384069|||[]||||[]|osm_poi:node/6532839198
Shaw-books|кафе||Гродна|53.678312|23.8510347|||[]|Mo-Su 11:00-23:00|||[]|osm_poi:node/6537776086
Ганчары|остановка транспорта|||53.7342942|25.4185706|||[]||||[]|osm_poi:node/6544201507
Каралеўскае паляванне|кафе|||53.6832623|23.8337485|||[]|Mo-Th 12:00-20:00; Fr-Su 12:00-22:00|||[]|osm_poi:node/6550844896
Остановка|остановка транспорта|||53.7394638|25.375151|||[]||||[]|osm_poi:node/6552258548
Туалет|туалет|||53.8304915|23.655332|||[]||||[]|osm_poi:node/6554825587
YellowStreet17|кафе|||53.6889864|23.8396185|||[]|Mo-Th 11:17-22:17; Fr-Su 11:17-23:00|||[]|osm_poi:node/6558078286
Анталья Донер|кафе||Гродна|53.680847|23.8278119|||[]|Mo-Su 09:00-23:00|||[]|osm_poi:node/6560390285
Туалет|туалет|||53.7099679|23.839106|||[]||||[]|osm_poi:node/6561120334
Лихтарик 1876|кафе||Мір|53.4535066|26.4663843|||[]|Su-Th 09:00-23:00; Fr-Sa 09:00-01:00|||[]|osm_poi:node/6561398286
Туалет|туалет|||53.6849301|23.8376837|||[]|24/7|no||[]|osm_poi:node/6565899853
Туалет|туалет|||53.6699278|23.8285092|||[]||||[]|osm_poi:node/6566010643
Остановка|остановка транспорта|||53.5084201|24.1607138|||[]||||[]|osm_poi:node/6567648456
Остановка|остановка транспорта|||53.5111429|24.1788402|||[]||||[]|osm_poi:node/6567648457
Туалет|туалет|||53.1544421|24.4487185|||[]||||[]|osm_poi:node/6570287085
Туалет|туалет|||53.8302543|25.3626958|||[]||||[]|osm_poi:node/6570360525
Заўжды цікаVа|кафе|||53.8302791|25.3627183|||[]|24/7|||[]|osm_poi:node/6570360533
Alba Ruthenia|ресторан|||53.8400161|25.54997|||[]||||[]|osm_poi:node/6570360540
Туалет|туалет|||53.9127434|23.9221941|||[]||||[]|osm_poi:node/6576394906
Остановка|остановка транспорта|||53.6476904|23.8659252|||[]||||[]|osm_poi:node/6584877232
вуліца Юбілейная|остановка транспорта|||54.4213975|25.9621969|||[]||||[]|osm_poi:node/6587508033
вуліца Юбілейная|остановка транспорта|||54.421684|25.9606931|||[]||||[]|osm_poi:node/6587508034
Остановка|остановка транспорта|||53.6451176|23.8718164|||[]||||[]|osm_poi:node/6610608590
Туалет|туалет|||53.697596|23.8288915|||[]||||[]|osm_poi:node/6614540959
Урочышча «Форт»|остановка транспорта|||53.6462565|23.8644814|||[]||||[]|osm_poi:node/6630511178
Остановка|остановка транспорта|||53.5659419|23.873371|||[]||||[]|osm_poi:node/6634394535
Остановка|остановка транспорта|||53.5660714|23.8735587|||[]||||[]|osm_poi:node/6634394536
Гальшаны|остановка транспорта|||54.2580498|26.0095605|||[]||||[]|osm_poi:node/6634449970
Тамака|кафе|||53.8925151|25.2953696|||[]||||[]|osm_poi:node/6634634054
Остановка|остановка транспорта|||54.2590919|25.9926338|||[]||||[]|osm_poi:node/6635933216
Остановка|остановка транспорта|||54.2579211|25.9868203|||[]||||[]|osm_poi:node/6635933458
Остановка|остановка транспорта|||54.2579252|25.9888185|||[]||||[]|osm_poi:node/6635933463
Остановка|остановка транспорта|||52.8835557|25.0939266|||[]||||[]|osm_poi:node/6643421193
Аллюр|кафе|||53.5993401|23.7400858|||[]|We-Su 10:00-22:00|||[]|osm_poi:node/6655087175
Туалет|туалет|||53.9429211|26.1483139|||[]||||[]|osm_poi:node/6655120331
Туалет|туалет|||53.9109795|25.8763191|||[]||||[]|osm_poi:node/6655120347
Кульшычы|остановка транспорта|||53.3928257|24.4658408|||[]||||[]|osm_poi:node/6657587501
Туалет|туалет|||53.7141998|23.875092|||[]||||[]|osm_poi:node/6660350920
Чыгуначны вакзал|остановка транспорта|||53.4278373|24.542388|||[]||||[]|osm_poi:node/6665205701
Гасцюем|гостиница||Гродна|53.6766465|23.8278436|||[]|24/7|||[]|osm_poi:node/6680579185
Мостык|остановка транспорта|||53.4233034|24.6111752|||[]||||[]|osm_poi:node/6696763904
Дамаўцы|остановка транспорта|||53.6958618|24.8913472|||[]||||[]|osm_poi:node/6701008131
Моцеўцы|остановка транспорта|||53.6600341|24.8098216|||[]||||[]|osm_poi:node/6701010094
Туалет|туалет|||53.6815581|24.8467484|||[]||||[]|osm_poi:node/6701010174
Остановка|остановка транспорта|||54.6036465|25.9691905|||[]||||[]|osm_poi:node/6704020196
Лядовы палац|остановка транспорта|||54.601326|25.9716436|||[]||||[]|osm_poi:node/6704020197
Птушкафабрыка|остановка транспорта|||53.1518595|24.4170534|||[]||||[]|osm_poi:node/6704072363
вуліца Пуцейная|остановка транспорта|||53.1509125|24.422197|||[]||||[]|osm_poi:node/6704072401
Туалет|туалет|||53.0313933|24.08324|||[]||||[]|osm_poi:node/6709279299
Кафетерий|кафе|||53.637549|23.7779251|||[]|Mo-Fr 08:30-14:30, 15:00-17:00; Sa,Su off|||[]|osm_poi:node/6713109659
Туалет|туалет|||53.116409|25.1539064|||[]||no||[]|osm_poi:node/6716246072
Валодзькаўшчына|остановка транспорта|||54.408215|25.840665|||[]||||[]|osm_poi:node/6721595456
Валодзькаўшчына|остановка транспорта|||54.4068229|25.8379619|||[]||||[]|osm_poi:node/6721595457
Столовая|кафе|||53.014041|25.3428814|||[]||||[]|osm_poi:node/6721776750
Остановка|остановка транспорта|||52.9870091|25.3511958|||[]||||[]|osm_poi:node/6721788103
Остановка|остановка транспорта|||52.9862147|25.3508109|||[]||||[]|osm_poi:node/6721788105
Туалет|туалет|||52.9858507|25.3580064|||[]||no||[]|osm_poi:node/6721788113
Смалярня|остановка транспорта|||53.7022962|24.9113968|||[]||||[]|osm_poi:node/6724990541
Сурынка|остановка транспорта|||52.9775284|25.2174468|||[]||||[]|osm_poi:node/6726239933
Ниндзя Кебаб|кафе|||53.6798317|23.8304803|||[]|Mo-Su 11:00-23:00|||[]|osm_poi:node/6731632585
Царква|остановка транспорта|||53.4223867|24.5391551|||[]||||[]|osm_poi:node/6740263741
Bistro Smile|кафе|||54.4261254|25.937963|||[]||||[]|osm_poi:node/6742344411
Сліжы|остановка транспорта|||53.9897245|25.4769006|||[]||||[]|osm_poi:node/6749044800
Сліжы|остановка транспорта|||53.9899815|25.4758438|||[]||||[]|osm_poi:node/6749044801
Масткі|остановка транспорта|||53.8824717|25.7381829|||[]||||[]|osm_poi:node/6749584786
Остановка|остановка транспорта|||53.4058865|26.1551229|||[]||||[]|osm_poi:node/6750055954
Туалет|туалет|||53.7042882|23.8115346|||[]||no||[]|osm_poi:node/6754243268
Остановка|остановка транспорта|||53.0836005|24.9822654|||[]||||[]|osm_poi:node/6756000564
Остановка|остановка транспорта|||53.083388|24.9837263|||[]||||[]|osm_poi:node/6756000565
Ляда|остановка транспорта|||53.3826246|24.5470716|||[]||||[]|osm_poi:node/6757217549
Аграсядзіба «Спадчына»|гостиница|||54.4299195|25.8602918|||[]||||[]|osm_poi:node/6757332185
Нямнова|гостиница|||53.8631726|23.7621449|||[]||||[]|osm_poi:node/6758634596
Сядзіба Шчодры Нёман|гостиница|||53.7094444|25.4569363|||[]||||[]|osm_poi:node/6763794386
Остановка|остановка транспорта|||54.4661445|26.4520974|||[]||||[]|osm_poi:node/6770450370
Остановка|остановка транспорта|||54.4653414|26.4534477|||[]||||[]|osm_poi:node/6770450371
Туалет|туалет|||54.2576481|26.0114499|||[]||||[]|osm_poi:node/6771624182
Туалет|туалет|||54.2535812|25.3594703|||[]||||[]|osm_poi:node/6772861201
Школа №3|остановка транспорта|||53.3970918|24.5369768|||[]||||[]|osm_poi:node/6773893055
Дайнава|остановка транспорта|||53.8674262|25.1778129|||[]||||[]|osm_poi:node/6776242215
Дайнава|остановка транспорта|||53.8669256|25.1799546|||[]||||[]|osm_poi:node/6776242216
вуліца Пімена Панчанкі|остановка транспорта|||53.7182351|23.8619947|||[]||||[]|osm_poi:node/6777682677
Туалет|туалет|||54.0582043|25.0158922|||[]||||[]|osm_poi:node/6782309389
ПарККинг|кафе|||53.7103383|23.817643|||[]|10:00-23:00|||[]|osm_poi:node/6784755487
Міхалконі|остановка транспорта|||54.4174271|26.0099896|||[]||||[]|osm_poi:node/6786256097
Заўжды цікаVа|кафе|||53.6368141|23.81325|||[]|24/7|||[]|osm_poi:node/6799068678
Заўжды цікаVа|кафе|||53.4661913|25.5802178|||[]|24/7|||[]|osm_poi:node/6802326870
Вербалаты|остановка транспорта|||52.9747883|25.3135013|||[]||||[]|osm_poi:node/6807198663
Rozmarin|ресторан|||53.680628|23.8303275|||[]|Mo-Su 10:00-00:00|||[]|osm_poi:node/6816200188
Club Kebab|кафе|||53.6789389|23.8304073|||[]|Mo-Su 11:00-23:00|||[]|osm_poi:node/6816918469
Замкава скарбонка|кафе|||53.4500887|26.4701052|||[]||||[]|osm_poi:node/6832713791
пос. Гагарына|остановка транспорта|||53.5885582|24.648839|||[]||||[]|osm_poi:node/6834202961
пос. Гагарына|остановка транспорта|||53.5883607|24.6510943|||[]||||[]|osm_poi:node/6834202962
Туалет|туалет|||53.7197774|23.8418197|||[]||||[]|osm_poi:node/6852449884
Туалет|туалет|||53.6367467|23.813232|||[]||||[]|osm_poi:node/6852461770
Заўжды цікаVа|кафе|||53.9107366|25.8762523|||[]|24/7|||[]|osm_poi:node/6852599897
Заўжды цікаVа|кафе|||53.5400667|23.6971751|||[]|24/7|||[]|osm_poi:node/6852731355
Туалет|туалет|||53.7152183|23.8609913|||[]||no||[]|osm_poi:node/6852762260
Туалет|туалет|||53.6758019|23.8040022|||[]||||[]|osm_poi:node/6852782979
Заўжды цікаVа|кафе||Гродна|53.675786|23.8041012|||[]|24/7|||[]|osm_poi:node/6852784586
Туалет|туалет|||53.6488049|23.8031328|||[]||||[]|osm_poi:node/6854029465
Туалет|туалет|||53.6372438|23.8781027|||[]||||[]|osm_poi:node/6854045986
Заўжды цікаVа|кафе||Каменны Лог|54.5337347|25.7246245|||[]|24/7|||[]|osm_poi:node/6854287280
Остановка|остановка транспорта|||53.6708364|23.9538764|||[]||||[]|osm_poi:node/6854316910
Туалет|туалет|||53.418176|24.5652758|||[]||||[]|osm_poi:node/6854367091
Туалет|туалет|||52.9296033|24.3567553|||[]||||[]|osm_poi:node/6854377845
Туалет|туалет|||54.5338112|25.7246352|||[]||||[]|osm_poi:node/6854384679
Туалет|туалет|||53.0582839|25.4746489|||[]||||[]|osm_poi:node/6855970069
Туалет|туалет|||53.0999949|25.3335615|||[]||||[]|osm_poi:node/6856031466
Туалет|туалет|||53.8444038|25.1838386|||[]||||[]|osm_poi:node/6858522689
Туалет|туалет|||53.1442983|24.5071781|||[]||||[]|osm_poi:node/6858629034
Туалет|туалет|||53.1435059|24.4807531|||[]||||[]|osm_poi:node/6858651343
Заўжды цікаVа|кафе||Вялікая Бераставіца|53.2052357|24.0049478|||[]|24/7|||[]|osm_poi:node/6858657765
Заўжды цікаVа|кафе|||53.1519162|24.4280827|||[]|24/7|||[]|osm_poi:node/6858672259
Заўжды цікаVа|кафе|||53.895686|25.3430756|||[]|24/7|||[]|osm_poi:node/6858900774
Туалет|туалет|||53.8957344|25.3431079|||[]||||[]|osm_poi:node/6858900776
Заўжды цікаVа|кафе|||53.5525452|23.8645345|||[]|24/7|||[]|osm_poi:node/6858947633
Туалет|туалет|||53.1683694|24.4292979|||[]||||[]|osm_poi:node/6859017932
Остановка|остановка транспорта|||53.5080915|24.6125266|||[]||||[]|osm_poi:node/6859036180
Остановка|остановка транспорта|||53.5083611|24.6122369|||[]||||[]|osm_poi:node/6859036181
Заўжды цікаVа|кафе|||53.8381665|25.3447439|||[]|24/7|||[]|osm_poi:node/6876068983
Туалет|туалет|||53.8381465|25.3448184|||[]||||[]|osm_poi:node/6876089985
Паварот на Іўе|остановка транспорта|||53.8832383|25.73916|||[]||||[]|osm_poi:node/6882044766
Паварот на Іўе|остановка транспорта|||53.8835406|25.7397479|||[]||||[]|osm_poi:node/6882044767
Германішкі|остановка транспорта|||54.1269874|25.3621052|||[]||||[]|osm_poi:node/6882044794
Германішкі|остановка транспорта|||54.1267285|25.3621067|||[]||||[]|osm_poi:node/6882044798
вуліца Аэрадромная|остановка транспорта|||54.1677231|25.3234426|||[]||||[]|osm_poi:node/6882044833
Буфет 23|кафе|||53.8946471|25.302085|||[]|Mo-Su 10:00-23:00|||[]|osm_poi:node/6897479687
Заўжды цікаVа|кафе||Мір|53.4587414|26.4523904|||[]|24/7|||[]|osm_poi:node/6898758614
Бросты|остановка транспорта|||53.5898767|23.81747|||[]||||[]|osm_poi:node/6898894182
У Груши|кафе|||53.6797913|23.8325847|||[]|Mo-Su 07:30-23:00|||[]|osm_poi:node/6900726453
Ланч|кафе|||54.4847374|26.3832817|||[]|Mo-Su 11:00-01:00|||[]|osm_poi:node/6902874685
Новы свет|гостиница|||53.6884571|23.8278304|||[]|24/7|||[]|osm_poi:node/6907095364
Пешков|ресторан|||53.6884197|23.8278713|||[]|07:00-24:00|||[]|osm_poi:node/6907095365
Ребро и Драник|ресторан|||53.6823655|23.8318212|||[]|Su-Th 12:00-23:00, Fr-Sa 12:00-01:00|||[]|osm_poi:node/6919040008
Заўжды цікаVа|кафе|||53.6909793|23.8900292|||[]|24/7|||[]|osm_poi:node/6920532918
Заўжды цікаVа|кафе|||53.580201|24.2391984|||[]|24/7|||[]|osm_poi:node/6920538665
Туалет|туалет|||53.5801522|24.2391664|||[]||||[]|osm_poi:node/6920538666
Myloveberry|кафе|||53.679157|23.8332276|||[]||||[]|osm_poi:node/6926574985
Бистро Круассан|кафе|||53.6817428|23.8326206|||[]|08:00-20:00|||[]|osm_poi:node/6929916567
вуліца Пімена Панчанкі|остановка транспорта|||53.7198172|23.8620917|||[]||||[]|osm_poi:node/6934900545
вуліца Віктара Саяпіна|остановка транспорта|||53.7221615|23.8639713|||[]||||[]|osm_poi:node/6935249106
Domino's|кафе|||53.6760862|23.8414068|||[]|Mo-Su 11:00-23:00|||[]|osm_poi:node/6943832154
Заўжды цікаVа|кафе|||54.2346723|25.3579478|||[]|24/7|||[]|osm_poi:node/6944755226
Заўжды цікаVа|кафе|||53.8936781|25.7976947|||[]|24/7|||[]|osm_poi:node/6947279766
Заўжды цікаVа|кафе|||53.5987058|25.8482675|||[]|24/7|||[]|osm_poi:node/6947283728
Остановка|остановка транспорта|||53.5587882|23.8126486|||[]||||[]|osm_poi:node/6948882221
Остановка|остановка транспорта|||53.5569455|23.8121423|||[]||||[]|osm_poi:node/6948882222
Остановка|остановка транспорта|||53.5356393|23.8106681|||[]||||[]|osm_poi:node/6948882223
Остановка|остановка транспорта|||53.9320213|25.7813141|||[]||||[]|osm_poi:node/6957134158
MC Döner|кафе|||53.6785756|23.830463|||[]|Mo-Su 12:00-23:00|||[]|osm_poi:node/6964872288
Наркуны|остановка транспорта|||53.9498328|25.1433828|||[]||||[]|osm_poi:node/6975776848
Остановка|остановка транспорта|||53.4208462|24.0301809|||[]||||[]|osm_poi:node/6979296866
Остановка|остановка транспорта|||53.4202565|24.0294831|||[]||||[]|osm_poi:node/6979296872
Остановка|остановка транспорта|||53.4197137|24.0300087|||[]||||[]|osm_poi:node/6979296875
Nem Ханой|кафе|||53.6204642|23.8673163|||[]||||[]|osm_poi:node/6979633667
Суботнікі|остановка транспорта|||54.0929938|25.7527234|||[]||||[]|osm_poi:node/7007040134
Туалет|туалет|||54.0939453|25.7518511|||[]||||[]|osm_poi:node/7007040172
Томат|кафе|||53.4110693|24.5397873|||[]|Mo-Th 14:00-23:00; Fr-Su 11:00-00:00|||[]|osm_poi:node/7023395548
Туалет (Вакзальная вуліца)|туалет|||53.4285693|24.5424315|||[]||no||[]|osm_poi:node/7023451156
Суши Wok|кафе|||53.6796608|23.8310147|||[]|10:00-23:00|||[]|osm_poi:node/7028880399
Тандыр|ресторан|||53.6818688|23.8306143|||[]|10:00-23:00|||[]|osm_poi:node/7029117936
Столовая|кафе|||53.7187108|24.9832481|||[]||||[]|osm_poi:node/7035219626
Туалет|туалет|||53.697299|23.7774985|||[]||||[]|osm_poi:node/7042275063
Туалет|туалет|||53.8052679|23.8594737|||[]||||[]|osm_poi:node/7042455212
Остановка|остановка транспорта|||53.3273056|25.6124217|||[]||||[]|osm_poi:node/7043625849
Остановка|остановка транспорта|||53.3282319|25.6121313|||[]||||[]|osm_poi:node/7043625850
Jinnee|кафе|||53.8944232|25.3022139|||[]|Mo-Su 08:00-23:00|||[]|osm_poi:node/7053265685
Пицца Темпо|кафе|||54.6151422|25.9789229|||[]|Fr-Su 11:00-23:00;Mo-Th 11:00-22:00|||[]|osm_poi:node/7054549602
Остановка|остановка транспорта|||53.8646885|25.2816568|||[]||||[]|osm_poi:node/7055946459
Колышкі|остановка транспорта|||53.9318527|25.3199673|||[]||||[]|osm_poi:node/7069138201
KFC|кафе||Гродна|53.6500503|23.8558588|||[]|Mo-Su 10:00-23:00|||[]|osm_poi:node/7074296675
Остановка|остановка транспорта|||53.831337|24.079402|||[]||||[]|osm_poi:node/7074581895
GARAGE food&coffee|кафе||Гродна|53.6499178|23.8552803|||[]|Mo-Su 10:00-23:00|||[]|osm_poi:node/7075668468
Какао|кафе|||53.6804182|23.8296629|||[]|Mo-Su 10:00-22:00|||[]|osm_poi:node/7079400685
паварот Дайнава|остановка транспорта|||53.8590403|25.2204648|||[]||||[]|osm_poi:node/7079719606
Туалет|туалет|||53.8460325|25.604382|||[]||||[]|osm_poi:node/7080707985
Заўжды цікаVа|кафе|||53.5787328|24.2382522|||[]|24/7|||[]|osm_poi:node/7083701585
Pizza Smile|ресторан|||53.6153066|23.8197986|||[]||||[]|osm_poi:node/7083843759
ШаурмаМобиль|кафе|||53.6218007|23.8659973|||[]||||[]|osm_poi:node/7086340313
Остановка|остановка транспорта|||53.5663265|25.8285919|||[]||||[]|osm_poi:node/7091380053
Остановка|остановка транспорта|||53.5656097|25.8284685|||[]||||[]|osm_poi:node/7091380054
вуліца Падлесная|остановка транспорта|||53.1183352|25.3484255|||[]||||[]|osm_poi:node/7091380166
Остановка|остановка транспорта|||52.9062329|25.2959454|||[]||||[]|osm_poi:node/7091380171
Заўжды цікаVа|кафе|||53.7151673|23.8609564|||[]|24/7|||[]|osm_poi:node/7091565460
CoffeeShop|кафе|||53.6882886|23.828001|||[]|Mo-Th 07:55-21:05; Fr-Sa 08:55-22:05; Su 07:55-20:05|||[]|osm_poi:node/7096003593
Вуліца Тарусіцкая|остановка транспорта|||53.6678092|23.7351349|||[]||||[]|osm_poi:node/7099665185
Доппио|кафе|||53.6778149|23.8264966|||[]|Mo-Su 10:00-23:00|||[]|osm_poi:node/7114672395
Мясакамбінат|остановка транспорта|||53.1222956|24.4070768|||[]||||[]|osm_poi:node/7116183303
Нафтабаза|остановка транспорта|||53.1212105|24.4070911|||[]||||[]|osm_poi:node/7116183305
Манцякі|остановка транспорта|||52.9729112|24.775053|||[]||||[]|osm_poi:node/7116599384
Церахавічы|остановка транспорта|||52.9865032|24.7809749|||[]||||[]|osm_poi:node/7116599408
Церахавічы|остановка транспорта|||52.9869905|24.7818732|||[]||||[]|osm_poi:node/7116599413
Дабрасельцы|остановка транспорта|||53.0122764|24.7574348|||[]||||[]|osm_poi:node/7116599453
Дабрасельцы|остановка транспорта|||53.0120095|24.7578999|||[]||||[]|osm_poi:node/7116599454
Рудзевічы|остановка транспорта|||53.037918|24.7343459|||[]||||[]|osm_poi:node/7116599501
Рудзевічы|остановка транспорта|||53.038145|24.7352957|||[]||||[]|osm_poi:node/7116599507
Міжэрычы|остановка транспорта|||53.0664214|24.7733779|||[]||||[]|osm_poi:node/7116599571
Савані|остановка транспорта|||52.9415296|24.5056191|||[]||||[]|osm_poi:node/7117184179
Амшары|остановка транспорта|||52.9684203|24.5735811|||[]||||[]|osm_poi:node/7117186325
Остановка|остановка транспорта|||53.0960004|24.407229|||[]||||[]|osm_poi:node/7119029122
Остановка|остановка транспорта|||53.0964127|24.4075454|||[]||||[]|osm_poi:node/7119029124
Новыя Хацькоўцы|остановка транспорта|||53.0872821|24.407111|||[]||||[]|osm_poi:node/7119029164
Новыя Хацькоўцы|остановка транспорта|||53.0883251|24.4074035|||[]||||[]|osm_poi:node/7119029168
Поразава|остановка транспорта|||52.9367204|24.3663684|||[]||||[]|osm_poi:node/7119083668
Новасады|остановка транспорта|||52.9369726|24.4455917|||[]||||[]|osm_poi:node/7119083832
Новасады|остановка транспорта|||52.9370572|24.4471187|||[]||||[]|osm_poi:node/7119083833
Новасады|остановка транспорта|||52.9393918|24.4573708|||[]||||[]|osm_poi:node/7119083840
Новасады|остановка транспорта|||52.9411838|24.4673618|||[]||||[]|osm_poi:node/7119083850
Додо Пицца|кафе||Гродна|53.6761302|23.8432999|||[]|11:00-23:00|||[]|osm_poi:node/7119696085
Туалет|туалет|||54.7227854|25.7588113|||[]||||[]|osm_poi:node/7122703219
Заводакіраванне ААТ «ГроднаАзот»|остановка транспорта|||53.6779893|23.8938606|||[]||||[]|osm_poi:node/7124547291
КПП №14 ААТ «ГроднаАзот»|остановка транспорта|||53.6816633|23.9076024|||[]||||[]|osm_poi:node/7124547292
Жылы комплекс «Каўбасіно»|остановка транспорта|||53.6489817|23.783197|||[]||||[]|osm_poi:node/7124547293
Русакова|остановка транспорта|||52.9795226|25.4028158|||[]||||[]|osm_poi:node/7128582477
Остановка|остановка транспорта|||52.9910923|25.3834761|||[]||||[]|osm_poi:node/7128586085
Остановка|остановка транспорта|||52.9925882|25.3811517|||[]||||[]|osm_poi:node/7128586089
Шылавічы|остановка транспорта|||53.0301195|25.3510241|||[]||||[]|osm_poi:node/7128586181
Сабрина|кафе||Масты|53.4141784|24.5367991|||[]||||[]|osm_poi:node/7128638054
KFC|кафе|||53.89136|25.2562521|||[]|Mo-Su 09:00-24:00|||[]|osm_poi:node/7140593880
Sправа|кафе|||53.6771297|23.8285684|||[]|Mo-Th 09:00-23:00; Fr 09:00-01:00; Sa 10:00-01:00; Su 10:00-23:00|||[]|osm_poi:node/7151966828
Біг Смак|кафе|||53.903269|25.2570272|||[]||||[]|osm_poi:node/7159744566
Остановка|остановка транспорта|||53.5583396|24.3919138|||[]||||[]|osm_poi:node/7162602750
Остановка|остановка транспорта|||53.5581791|24.3911679|||[]||||[]|osm_poi:node/7162602751
Прафітроля|кафе|||53.6789672|23.8295796|||[]|10:00-22:00|||[]|osm_poi:node/7173335541
акцыянернае таварыства «Бакалея»|остановка транспорта|||53.651141|23.7878647|||[]||||[]|osm_poi:node/7176208242
гандлёва-забаўляльны комплекс «Трыніці»|остановка транспорта|||53.6514469|23.8542031|||[]||||[]|osm_poi:node/7176233689
Дзіцячы сад|остановка транспорта|||53.0725113|25.298236|||[]||||[]|osm_poi:node/7190212818
вуліца Свярдлова|остановка транспорта|||53.911579|25.2838076|||[]||||[]|osm_poi:node/7196556980
Туалет|туалет|||53.9806012|26.3854722|||[]||||[]|osm_poi:node/7196778202
Просто кофе|кафе|||53.6498865|23.8534969|||[]|09:00-23:00|||[]|osm_poi:node/7205608239
Заўжды цікаVа|кафе|||53.9101811|25.2485864|||[]|24/7|||[]|osm_poi:node/7207507842
Туалет|туалет|||53.6499138|23.8551129|||[]||no||[]|osm_poi:node/7207957446
Туалет|туалет|||53.721496|23.8178338|||[]||||[]|osm_poi:node/7230524376
Сытый мишка|кафе|||53.6803888|23.8630753|||[]|Mo-Fr 09:00-19:00|||[]|osm_poi:node/7239156066
Глушнева|остановка транспорта|||53.8565046|24.2523066|||[]||||[]|osm_poi:node/7242092398
Станцыя пералівання крыві|остановка транспорта|||53.0867545|25.3026378|||[]||||[]|osm_poi:node/7245885693
Остановка|остановка транспорта|||54.0592952|26.0674442|||[]||||[]|osm_poi:node/7249968463
Остановка|остановка транспорта|||54.05964|26.0685684|||[]||||[]|osm_poi:node/7249968467
Остановка|остановка транспорта|||54.0695308|26.0850232|||[]||||[]|osm_poi:node/7249985408
Остановка|остановка транспорта|||54.070201|26.0865041|||[]||||[]|osm_poi:node/7249985409
Остановка|остановка транспорта|||54.041944|26.034335|||[]||||[]|osm_poi:node/7257546263
Остановка|остановка транспорта|||54.0419837|26.0338313|||[]||||[]|osm_poi:node/7257546264
чыгуначная станцыя Юрацішкі|остановка транспорта|||54.0647651|25.9108901|||[]||||[]|osm_poi:node/7257882247
чыгуначная станцыя Юрацішкі|остановка транспорта|||54.0639112|25.9109432|||[]||||[]|osm_poi:node/7257882250
Остановка|остановка транспорта|||53.9320557|25.7812747|||[]||||[]|osm_poi:node/7260502564
Остановка|остановка транспорта|||53.935052|25.7906866|||[]||||[]|osm_poi:node/7260502647
Остановка|остановка транспорта|||53.935886|25.7920958|||[]||||[]|osm_poi:node/7260502664
Остановка|остановка транспорта|||53.9380616|25.764228|||[]||||[]|osm_poi:node/7260815436
Бургер Кинг|кафе||Гродна|53.6761934|23.8431345|||[]|Mo-Su 09:00-23:00|||[]|osm_poi:node/7265878583
Гандлёва-забаўляльны комплекс «Трыніці»|остановка транспорта|||53.6503218|23.8547524|||[]||||[]|osm_poi:node/7274306363
Трабы ПЗ|остановка транспорта|||54.162183|25.9114595|||[]||||[]|osm_poi:node/7295511271
Столовая|ресторан|||53.7505132|24.2124409|||[]|Mo-Su 09:00-10:00, 13:00-14:00, 16:00-16:30, 18:30-19:30|||[]|osm_poi:node/7327905086
Столовая 2|ресторан|||53.749431|24.214118|||[]||||[]|osm_poi:node/7328055485
Левашы|остановка транспорта|||53.9910408|25.4906592|||[]||||[]|osm_poi:node/7329040956
Остановка|остановка транспорта|||53.4426071|26.0563043|||[]||||[]|osm_poi:node/7332260677
Остановка|остановка транспорта|||53.4410868|26.0556585|||[]||||[]|osm_poi:node/7332260678
Мураўёў|гостиница|||53.6789037|23.8301886|||[]||||[]|osm_poi:node/7333451140
Остановка|остановка транспорта|||53.6499379|23.8566755|||[]||||[]|osm_poi:node/7333493084
Остановка|остановка транспорта|||53.6499523|23.8566542|||[]||||[]|osm_poi:node/7333553785
Остановка|остановка транспорта|||53.6499704|23.8566274|||[]||||[]|osm_poi:node/7333553786
Остановка|остановка транспорта|||53.6499876|23.8566019|||[]||||[]|osm_poi:node/7333553787
Остановка|остановка транспорта|||53.5163283|25.3859461|||[]||||[]|osm_poi:node/7334652841
Остановка|остановка транспорта|||53.5149479|25.3853395|||[]||||[]|osm_poi:node/7334652849
Курган Бессмяроцця|остановка транспорта|||53.8912233|25.315749|||[]||||[]|osm_poi:node/7339700277
Коцькі|остановка транспорта|||53.4331099|25.5835299|||[]||||[]|osm_poi:node/7340797780
Остановка|остановка транспорта|||53.4564448|25.4479245|||[]||||[]|osm_poi:node/7341519609
Остановка|остановка транспорта|||53.4560667|25.4493423|||[]||||[]|osm_poi:node/7341519610
Остановка|остановка транспорта|||53.4185034|25.5572556|||[]||||[]|osm_poi:node/7341594318
Остановка|остановка транспорта|||53.3349241|25.5158168|||[]||||[]|osm_poi:node/7342625676
Остановка|остановка транспорта|||53.3352663|25.5158229|||[]||||[]|osm_poi:node/7342625677
Саннікі|остановка транспорта|||53.3354445|25.4797726|||[]||||[]|osm_poi:node/7342625762
Саннікі|остановка транспорта|||53.3358413|25.4801317|||[]||||[]|osm_poi:node/7342625763
Войневічы|остановка транспорта|||53.2596064|25.3714722|||[]||||[]|osm_poi:node/7343236738
Войневічы|остановка транспорта|||53.259151|25.3720391|||[]||||[]|osm_poi:node/7343236739
вуліца Юбілейная|остановка транспорта|||53.0761188|25.3963209|||[]||||[]|osm_poi:node/7347588609
Бальніца|остановка транспорта|||53.0782043|25.3875222|||[]||||[]|osm_poi:node/7347588821
Бердаўка|остановка транспорта|||53.7859647|25.748363|||[]||||[]|osm_poi:node/7356690188
Бердаўка|остановка транспорта|||53.786132|25.7467421|||[]||||[]|osm_poi:node/7356690189
ДРБУ-188|остановка транспорта|||53.1126743|24.4066439|||[]||||[]|osm_poi:node/7356948063
ДРБУ-188|остановка транспорта|||53.1128848|24.4059233|||[]||||[]|osm_poi:node/7356948067
Остановка|остановка транспорта|||53.6729723|25.8596732|||[]||||[]|osm_poi:node/7359650227
Остановка|остановка транспорта|||53.6729219|25.8605082|||[]||||[]|osm_poi:node/7359650228
Вялікія Сцяпанішкі|остановка транспорта|||53.4436898|24.5907033|||[]||||[]|osm_poi:node/7360003798
магазін Заходні|остановка транспорта|||53.1687717|24.4373112|||[]||||[]|osm_poi:node/7364821031
Котра|остановка транспорта|||53.5847354|24.1878663|||[]||||[]|osm_poi:node/7367605315
Котра|остановка транспорта|||53.5843147|24.1887792|||[]||||[]|osm_poi:node/7367605318
Остановка|остановка транспорта|||53.4497208|24.2739255|||[]||||[]|osm_poi:node/7367605385
Гасьціна|гостиница|||53.7748947|25.385004|||[]|Mo-Su 09:00-01:00|||[]|osm_poi:node/7368801187
Доргішкі|остановка транспорта|||54.2155815|25.9679256|||[]||||[]|osm_poi:node/7369694542
Сілікатны завод|остановка транспорта|||54.4384835|26.5122919|||[]||||[]|osm_poi:node/7369939667
Сілікатны завод|остановка транспорта|||54.4381296|26.5129831|||[]||||[]|osm_poi:node/7369939668
Міхневічы|остановка транспорта|||54.4363719|26.5208333|||[]||||[]|osm_poi:node/7369956818
Остановка|остановка транспорта|||53.6700261|23.9604203|||[]||||[]|osm_poi:node/7369957220
Остановка|остановка транспорта|||53.6693766|23.9621044|||[]||||[]|osm_poi:node/7369957222
Даржы|остановка транспорта|||53.7603162|25.3905768|||[]||||[]|osm_poi:node/7371996511
Даржы|остановка транспорта|||53.7605826|25.3911858|||[]||||[]|osm_poi:node/7371996515
Пескі|остановка транспорта|||53.7736083|25.3843257|||[]||||[]|osm_poi:node/7371998226
Пескі|остановка транспорта|||53.7742162|25.3843038|||[]||||[]|osm_poi:node/7371998230
Мінойты|остановка транспорта|||53.798331|25.3707643|||[]||||[]|osm_poi:node/7371998275
Мінойты|остановка транспорта|||53.79987|25.3691232|||[]||||[]|osm_poi:node/7371998280
Паддубна|остановка транспорта|||53.8239657|25.354936|||[]||||[]|osm_poi:node/7371998373
Калясішча|остановка транспорта|||53.8253738|25.3547471|||[]||||[]|osm_poi:node/7371998388
Дроздава|остановка транспорта|||53.7385219|25.3726502|||[]||||[]|osm_poi:node/7372552986
Дроздава|остановка транспорта|||53.7403042|25.3741704|||[]||||[]|osm_poi:node/7372552993
Лазяны|остановка транспорта|||53.6438006|25.2274251|||[]||||[]|osm_poi:node/7374914887
Лазяны|остановка транспорта|||53.6445446|25.2293334|||[]||||[]|osm_poi:node/7374914891
паварот на Яманты|остановка транспорта|||53.6599374|25.3182204|||[]||||[]|osm_poi:node/7374915109
паварот на Яманты|остановка транспорта|||53.6630113|25.3218643|||[]||||[]|osm_poi:node/7374915115
Стокі|остановка транспорта|||53.6772838|25.3368857|||[]||||[]|osm_poi:node/7374915155
Стокі|остановка транспорта|||53.6795709|25.3381853|||[]||||[]|osm_poi:node/7374915161
Істакі|остановка транспорта|||53.6941329|25.3444623|||[]||||[]|osm_poi:node/7374915820
Істакі|остановка транспорта|||53.6947706|25.3452152|||[]||||[]|osm_poi:node/7374915824
Баравічы|остановка транспорта|||53.7179655|25.3633793|||[]||||[]|osm_poi:node/7374916167
Баравічы|остановка транспорта|||53.7196579|25.3650903|||[]||||[]|osm_poi:node/7374916240
Дзікушкі|остановка транспорта|||53.6254753|25.0290447|||[]||||[]|osm_poi:node/7375455724
Дзікушкі|остановка транспорта|||53.6264956|25.0310873|||[]||||[]|osm_poi:node/7375455731
Остановка|остановка транспорта|||53.6301617|25.0415714|||[]||||[]|osm_poi:node/7375455736
Остановка|остановка транспорта|||53.630217|25.0422747|||[]||||[]|osm_poi:node/7375455740
Ходараўцы|остановка транспорта|||53.6344595|25.0648995|||[]||||[]|osm_poi:node/7375455771
Баяркі|остановка транспорта|||53.6299679|25.1110126|||[]||||[]|osm_poi:node/7375455795
Баяркі|остановка транспорта|||53.6296306|25.1120861|||[]||||[]|osm_poi:node/7375455799
Туалет|туалет|||53.649585|23.8561939|||[]||||[]|osm_poi:node/7376751995
паварот Рыбалавічы|остановка транспорта|||53.3918415|24.8330056|||[]||||[]|osm_poi:node/7379722637
паварот Рыбалавічы|остановка транспорта|||53.3920417|24.8345342|||[]||||[]|osm_poi:node/7379722643
Остановка|остановка транспорта|||53.4888914|24.9933956|||[]||||[]|osm_poi:node/7379724788
Остановка|остановка транспорта|||53.5249713|24.9713384|||[]||||[]|osm_poi:node/7379727505
Остановка|остановка транспорта|||53.5255482|24.9719925|||[]||||[]|osm_poi:node/7379727509
Остановка|остановка транспорта|||53.0473901|25.1296521|||[]||||[]|osm_poi:node/7384443176
Дубіно|остановка транспорта|||53.058183|25.2400102|||[]||||[]|osm_poi:node/7384971585
Дубіно|остановка транспорта|||53.057189|25.2373426|||[]||||[]|osm_poi:node/7384971604
Сакалова|остановка транспорта|||53.043461|25.2072046|||[]||||[]|osm_poi:node/7384971615
Сакалова|остановка транспорта|||53.0429962|25.2057392|||[]||||[]|osm_poi:node/7384971619
Остановка|остановка транспорта|||53.0290339|25.1765004|||[]||||[]|osm_poi:node/7384971627
Остановка|остановка транспорта|||53.0278597|25.1736992|||[]||||[]|osm_poi:node/7384971634
Павяжы|остановка транспорта|||54.4115106|25.9790319|||[]||||[]|osm_poi:node/7398092673
Остановка|остановка транспорта|||53.1632321|24.4282235|||[]||||[]|osm_poi:node/7400857186
Остановка|остановка транспорта|||53.163964|24.428507|||[]||||[]|osm_poi:node/7400857207
Рукшаны|остановка транспорта|||54.5657963|25.7832365|||[]||||[]|osm_poi:node/7403104845
Рымуні|остановка транспорта|||54.5723172|25.7738144|||[]||||[]|osm_poi:node/7403104847
Лоша|остановка транспорта|||54.585982|25.8187282|||[]||||[]|osm_poi:node/7403104852
Лоша|остановка транспорта|||54.5858467|25.8178257|||[]||||[]|osm_poi:node/7403104853
Цудзенішкі|остановка транспорта|||54.537158|25.7640664|||[]||||[]|osm_poi:node/7403104854
Клявіца|остановка транспорта|||54.2895844|25.7442609|||[]||||[]|osm_poi:node/7403251460
Клявіца|остановка транспорта|||54.2931728|25.7405705|||[]||||[]|osm_poi:node/7403254341
Борці|остановка транспорта|||54.3028225|25.7509937|||[]||||[]|osm_poi:node/7403254357
Борці|остановка транспорта|||54.3030046|25.7516137|||[]||||[]|osm_poi:node/7403254358
Павілойці|остановка транспорта|||54.3160985|25.7822503|||[]||||[]|osm_poi:node/7403271134
Павілойці|остановка транспорта|||54.3162038|25.7831414|||[]||||[]|osm_poi:node/7404536599
Віцюлі|остановка транспорта|||54.3191974|25.7927946|||[]||||[]|osm_poi:node/7404536609
Віцюлі|остановка транспорта|||54.3193869|25.7941802|||[]||||[]|osm_poi:node/7404536610
Лойці|остановка транспорта|||54.312497|25.8233037|||[]||||[]|osm_poi:node/7404536654
Лойці|остановка транспорта|||54.3129636|25.8240664|||[]||||[]|osm_poi:node/7404536655
Граўжышкі|остановка транспорта|||54.33173|25.8336067|||[]||||[]|osm_poi:node/7404536657
Граўжышкі|остановка транспорта|||54.3335055|25.8362356|||[]||||[]|osm_poi:node/7404536660
Граўжышкі|остановка транспорта|||54.3354876|25.8424801|||[]||||[]|osm_poi:node/7404720354
Граўжышкі|остановка транспорта|||54.3361434|25.842929|||[]||||[]|osm_poi:node/7404720355
Граўжышкі|остановка транспорта|||54.3316826|25.8413997|||[]||||[]|osm_poi:node/7404720375
Граўжышкі|остановка транспорта|||54.3312407|25.8409394|||[]||||[]|osm_poi:node/7404720376
Граўжышкі|остановка транспорта|||54.3201455|25.8471506|||[]||||[]|osm_poi:node/7404720384
Граўжышкі|остановка транспорта|||54.3196472|25.8473002|||[]||||[]|osm_poi:node/7404737985
Сенкаўшчына|остановка транспорта|||54.3485988|25.8642809|||[]||||[]|osm_poi:node/7405301486
Сенкаўшчына|остановка транспорта|||54.3479487|25.8654948|||[]||||[]|osm_poi:node/7405301487
Каменка|остановка транспорта|||53.5809275|23.8159451|||[]||||[]|osm_poi:node/7405334924
Остановка|остановка транспорта|||53.5327492|23.8103349|||[]||||[]|osm_poi:node/7405334959
Остановка|остановка транспорта|||53.5170087|23.8062101|||[]||||[]|osm_poi:node/7405334975
Остановка|остановка транспорта|||53.4937157|23.7931984|||[]||||[]|osm_poi:node/7405335141
Остановка|остановка транспорта|||53.4687899|23.7768477|||[]||||[]|osm_poi:node/7405335206
Остановка|остановка транспорта|||53.4685872|23.7772933|||[]||||[]|osm_poi:node/7405335210
Лужкі|остановка транспорта|||53.4652807|23.799038|||[]||||[]|osm_poi:node/7405335225
Дубаўка|остановка транспорта|||53.4657812|23.8337228|||[]||||[]|osm_poi:node/7405335234
Слонімская вуліца-2|остановка транспорта|||53.1387281|24.4593718|||[]||||[]|osm_poi:node/7405639918
Остановка|остановка транспорта|||53.1384534|24.4579057|||[]||||[]|osm_poi:node/7405639920
Слонімская вуліца-1|остановка транспорта|||53.1372769|24.4549382|||[]||||[]|osm_poi:node/7405639922
Вялікія Сямюны|остановка транспорта|||54.3552441|25.8561537|||[]||||[]|osm_poi:node/7405717330
Вялікія Сямюны|остановка транспорта|||54.3556814|25.8572156|||[]||||[]|osm_poi:node/7405717368
Вялікія Сямюны|остановка транспорта|||54.3652131|25.8605328|||[]||||[]|osm_poi:node/7405717372
Вялікія Сямюны|остановка транспорта|||54.3630718|25.8620178|||[]||||[]|osm_poi:node/7405717375
Малыя Сямюны|остановка транспорта|||54.3700159|25.8577122|||[]||||[]|osm_poi:node/7405717381
Малыя Сямюны|остановка транспорта|||54.370426|25.85788|||[]||||[]|osm_poi:node/7405786895
Остановка|остановка транспорта|||54.3776187|25.8577469|||[]||||[]|osm_poi:node/7405786904
Остановка|остановка транспорта|||54.3785682|25.8587551|||[]||||[]|osm_poi:node/7405786906
Кальчуны|остановка транспорта|||54.3892347|25.8718139|||[]||||[]|osm_poi:node/7405786907
Кальчуны|остановка транспорта|||54.3887885|25.870534|||[]||||[]|osm_poi:node/7405786908
Мардасы|остановка транспорта|||54.395171|25.8810237|||[]||||[]|osm_poi:node/7405786961
Мардасы|остановка транспорта|||54.3954289|25.8818287|||[]||||[]|osm_poi:node/7405786962
Навасяды|остановка транспорта|||54.401537|25.8914806|||[]||||[]|osm_poi:node/7405787019
Повішні|остановка транспорта|||54.412354|25.9168278|||[]||||[]|osm_poi:node/7405969020
Талмінава|остановка транспорта|||54.4518374|25.867207|||[]||||[]|osm_poi:node/7406071773
Талмінава|остановка транспорта|||54.4522315|25.8673179|||[]||||[]|osm_poi:node/7406071774
Роўнае Поле|остановка транспорта|||54.4885473|25.8015435|||[]||||[]|osm_poi:node/7406138810
Роўнае Поле|остановка транспорта|||54.4881412|25.8006789|||[]||||[]|osm_poi:node/7406138816
Барбарычы|остановка транспорта|||53.7955597|23.8909592|||[]||||[]|osm_poi:node/7419234038
Барбарычы|остановка транспорта|||53.7964001|23.8907333|||[]||||[]|osm_poi:node/7419234041
Русота|остановка транспорта|||53.7536142|23.9157299|||[]||||[]|osm_poi:node/7419234077
Русота|остановка транспорта|||53.7528997|23.916904|||[]||||[]|osm_poi:node/7419234080
Сцігане|остановка транспорта|||53.9845408|25.5723835|||[]||||[]|osm_poi:node/7429010971
Сцігане|остановка транспорта|||53.9848308|25.5733236|||[]||||[]|osm_poi:node/7429010972
вуліца Загадкавая|остановка транспорта|||53.6185209|23.7448875|||[]||||[]|osm_poi:node/7433033059
Каробчыцы 2|остановка транспорта|||53.6031252|23.7492163|||[]||||[]|osm_poi:node/7433033078
Остановка|остановка транспорта|||54.6338666|25.9774269|||[]||||[]|osm_poi:node/7435183742
Остановка|остановка транспорта|||54.6334055|25.977014|||[]||||[]|osm_poi:node/7435183743
Остановка|остановка транспорта|||53.5746085|26.313464|||[]||||[]|osm_poi:node/7450413145
Тутака|кафе|||54.6077646|25.9685293|||[]|Mo-Su 11:00-22:00|||[]|osm_poi:node/7458466313
Вензавец|остановка транспорта|||53.4139293|25.3176447|||[]||||[]|osm_poi:node/7488823578
Вензавец|остановка транспорта|||53.412775|25.3180747|||[]||||[]|osm_poi:node/7488823585
Бярвенцы|остановка транспорта|||54.4606503|25.9647947|||[]||||[]|osm_poi:node/7489539805
Kapibara|кафе||Слонім|53.0940494|25.3177685|||[]|Mo-Su 11:00-23:00|||[]|osm_poi:node/7494819938
Остановка|остановка транспорта|||53.5969963|23.9598191|||[]||||[]|osm_poi:node/7499160366
вуліца Валянціны Макаравай|остановка транспорта|||53.7206765|23.8702665|||[]||||[]|osm_poi:node/7500859018
вуліца Валянціны Макаравай|остановка транспорта|||53.7221423|23.8675939|||[]||||[]|osm_poi:node/7500859019
вуліца Віктара Саяпіна|остановка транспорта|||53.7209134|23.8631707|||[]||||[]|osm_poi:node/7501454652
Вялікае Сяло|остановка транспорта|||53.9981747|25.2126097|||[]||||[]|osm_poi:node/7505801036
Вялікае Сяло|остановка транспорта|||53.9956596|25.2120965|||[]||||[]|osm_poi:node/7505801052
Шаўдзюкі|остановка транспорта|||53.9830778|25.2221552|||[]||||[]|osm_poi:node/7505801061
Шаўдзюкі|остановка транспорта|||53.9838446|25.2218169|||[]||||[]|osm_poi:node/7505801065
Ліпнішкі|остановка транспорта|||54.0018079|25.616488|||[]||||[]|osm_poi:node/7506113249
Остановка|остановка транспорта|||54.6100715|25.9315757|||[]||||[]|osm_poi:node/7508448118
Заўжды цікаVа|кафе|||54.6100498|25.9326365|||[]|24/7|||[]|osm_poi:node/7508448119
Остановка|остановка транспорта|||54.7523354|26.0863284|||[]||||[]|osm_poi:node/7512366117
Coffee Way|кафе|||53.6866333|23.8487932|||[]|08:00-21:00|||[]|osm_poi:node/7515644785
Deli|кафе|||53.6851714|23.8429002|||[]|Mo-Su 07:30-22:00|||[]|osm_poi:node/7515666885
Малако|гостиница|||53.5972099|24.1800156|||[]||||[]|osm_poi:node/7519351785
аўтастанцыя Астрына|остановка транспорта|||53.7295582|24.5229152|||[]||||[]|osm_poi:node/7519580235
Дом афіцэраў|остановка транспорта|||53.0785383|25.3258119|||[]||||[]|osm_poi:node/7532474045
Хинкальная|ресторан|||53.6813849|23.8327835|||[]|Mo-Su 12:00-23:00|||[]|osm_poi:node/7539109904
Крепкий Черный|кафе|||53.6780339|23.8532466|||[]|Mo-Th 07:30-22:00; Fr-Su 10:00-23:00|||[]|osm_poi:node/7541952797
крама Алмі|остановка транспорта|||53.0754265|25.3069257|||[]||||[]|osm_poi:node/7547528321
Хлебница|кафе|||53.6173605|23.8122293|||[]|Mo-Su 10:00-21:00|||[]|osm_poi:node/7549418905
Хлебазавод|остановка транспорта|||53.4123253|24.5210204|||[]||||[]|osm_poi:node/7550538685
Райгаз|остановка транспорта|||53.4139058|24.5150047|||[]||||[]|osm_poi:node/7550538686
Хлебазавод|остановка транспорта|||53.4129105|24.5202062|||[]||||[]|osm_poi:node/7550538785
Остановка|остановка транспорта|||53.4103984|24.5237808|||[]||||[]|osm_poi:node/7562997376
Падваранцы|остановка транспорта|||54.0758772|25.2351156|||[]||||[]|osm_poi:node/7563838006
БигСмак|кафе|||53.8846737|25.2954465|||[]||||[]|osm_poi:node/7571874635
На возеры|гостиница|||53.7148199|24.1613966|||[]||||[]|osm_poi:node/7573603836
З лёгкай парай|гостиница|||53.7148093|24.1626506|||[]||||[]|osm_poi:node/7573603837
Остановка|остановка транспорта|||53.5289482|24.0721034|||[]||||[]|osm_poi:node/7573663049
Навасёлкі над Нёманам|гостиница|||53.4279601|24.725913|||[]||||[]|osm_poi:node/7577770285
Kapibara|кафе||Навагрудак|53.5992407|25.8261444|||[]|Mo-Su 11:00-23:00|||[]|osm_poi:node/7579862678
Булочная|кафе|||53.6799535|23.8263335|||[]|09:00-21:00|||[]|osm_poi:node/7590592274
Остановка|остановка транспорта|||53.4490155|25.4834993|||[]||||[]|osm_poi:node/7595367034
Остановка|остановка транспорта|||53.4490217|25.482115|||[]||||[]|osm_poi:node/7595367037
Остановка|остановка транспорта|||53.4284338|25.4690011|||[]||||[]|osm_poi:node/7595367452
Остановка|остановка транспорта|||53.4299362|25.4666379|||[]||||[]|osm_poi:node/7595367458
Колос|ресторан||Карэлічы|53.5725529|26.1388567|||[]|Tu-Th 12:00-18:00; Fr-Sa 12:00-24:00|||[]|osm_poi:node/7596937767
Лётны клуб|гостиница|||53.608287|24.7534933|||[]||||[]|osm_poi:node/7606980521
Корчма|ресторан|||53.3976132|25.9729087|||[]||||[]|osm_poi:node/7607104023
Сядзіба «Над Нёманам»|гостиница|||53.715095|25.4659438|||[]||||[]|osm_poi:node/7611199725
Пагародна|остановка транспорта|||54.0989694|25.1341118|||[]||||[]|osm_poi:node/7618883766
Геранёны|остановка транспорта|||54.1150897|25.5800245|||[]||||[]|osm_poi:node/7620743687
Біюцішкі|остановка транспорта|||54.3003893|26.085587|||[]||||[]|osm_poi:node/7620863038
Лужышча|остановка транспорта|||54.2816793|26.0516808|||[]||||[]|osm_poi:node/7620863154
ДРБУ|остановка транспорта|||54.415292|25.9295225|||[]||||[]|osm_poi:node/7620909215
вуліца Барунская-1|остановка транспорта|||54.4217142|25.9482063|||[]||||[]|osm_poi:node/7620971478
вуліца Барунская-2|остановка транспорта|||54.4215056|25.9554125|||[]||||[]|osm_poi:node/7620973693
Ільнозавод|остановка транспорта|||54.4202205|25.9727725|||[]||||[]|osm_poi:node/7620973704
урочышча Сухая Даліна|остановка транспорта|||54.4293712|25.9640351|||[]||||[]|osm_poi:node/7620973755
Монастырская трапеза|кафе|||53.0138441|25.3454731|||[]|Mo-Su,PH 08:30-18:00|||[]|osm_poi:node/7622135194
Жыровічы|остановка транспорта|||53.0078873|25.3497359|||[]||||[]|osm_poi:node/7624963909
Жыровічы|остановка транспорта|||53.0087554|25.3494437|||[]||||[]|osm_poi:node/7624963913
Тушэвічы|остановка транспорта|||53.0409812|25.356162|||[]||||[]|osm_poi:node/7624963936
Тушэвічы|остановка транспорта|||53.0413853|25.356762|||[]||||[]|osm_poi:node/7624963937
Trdlo House|кафе|||53.6750589|23.8257006|||[]||||[]|osm_poi:node/7636170419
KOIfish|кафе|||53.7033852|23.8514488|||[]|Mo-Su 11:00-22:30|||[]|osm_poi:node/7649638847
крама Іса|остановка транспорта|||53.0805794|25.3859714|||[]||||[]|osm_poi:node/7649644361
Лешчанка|остановка транспорта|||53.7617029|25.7662768|||[]||||[]|osm_poi:node/7658934588
Остановка|остановка транспорта|||53.7843662|25.7544476|||[]||||[]|osm_poi:node/7658934589
паварон на Крывічы|остановка транспорта|||53.8538682|25.7398661|||[]||||[]|osm_poi:node/7658934590
Арна|кафе|||53.8849231|25.782527|||[]||||[]|osm_poi:node/7658934591
Круплі|остановка транспорта|||53.9141824|26.0788221|||[]||||[]|osm_poi:node/7658934592
Лешчанка|остановка транспорта|||53.76129|25.766243|||[]||||[]|osm_poi:node/7658936887
Остановка|остановка транспорта|||53.8072596|25.7506654|||[]||||[]|osm_poi:node/7658936888
Остановка|остановка транспорта|||53.8096177|25.7500644|||[]||||[]|osm_poi:node/7658936889
паварон на Крывічы|остановка транспорта|||53.8565329|25.740122|||[]||||[]|osm_poi:node/7658936890
Лугамавічы|остановка транспорта|||53.8977171|25.9585946|||[]||||[]|osm_poi:node/7658936891
Пацавічы|остановка транспорта|||53.9616846|26.2050529|||[]||||[]|osm_poi:node/7658936892
Пацавічы|остановка транспорта|||53.9623128|26.2088722|||[]||||[]|osm_poi:node/7658936893
Остановка|остановка транспорта|||53.7863405|25.7543479|||[]||||[]|osm_poi:node/7658936986
УМГ|остановка транспорта|||53.0884711|25.292535|||[]||||[]|osm_poi:node/7663727292
УМГ|остановка транспорта|||53.0887296|25.2910504|||[]||||[]|osm_poi:node/7663727299
вуліца Заходняя|остановка транспорта|||53.0900087|25.2794663|||[]||||[]|osm_poi:node/7663727318
вуліца Заходняя|остановка транспорта|||53.0903597|25.2787391|||[]||||[]|osm_poi:node/7663727322
Храм|остановка транспорта|||53.092408|25.2601988|||[]||||[]|osm_poi:node/7663727352
Храм|остановка транспорта|||53.0929626|25.2590028|||[]||||[]|osm_poi:node/7663727356
Авіярамонтны завод|остановка транспорта|||53.0829447|25.3233686|||[]||||[]|osm_poi:node/7666449800
Лугамавічы|остановка транспорта|||53.8977714|25.9547878|||[]||||[]|osm_poi:node/7680024085
Остановка|остановка транспорта|||53.6497313|24.9726611|||[]||||[]|osm_poi:node/7680303386
Вялікае Мажэйкава|остановка транспорта|||53.6872526|24.9401805|||[]||||[]|osm_poi:node/7680303387
Остановка|остановка транспорта|||53.6575432|24.9681361|||[]||||[]|osm_poi:node/7680327085
Міцары|остановка транспорта|||53.6178544|24.698743|||[]||||[]|osm_poi:node/7680384885
Рацічы|остановка транспорта|||53.7705599|23.6598388|||[]||||[]|osm_poi:node/7682539486
Свяцк|остановка транспорта|||53.7973326|23.6533381|||[]||||[]|osm_poi:node/7682539487
Сапоцкін|остановка транспорта|||53.8244854|23.648696|||[]||||[]|osm_poi:node/7682539488
Валавічоўцы|остановка транспорта|||53.7874719|23.6557411|||[]||||[]|osm_poi:node/7682540485
Асочнікі|остановка транспорта|||53.844509|23.6732117|||[]||||[]|osm_poi:node/7682540486
Пясчаны|остановка транспорта|||53.8598487|23.6779848|||[]||||[]|osm_poi:node/7682540487
Остановка|остановка транспорта|||53.8396785|23.6628472|||[]||||[]|osm_poi:node/7682540585
Радзівілкі|остановка транспорта|||53.8476292|23.6775239|||[]||||[]|osm_poi:node/7682540586
Остановка|остановка транспорта|||53.8709908|23.6583927|||[]||||[]|osm_poi:node/7682540587
Туалет|туалет|||53.8619705|23.6255997|||[]||||[]|osm_poi:node/7682574585
Туалет|туалет|||53.8623277|23.6240716|||[]||no||[]|osm_poi:node/7682577785
Остановка|остановка транспорта|||53.8710255|23.6599268|||[]||||[]|osm_poi:node/7682618685
Остановка|остановка транспорта|||53.811476|23.7098568|||[]||||[]|osm_poi:node/7682661886
Остановка|остановка транспорта|||53.8252506|23.716859|||[]||||[]|osm_poi:node/7682693585
Свяцк|остановка транспорта|||53.7983151|23.6679154|||[]||||[]|osm_poi:node/7682693685
Рацічы|остановка транспорта|||53.7696497|23.6597847|||[]||||[]|osm_poi:node/7682712111
Аўтатранспартнік|остановка транспорта|||53.7137863|23.6746603|||[]||||[]|osm_poi:node/7682712112
Валавічоўцы|остановка транспорта|||53.7869183|23.6556186|||[]||||[]|osm_poi:node/7682738096
Остановка|остановка транспорта|||53.620469|23.8648913|||[]||||[]|osm_poi:node/7684636485
Субачы|остановка транспорта|||53.1755525|24.3509761|||[]||||[]|osm_poi:node/7684674186
Субачы|остановка транспорта|||53.1758011|24.3502712|||[]||||[]|osm_poi:node/7684674187
Остановка|остановка транспорта|||53.1225951|24.3500921|||[]||||[]|osm_poi:node/7684697785
Птушкафабрыка|остановка транспорта|||53.1521829|24.415871|||[]||||[]|osm_poi:node/7684768187
вуліца Мірошніка|остановка транспорта|||53.0903246|25.352046|||[]||||[]|osm_poi:node/7684837185
Гарпал|остановка транспорта|||53.0882418|25.3579164|||[]||||[]|osm_poi:node/7684837186
7-ы пераезд|остановка транспорта|||53.0868839|25.3617834|||[]||||[]|osm_poi:node/7684837187
РАПТ|остановка транспорта|||53.0559982|25.3509475|||[]||||[]|osm_poi:node/7691081213
МПМК-163|остановка транспорта|||53.0584415|25.3477681|||[]||||[]|osm_poi:node/7691081235
МПМК-163|остановка транспорта|||53.0588857|25.3476302|||[]||||[]|osm_poi:node/7691081251
Рышчыцы-2|остановка транспорта|||53.068453|25.3355854|||[]||||[]|osm_poi:node/7691081362
Рышчыцы-2|остановка транспорта|||53.0677153|25.3361236|||[]||||[]|osm_poi:node/7691081373
Дом афіцэраў|остановка транспорта|||53.0793535|25.3251688|||[]||||[]|osm_poi:node/7691081413
Остановка|остановка транспорта|||53.0385324|25.2740309|||[]||||[]|osm_poi:node/7694988827
Остановка|остановка транспорта|||53.0387316|25.2746811|||[]||||[]|osm_poi:node/7694988831
Остановка|остановка транспорта|||53.0349083|25.2694497|||[]||||[]|osm_poi:node/7694988882
Остановка|остановка транспорта|||53.0342755|25.268306|||[]||||[]|osm_poi:node/7694988883
Остановка|остановка транспорта|||53.3512731|25.2632124|||[]||||[]|osm_poi:node/7695398129
Казлоўшчына|остановка транспорта|||53.3191438|25.280127|||[]||||[]|osm_poi:node/7701774566
Казлоўшчына|остановка транспорта|||53.3183123|25.2802015|||[]||||[]|osm_poi:node/7701774568
Остановка|остановка транспорта|||53.301323|25.2919672|||[]||||[]|osm_poi:node/7702645687
Остановка|остановка транспорта|||53.3007287|25.2921506|||[]||||[]|osm_poi:node/7702645688
Остановка|остановка транспорта|||53.2000129|25.2884743|||[]||||[]|osm_poi:node/7702645723
Остановка|остановка транспорта|||53.1974243|25.2903704|||[]||||[]|osm_poi:node/7702645727
Остановка|остановка транспорта|||54.3132026|26.2287774|||[]||||[]|osm_poi:node/7703874025
гандлёвы цэнтр «Парус»|остановка транспорта|||53.6167054|23.8166787|||[]||||[]|osm_poi:node/7714940049
Сярэдняя школа №41|остановка транспорта|||53.616915|23.8162161|||[]||||[]|osm_poi:node/7714940050
Аграсядзіба «Бялавічы»|гостиница|||53.3300016|24.5443529|||[]||||[]|osm_poi:node/7727161460
Амбулаторыя|остановка транспорта|||53.6211647|23.8067763|||[]||||[]|osm_poi:node/7731153574
Амбулаторыя|остановка транспорта|||53.621277|23.8069038|||[]||||[]|osm_poi:node/7731153575
Нясілавічы|остановка транспорта|||53.6248579|25.3260652|||[]||||[]|osm_poi:node/7760850731
Нясілавічы|остановка транспорта|||53.6261671|25.3247648|||[]||||[]|osm_poi:node/7760850735
Санаторый «Радон»|остановка транспорта|||53.5245325|25.4954723|||[]||||[]|osm_poi:node/7761167774
Санаторый «Радон»|остановка транспорта|||53.5235454|25.4943565|||[]||||[]|osm_poi:node/7761167778
Остановка|остановка транспорта|||53.0339392|25.075178|||[]||||[]|osm_poi:node/7764521876
Остановка|остановка транспорта|||53.0339241|25.0737069|||[]||||[]|osm_poi:node/7764521877
Саленікі|остановка транспорта|||53.0371654|25.1680325|||[]||||[]|osm_poi:node/7764882634
Саленікі|остановка транспорта|||53.0375312|25.1681787|||[]||||[]|osm_poi:node/7764882638
Мяльканавічы|остановка транспорта|||53.0467472|25.1612727|||[]||||[]|osm_poi:node/7764900203
Мяльканавічы|остановка транспорта|||53.0471749|25.1610931|||[]||||[]|osm_poi:node/7764900216
Остановка|остановка транспорта|||53.0472646|25.1415807|||[]||||[]|osm_poi:node/7764900313
Остановка|остановка транспорта|||53.0473259|25.1409789|||[]||||[]|osm_poi:node/7764900319
Мелехавічы|остановка транспорта|||52.965496|24.7919106|||[]||||[]|osm_poi:node/7769568737
Пічукі|остановка транспорта|||52.9632805|24.82166|||[]||||[]|osm_poi:node/7769568785
крама Пралеска|остановка транспорта|||53.1079276|25.3377262|||[]||||[]|osm_poi:node/7772206522
Тэсктыльшчык|остановка транспорта|||53.100893|25.3326581|||[]||||[]|osm_poi:node/7772206543
Остановка|остановка транспорта|||53.2069567|25.4809302|||[]||||[]|osm_poi:node/7772470535
Остановка|остановка транспорта|||53.2064805|25.4802481|||[]||||[]|osm_poi:node/7772470540
Остановка|остановка транспорта|||53.1978302|25.4739913|||[]||||[]|osm_poi:node/7772476861
Остановка|остановка транспорта|||53.1976245|25.4743354|||[]||||[]|osm_poi:node/7772476882
Остановка|остановка транспорта|||53.1942051|25.4692881|||[]||||[]|osm_poi:node/7772476933
Остановка|остановка транспорта|||53.1939109|25.4692283|||[]||||[]|osm_poi:node/7772476937
Остановка|остановка транспорта|||53.1881527|25.4550997|||[]||||[]|osm_poi:node/7772476969
Остановка|остановка транспорта|||53.1879132|25.4539087|||[]||||[]|osm_poi:node/7772477002
Остановка|остановка транспорта|||53.1855191|25.447536|||[]||||[]|osm_poi:node/7772477110
Остановка|остановка транспорта|||53.1850909|25.4459833|||[]||||[]|osm_poi:node/7772477136
Остановка|остановка транспорта|||53.1572171|25.3957463|||[]||||[]|osm_poi:node/7772477223
Остановка|остановка транспорта|||53.1562592|25.3944766|||[]||||[]|osm_poi:node/7772477226
Остановка|остановка транспорта|||53.1413123|25.3831617|||[]||||[]|osm_poi:node/7772477231
Остановка|остановка транспорта|||53.1405439|25.3814437|||[]||||[]|osm_poi:node/7772477242
Остановка|остановка транспорта|||53.2207861|25.5566501|||[]||||[]|osm_poi:node/7772803771
Остановка|остановка транспорта|||53.2199761|25.5564346|||[]||||[]|osm_poi:node/7772803776
Рудашы|остановка транспорта|||53.3716188|26.1543225|||[]||||[]|osm_poi:node/7775076408
Bene|кафе|||53.7103431|23.8156094|||[]|11:00-23:00|||[]|osm_poi:node/7775318847
Остановка|остановка транспорта|||53.8430498|24.2109899|||[]||||[]|osm_poi:node/7776362055
Остановка|остановка транспорта|||53.8677051|24.1664533|||[]||||[]|osm_poi:node/7776362061
Остановка|остановка транспорта|||53.8665777|24.1680188|||[]||||[]|osm_poi:node/7776362067
Новая Ятвезь|остановка транспорта|||53.1830881|24.4131953|||[]||||[]|osm_poi:node/7780774878
Новая Ятвезь|остановка транспорта|||53.1832489|24.413451|||[]||||[]|osm_poi:node/7780774879
вёска Ятвезь|остановка транспорта|||53.1744046|24.4096933|||[]||||[]|osm_poi:node/7780774888
Остановка|остановка транспорта|||53.1587085|24.4283192|||[]||||[]|osm_poi:node/7780774911
вуліца 9 Мая|остановка транспорта|||53.1577097|24.4280711|||[]||||[]|osm_poi:node/7780774916
Остановка|остановка транспорта|||52.9151003|25.1669212|||[]||||[]|osm_poi:node/7784025777
Дачы|остановка транспорта|||53.4059986|24.5092376|||[]||||[]|osm_poi:node/7788019797
Дачы|остановка транспорта|||53.4060956|24.5098319|||[]||||[]|osm_poi:node/7788019798
вуліца Першамайская|остановка транспорта|||53.4008482|24.5363572|||[]||||[]|osm_poi:node/7788019935
Остановка|остановка транспорта|||53.2108836|25.4336294|||[]||||[]|osm_poi:node/7791334149
Бакшты|остановка транспорта|||53.9497053|26.1580725|||[]||||[]|osm_poi:node/7796231817
паварот на Морына|остановка транспорта|||53.8833117|25.7152525|||[]||||[]|osm_poi:node/7796251962
Остановка|остановка транспорта|||54.3230544|26.1309713|||[]||||[]|osm_poi:node/7804872389
Остановка|остановка транспорта|||54.3234824|26.1310743|||[]||||[]|osm_poi:node/7804872390
Остановка|остановка транспорта|||54.3141768|26.1019261|||[]||||[]|osm_poi:node/7807399046
ДРБУ № 191|остановка транспорта|||53.0936792|25.3696731|||[]||||[]|osm_poi:node/7825168808
Туалет|туалет|||54.2806101|26.2953122|||[]||||[]|osm_poi:node/7829029465
Туалет|туалет|||53.6775892|23.8420448|||[]||||[]|osm_poi:node/7829037154
Остановка|остановка транспорта|||53.3853648|25.5464669|||[]||||[]|osm_poi:node/7864683990
Остановка|остановка транспорта|||53.385732|25.5467799|||[]||||[]|osm_poi:node/7864683991
Остановка|остановка транспорта|||53.3865645|25.3876997|||[]||||[]|osm_poi:node/7867305403
Остановка|остановка транспорта|||53.3861365|25.3869246|||[]||||[]|osm_poi:node/7867305404
Остановка|остановка транспорта|||53.4065319|25.380012|||[]||||[]|osm_poi:node/7867305677
Остановка|остановка транспорта|||53.4083355|25.3795549|||[]||||[]|osm_poi:node/7867305681
Остановка|остановка транспорта|||53.3720935|25.3703287|||[]||||[]|osm_poi:node/7883864396
Остановка|остановка транспорта|||53.372268|25.3703167|||[]||||[]|osm_poi:node/7883864400
Остановка|остановка транспорта|||53.3412273|25.3280514|||[]||||[]|osm_poi:node/7886803459
Остановка|остановка транспорта|||53.3270898|25.4769206|||[]||||[]|osm_poi:node/7892411842
Остановка|остановка транспорта|||53.3264813|25.4764766|||[]||||[]|osm_poi:node/7892411843
Остановка|остановка транспорта|||53.3657099|25.4546016|||[]||||[]|osm_poi:node/7892412982
Остановка|остановка транспорта|||53.3598997|25.4672056|||[]||||[]|osm_poi:node/7892412997
Остановка|остановка транспорта|||53.3605154|25.4658176|||[]||||[]|osm_poi:node/7892412998
Остановка|остановка транспорта|||53.3387259|25.4262713|||[]||||[]|osm_poi:node/7892641183
Остановка|остановка транспорта|||53.3383379|25.4251184|||[]||||[]|osm_poi:node/7892641187
Остановка|остановка транспорта|||53.3456605|25.4816402|||[]||||[]|osm_poi:node/7893810811
Остановка|остановка транспорта|||53.3499415|25.483182|||[]||||[]|osm_poi:node/7896047941
Остановка|остановка транспорта|||53.4040333|23.7618363|||[]||||[]|osm_poi:node/7896143116
СУШИ ШОП|кафе|||54.615029|25.9792609|||[]|Mo-Su 11:00-23:00|||[]|osm_poi:node/7908369785
Остановка|остановка транспорта|||53.3216249|25.6009892|||[]||||[]|osm_poi:node/7942006875
Остановка|остановка транспорта|||53.3210652|25.6002748|||[]||||[]|osm_poi:node/7942006879
Остановка|остановка транспорта|||53.2378793|25.4174483|||[]||||[]|osm_poi:node/7959175676
Остановка|остановка транспорта|||53.2375922|25.4180015|||[]||||[]|osm_poi:node/7959175677
Остановка|остановка транспорта|||53.2239881|25.3818404|||[]||||[]|osm_poi:node/7959419350
Остановка|остановка транспорта|||53.2225213|25.4017004|||[]||||[]|osm_poi:node/7959419364
Остановка|остановка транспорта|||53.2228056|25.3912601|||[]||||[]|osm_poi:node/7959419374
Остановка|остановка транспорта|||53.2621488|25.4857212|||[]||||[]|osm_poi:node/7959595782
Остановка|остановка транспорта|||53.2617223|25.484505|||[]||||[]|osm_poi:node/7959595786
Центральная столовая|кафе|||53.6826536|23.8340633|||[]|Mo-Fr 11:00-16:00|||[]|osm_poi:node/7961124379
Остановка|остановка транспорта|||53.2969705|25.5960065|||[]||||[]|osm_poi:node/7962620603
Остановка|остановка транспорта|||53.2961767|25.5964956|||[]||||[]|osm_poi:node/7962620608
Остановка|остановка транспорта|||53.3811725|26.1562866|||[]||||[]|osm_poi:node/7964809781
Заўжды цікаVа|кафе|||53.0756046|25.2777835|||[]|24/7|||[]|osm_poi:node/7973612112
Заўжды цікаVа|кафе|||53.1683972|24.4293698|||[]|24/7|||[]|osm_poi:node/7973612144
Мельница|кафе|||54.6860854|26.1447948|||[]|Mo-Th 11:00-21:00; Fr-Sa 11:00-01:00|||[]|osm_poi:node/7973775111
Остановка|остановка транспорта|||54.5169869|26.1830278|||[]||||[]|osm_poi:node/7973775122
Остановка|остановка транспорта|||54.5165757|26.1820503|||[]||||[]|osm_poi:node/7973775127
Наваспаск|остановка транспорта|||54.3787745|26.3814601|||[]||||[]|osm_poi:node/7973775223
Наваспаск|остановка транспорта|||54.3795928|26.3816455|||[]||||[]|osm_poi:node/7973775224
Аркада|гостиница|||53.3652568|24.0759649|||[]|Mo-Su 19:00-23:00|||[]|osm_poi:node/7997218485
Остановка|остановка транспорта|||53.2431581|25.1742351|||[]||||[]|osm_poi:node/8006460724
Дуброва|остановка транспорта|||53.7529059|23.8808211|||[]||||[]|osm_poi:node/8012136985
Остановка|остановка транспорта|||53.0664198|24.7698265|||[]||||[]|osm_poi:node/8012606040
Остановка|остановка транспорта|||53.0661368|24.7686273|||[]||||[]|osm_poi:node/8012606044
Малюшычы|остановка транспорта|||53.4847098|26.0810048|||[]||||[]|osm_poi:node/8015730853
Остановка|остановка транспорта|||54.1345115|25.3035804|||[]||||[]|osm_poi:node/8021505342
Дайнава|остановка транспорта|||54.0654844|25.4020497|||[]||||[]|osm_poi:node/8022191194
Дайнава ПЗ|остановка транспорта|||54.0661221|25.4019524|||[]||||[]|osm_poi:node/8022191196
Остановка|остановка транспорта|||53.5251926|24.7061432|||[]||||[]|osm_poi:node/8050079319
Остановка|остановка транспорта|||53.524296|24.7048344|||[]||||[]|osm_poi:node/8050079323
Остановка|остановка транспорта|||53.5405283|24.753424|||[]||||[]|osm_poi:node/8062479513
Остановка|остановка транспорта|||53.0970203|23.9860609|||[]||||[]|osm_poi:node/8075762754
Стары мост|гостиница|||53.6625373|23.8147397|||[]||||[]|osm_poi:node/8095061092
вуліца Пралетарская|остановка транспорта|||53.4039968|24.5227722|||[]||||[]|osm_poi:node/8111516464
вуліца Пралетарская|остановка транспорта|||53.4034867|24.5244399|||[]||||[]|osm_poi:node/8111516468
Беліца|остановка транспорта|||53.64803|25.3122185|||[]||||[]|osm_poi:node/8113081218
Остановка|остановка транспорта|||53.3772676|24.3288778|||[]||||[]|osm_poi:node/8114923341
Остановка|остановка транспорта|||53.3745113|24.3492128|||[]||||[]|osm_poi:node/8114923350
Остановка|остановка транспорта|||53.3925068|24.2635379|||[]||||[]|osm_poi:node/8124149906
Остановка|остановка транспорта|||53.3926716|24.290531|||[]||||[]|osm_poi:node/8124149977
Остановка|остановка транспорта|||53.3924987|24.289354|||[]||||[]|osm_poi:node/8124149980
Остановка|остановка транспорта|||53.3732461|24.174551|||[]||||[]|osm_poi:node/8124519940
Гудзевічы|остановка транспорта|||53.3726318|24.1767099|||[]||||[]|osm_poi:node/8124519993
Гудзевічы|остановка транспорта|||53.372598|24.1763173|||[]||||[]|osm_poi:node/8124519995
Остановка|остановка транспорта|||53.3931873|24.2381742|||[]||||[]|osm_poi:node/8124520506
Слабацкія могілкі|остановка транспорта|||53.866108|25.2676622|||[]||||[]|osm_poi:node/8127906121
Остановка|остановка транспорта|||53.4411003|24.156968|||[]||||[]|osm_poi:node/8128319777
Остановка|остановка транспорта|||53.4409206|24.1578994|||[]||||[]|osm_poi:node/8128319788
Остановка|остановка транспорта|||53.6041592|23.9043504|||[]||||[]|osm_poi:node/8128926148
Остановка|остановка транспорта|||53.6036196|23.9046036|||[]||||[]|osm_poi:node/8128926154
Остановка|остановка транспорта|||53.5725764|23.9381368|||[]||||[]|osm_poi:node/8128926182
Остановка|остановка транспорта|||53.6307151|23.7437833|||[]||||[]|osm_poi:node/8129650818
Остановка|остановка транспорта|||53.5350438|24.3668584|||[]||||[]|osm_poi:node/8137378685
Ханявічы-1|остановка транспорта|||53.5360161|24.3528464|||[]||||[]|osm_poi:node/8137415123
Ханявічы-1|остановка транспорта|||53.5362139|24.3516789|||[]||||[]|osm_poi:node/8137415127
Остановка|остановка транспорта|||53.5412594|24.327715|||[]||||[]|osm_poi:node/8137415216
Остановка|остановка транспорта|||53.5420716|24.3261021|||[]||||[]|osm_poi:node/8137415221
Остановка|остановка транспорта|||53.5525352|24.3074938|||[]||||[]|osm_poi:node/8137415230
Остановка|остановка транспорта|||53.5534976|24.3067361|||[]||||[]|osm_poi:node/8137415235
Каменка|остановка транспорта|||53.55348|24.5080108|||[]||||[]|osm_poi:node/8141586934
Каменка|остановка транспорта|||53.5536983|24.5060416|||[]||||[]|osm_poi:node/8141586941
Пузынаўцы|остановка транспорта|||53.5527758|24.4539241|||[]||||[]|osm_poi:node/8141587162
Пузынаўцы|остановка транспорта|||53.5532352|24.4526867|||[]||||[]|osm_poi:node/8141587166
Остановка|остановка транспорта|||53.558781|24.428135|||[]||||[]|osm_poi:node/8141587191
Остановка|остановка транспорта|||53.5590584|24.427477|||[]||||[]|osm_poi:node/8141587203
Остановка|остановка транспорта|||53.522677|24.5218173|||[]||||[]|osm_poi:node/8142127376
Малыя Сцяпанішкі|остановка транспорта|||53.4346152|24.5394727|||[]||||[]|osm_poi:node/8142585417
Остановка|остановка транспорта|||53.4895206|24.5689013|||[]||||[]|osm_poi:node/8142585547
Остановка|остановка транспорта|||53.4900549|24.5696376|||[]||||[]|osm_poi:node/8142585551
Остановка|остановка транспорта|||53.5037026|24.580611|||[]||||[]|osm_poi:node/8142585600
Остановка|остановка транспорта|||53.5041986|24.5812679|||[]||||[]|osm_poi:node/8142585606
Закрама|остановка транспорта|||53.4013269|24.5355981|||[]||||[]|osm_poi:node/8145110313
Закрама|остановка транспорта|||53.4011869|24.5360372|||[]||||[]|osm_poi:node/8145110315
Остановка|остановка транспорта|||53.4207372|24.6313152|||[]||||[]|osm_poi:node/8145411055
Остановка|остановка транспорта|||53.4200601|24.6316682|||[]||||[]|osm_poi:node/8145411067
Туалет|туалет|||53.426194|25.9094993|||[]||||[]|osm_poi:node/8149737791
Туалет|туалет|||53.4291254|25.9037566|||[]||||[]|osm_poi:node/8149758819
Свіцязь|остановка транспорта|||53.4273373|25.9071702|||[]||||[]|osm_poi:node/8149758825
Остановка|остановка транспорта|||53.5103685|24.3731489|||[]||||[]|osm_poi:node/8167067568
Остановка|остановка транспорта|||53.5106366|24.3726817|||[]||||[]|osm_poi:node/8167067569
Остановка|остановка транспорта|||53.2582292|24.0995791|||[]||||[]|osm_poi:node/8167667758
Остановка|остановка транспорта|||53.2578069|24.099199|||[]||||[]|osm_poi:node/8167667759
Остановка|остановка транспорта|||53.0592355|24.4176332|||[]||||[]|osm_poi:node/8186760540
Varka|кафе|||53.7063276|23.8419435|||[]|Mo-Fr 08:00-22:00; Sa-Su 09:00-22:00|||[]|osm_poi:node/8210384017
Остановка|остановка транспорта|||53.6006676|24.0166583|||[]||||[]|osm_poi:node/8227592937
Остановка|остановка транспорта|||53.2405226|25.0364806|||[]||||[]|osm_poi:node/8237314564
Остановка|остановка транспорта|||53.5027357|25.8796933|||[]||||[]|osm_poi:node/8252430637
Варонічы|остановка транспорта|||53.1604748|24.8701908|||[]||||[]|osm_poi:node/8266549600
Варонічы|остановка транспорта|||53.1609259|24.871152|||[]||||[]|osm_poi:node/8266549603
Остановка|остановка транспорта|||53.1304489|25.198856|||[]||||[]|osm_poi:node/8273185619
Остановка|остановка транспорта|||53.1305576|25.1982271|||[]||||[]|osm_poi:node/8273185620
Пошта|остановка транспорта|||53.5861484|24.2406048|||[]||||[]|osm_poi:node/8281691787
Остановка|остановка транспорта|||52.9582098|25.3187783|||[]||||[]|osm_poi:node/8296185041
Остановка|остановка транспорта|||52.9568254|25.3177004|||[]||||[]|osm_poi:node/8296185044
Остановка|остановка транспорта|||53.4992402|25.3264392|||[]||||[]|osm_poi:node/8321200591
Остановка|остановка транспорта|||53.4607872|25.2616997|||[]||||[]|osm_poi:node/8323744929
Остановка|остановка транспорта|||53.4875587|25.2564879|||[]||||[]|osm_poi:node/8327127065
Остановка|остановка транспорта|||53.488013|25.2587965|||[]||||[]|osm_poi:node/8327127069
Остановка|остановка транспорта|||53.4889738|25.2205906|||[]||||[]|osm_poi:node/8334297782
Остановка|остановка транспорта|||53.4879192|25.2220225|||[]||||[]|osm_poi:node/8337372853
Остановка|остановка транспорта|||53.5434035|25.3509368|||[]||||[]|osm_poi:node/8341394712
Остановка|остановка транспорта|||53.5108445|25.209|||[]||||[]|osm_poi:node/8349222032
Остановка|остановка транспорта|||53.1919692|23.9267974|||[]||||[]|osm_poi:node/8356619895
Остановка|остановка транспорта|||53.1916349|23.9271579|||[]||||[]|osm_poi:node/8356619896
Крэва|остановка транспорта|||54.3109643|26.2828823|||[]||||[]|osm_poi:node/8356814474
Наваспаск|остановка транспорта|||54.3787905|26.3813035|||[]||||[]|osm_poi:node/8356849755
Наваспаск|остановка транспорта|||54.3795827|26.3817878|||[]||||[]|osm_poi:node/8356849756
Остановка|остановка транспорта|||54.4588859|26.3908195|||[]||||[]|osm_poi:node/8356887186
Остановка|остановка транспорта|||54.4595499|26.3909386|||[]||||[]|osm_poi:node/8356887188
Остановка|остановка транспорта|||54.6409973|26.5173112|||[]||||[]|osm_poi:node/8356941737
Вішнева|остановка транспорта|||54.7177154|26.5242846|||[]||||[]|osm_poi:node/8356941740
Гарані|остановка транспорта|||54.7526626|26.5218284|||[]||||[]|osm_poi:node/8356941743
Гарані|остановка транспорта|||54.754325|26.519129|||[]||||[]|osm_poi:node/8356941745
Остановка|остановка транспорта|||54.7594951|26.5083325|||[]||||[]|osm_poi:node/8356941747
Остановка|остановка транспорта|||54.7604749|26.5072827|||[]||||[]|osm_poi:node/8356941750
Мізулічы|остановка транспорта|||54.7718238|26.494956|||[]||||[]|osm_poi:node/8356941751
Мізулічы|остановка транспорта|||54.7726912|26.4949374|||[]||||[]|osm_poi:node/8356941752
Спадчына|кафе|||54.2576034|26.0114386|||[]|Su-Fr 09:00-24:00, Sa 09:00-02:00|||[]|osm_poi:node/8361395825
Остановка|остановка транспорта|||53.5320353|25.3549258|||[]||||[]|osm_poi:node/8363913867
Туалет|туалет|||53.8661839|25.2888573|||[]||||[]|osm_poi:node/8364600818
Остановка|остановка транспорта|||53.5331602|25.3903858|||[]||||[]|osm_poi:node/8366646072
Остановка|остановка транспорта|||53.5331339|25.3890691|||[]||||[]|osm_poi:node/8366646073
Остановка|остановка транспорта|||53.4500213|25.0345844|||[]||||[]|osm_poi:node/8371065025
Остановка|остановка транспорта|||53.5319344|25.1364279|||[]||||[]|osm_poi:node/8374772557
Остановка|остановка транспорта|||53.5318176|25.1348052|||[]||||[]|osm_poi:node/8374772561
Остановка|остановка транспорта|||53.506756|25.2988508|||[]||||[]|osm_poi:node/8375298406
Остановка|остановка транспорта|||53.506927|25.2974353|||[]||||[]|osm_poi:node/8375298428
вуліца Юбілейная|остановка транспорта|||53.5650267|24.1940434|||[]||||[]|osm_poi:node/8378368957
Остановка|остановка транспорта|||53.4456827|25.4358934|||[]||||[]|osm_poi:node/8417517958
Остановка|остановка транспорта|||53.4509227|25.4248393|||[]||||[]|osm_poi:node/8417517976
Остановка|остановка транспорта|||53.4490539|25.4282622|||[]||||[]|osm_poi:node/8417517980
Остановка|остановка транспорта|||53.4429873|25.4411525|||[]||||[]|osm_poi:node/8417518039
Остановка|остановка транспорта|||53.4416665|25.4461133|||[]||||[]|osm_poi:node/8417518043
Остановка|остановка транспорта|||53.4525171|25.5141275|||[]||||[]|osm_poi:node/8418276794
Остановка|остановка транспорта|||53.4527129|25.5148807|||[]||||[]|osm_poi:node/8418276795
Хлебазавод|остановка транспорта|||53.5940324|24.2410796|||[]||||[]|osm_poi:node/8446060030
Таркачы|остановка транспорта|||53.5033887|25.6238194|||[]||||[]|osm_poi:node/8460437220
Туалет|туалет|||53.4783749|25.5111739|||[]||no||[]|osm_poi:node/8499148690
Наваельня|остановка транспорта|||53.4637739|25.5838618|||[]||||[]|osm_poi:node/8499949436
Наваельня|остановка транспорта|||53.4651263|25.5823439|||[]||||[]|osm_poi:node/8499949445
Санаторый|остановка транспорта|||53.4630621|25.5681003|||[]||||[]|osm_poi:node/8499949487
Санаторый|остановка транспорта|||53.4637675|25.566884|||[]||||[]|osm_poi:node/8499949501
Кухня бабушки Нэнэ|кафе||Гродна|53.6497791|23.8544929|||[]||||[]|osm_poi:node/8501648767
Мехустаноўка|остановка транспорта|||53.5687565|25.7666934|||[]||||[]|osm_poi:node/8502746602
Мехустаноўка|остановка транспорта|||53.5687815|25.7673528|||[]||||[]|osm_poi:node/8502746606
Остановка|остановка транспорта|||53.5483237|25.7267292|||[]||||[]|osm_poi:node/8502784565
Остановка|остановка транспорта|||53.5188071|25.6962525|||[]||||[]|osm_poi:node/8502784599
Остановка|остановка транспорта|||53.5186345|25.6958662|||[]||||[]|osm_poi:node/8502784603
Остановка|остановка транспорта|||53.5050938|25.6855093|||[]||||[]|osm_poi:node/8502784607
Остановка|остановка транспорта|||53.5045004|25.684679|||[]||||[]|osm_poi:node/8502784611
Остановка|остановка транспорта|||53.4923507|25.6736314|||[]||||[]|osm_poi:node/8502784630
Остановка|остановка транспорта|||53.4925851|25.674437|||[]||||[]|osm_poi:node/8502784634
Остановка|остановка транспорта|||53.560277|26.1516911|||[]||||[]|osm_poi:node/8503098192
Остановка|остановка транспорта|||53.5912017|25.9200524|||[]||||[]|osm_poi:node/8503098519
Туалет|туалет|||53.4509107|26.4710964|||[]||yes||[]|osm_poi:node/8503947484
Сімакава|остановка транспорта|||53.4081263|26.4951488|||[]||||[]|osm_poi:node/8506099615
Остановка|остановка транспорта|||53.4434672|25.7106336|||[]||||[]|osm_poi:node/8510393887
Остановка|остановка транспорта|||53.424983|25.3336107|||[]||||[]|osm_poi:node/8520742436
Остановка|остановка транспорта|||53.424407|25.3326419|||[]||||[]|osm_poi:node/8520742440
Рашкуцяны|остановка транспорта|||54.2559282|25.7734393|||[]||||[]|osm_poi:node/8524950425
Остановка|остановка транспорта|||54.3008957|26.2695928|||[]||||[]|osm_poi:node/8557160789
Бургер Кинг|кафе|||53.649695|23.8537443|||[]|Mo-Su 10:00-23:00|||[]|osm_poi:node/8565688196
KFC|кафе|||53.6496985|23.8535822|||[]|24/7|||[]|osm_poi:node/8572566495
Додо Пицца Экспресс|кафе|||53.6496997|23.853278|||[]|Mo-Su 10:00-22:00|||[]|osm_poi:node/8572566496
Кофе Саунд|кафе|||53.6500409|23.8546272|||[]||||[]|osm_poi:node/8586931228
MC Döner|кафе|||53.6497069|23.8531492|||[]||||[]|osm_poi:node/8586931229
Хинкальная|ресторан|||53.6500387|23.8544136|||[]||||[]|osm_poi:node/8586931230
Гарэцкаўшчына|остановка транспорта|||54.2215327|26.1199779|||[]||||[]|osm_poi:node/8587356186
Гарэцкаўшчына|остановка транспорта|||54.2213889|26.1219084|||[]||||[]|osm_poi:node/8587356188
Рамейкішкі|остановка транспорта|||54.271134|25.9281476|||[]||||[]|osm_poi:node/8587356212
Чашки & Ложки|кафе|||53.6824687|23.8301268|||[]|Su-Th 11:00-23:00; Fr-Sa 11:00-00:00|||[]|osm_poi:node/8593754565
Trattoria Napoli|ресторан|||53.6824913|23.8302436|||[]|Mo-Su 12:00-02:00|||[]|osm_poi:node/8593754567
Остановка|остановка транспорта|||53.5353032|24.7342205|||[]||||[]|osm_poi:node/8598517648
Остановка|остановка транспорта|||53.5459148|24.7673656|||[]||||[]|osm_poi:node/8598517677
Остановка|остановка транспорта|||53.5558461|24.7991627|||[]||||[]|osm_poi:node/8598517738
Остановка|остановка транспорта|||53.5605429|24.8692519|||[]||||[]|osm_poi:node/8598517873
Остановка|остановка транспорта|||53.672274|23.8490936|||[]||||[]|osm_poi:node/8602000074
Дубаўцы|остановка транспорта|||53.3549384|24.4044159|||[]||||[]|osm_poi:node/8605237329
Дубаўцы|остановка транспорта|||53.3542762|24.4048386|||[]||||[]|osm_poi:node/8605237333
Остановка|остановка транспорта|||53.3461298|24.4062784|||[]||||[]|osm_poi:node/8605237368
Остановка|остановка транспорта|||53.3303844|24.4096812|||[]||||[]|osm_poi:node/8605237550
Остановка|остановка транспорта|||53.4219821|24.2488098|||[]||||[]|osm_poi:node/8605437572
Остановка|остановка транспорта|||53.3955781|24.2392932|||[]||||[]|osm_poi:node/8605437640
Остановка|остановка транспорта|||53.474877|23.9798558|||[]||||[]|osm_poi:node/8606076111
Остановка|остановка транспорта|||53.4744746|23.9799334|||[]||||[]|osm_poi:node/8606076120
Остановка|остановка транспорта|||53.7305036|24.1521249|||[]||||[]|osm_poi:node/8610352642
Остановка|остановка транспорта|||53.7301235|24.1539505|||[]||||[]|osm_poi:node/8610352643
Остановка|остановка транспорта|||53.7096613|24.0690968|||[]||||[]|osm_poi:node/8610352712
Остановка|остановка транспорта|||53.6341843|24.2653452|||[]||||[]|osm_poi:node/8610974058
Галавачы|остановка транспорта|||53.6352952|24.2649382|||[]||||[]|osm_poi:node/8610974069
Остановка|остановка транспорта|||53.6363119|24.2594219|||[]||||[]|osm_poi:node/8610974100
Остановка|остановка транспорта|||53.1811787|23.9812902|||[]||||[]|osm_poi:node/8615430066
Остановка|остановка транспорта|||53.2874518|23.8984019|||[]||||[]|osm_poi:node/8615904677
Остановка|остановка транспорта|||53.2875625|23.9009902|||[]||||[]|osm_poi:node/8615904678
Туалет|туалет|||53.0824367|25.5029295|||[]||no||[]|osm_poi:node/8616871694
Дом Культуры|остановка транспорта|||53.589702|24.2513971|||[]||||[]|osm_poi:node/8621261878
Дом Культуры|остановка транспорта|||53.5900327|24.2521054|||[]||||[]|osm_poi:node/8621261882
Рынак|остановка транспорта|||53.594509|24.2560315|||[]||||[]|osm_poi:node/8621265349
Рынак|остановка транспорта|||53.5946517|24.257123|||[]||||[]|osm_poi:node/8621265360
вуліца Шарамета|остановка транспорта|||53.5978064|24.2626767|||[]||||[]|osm_poi:node/8621265424
Пошта|остановка транспорта|||53.586275|24.2394797|||[]||||[]|osm_poi:node/8621877922
Цукравы завод|остановка транспорта|||53.5759628|24.2058217|||[]||||[]|osm_poi:node/8622315089
Цукравы завод|остановка транспорта|||53.5755375|24.2064061|||[]||||[]|osm_poi:node/8622315103
Скідзельаграпрадукт|остановка транспорта|||53.5773208|24.2091731|||[]||||[]|osm_poi:node/8622315145
Скідзельаграпрадукт|остановка транспорта|||53.5767551|24.2105922|||[]||||[]|osm_poi:node/8622315149
Мэблябудканструкцыя|остановка транспорта|||53.5749069|24.2171785|||[]||||[]|osm_poi:node/8622315161
вуліца Вакзальная|остановка транспорта|||53.5776774|24.2265845|||[]||||[]|osm_poi:node/8622315229
вуліца Вакзальная|остановка транспорта|||53.5780267|24.2271859|||[]||||[]|osm_poi:node/8622315236
Гімназія №1|остановка транспорта|||53.410022|24.5324225|||[]||||[]|osm_poi:node/8625422675
Гімназія №1|остановка транспорта|||53.4099197|24.533326|||[]||||[]|osm_poi:node/8625422677
Остановка|остановка транспорта|||53.2011912|23.9131661|||[]||||[]|osm_poi:node/8632508641
Остановка|остановка транспорта|||53.3302066|23.8226509|||[]||||[]|osm_poi:node/8632767552
Остановка|остановка транспорта|||53.3299247|23.8221574|||[]||||[]|osm_poi:node/8632767553
Остановка|остановка транспорта|||53.346494|23.8181931|||[]||||[]|osm_poi:node/8632767733
Остановка|остановка транспорта|||53.3095782|23.8177425|||[]||||[]|osm_poi:node/8632768688
Остановка|остановка транспорта|||53.3899335|23.8396883|||[]||||[]|osm_poi:node/8633586395
Остановка|остановка транспорта|||53.3698829|23.8474372|||[]||||[]|osm_poi:node/8633587086
Остановка|остановка транспорта|||53.3468015|23.8185739|||[]||||[]|osm_poi:node/8633587604
Остановка|остановка транспорта|||53.4222887|25.7659612|||[]||||[]|osm_poi:node/8634861089
Остановка|остановка транспорта|||53.4223391|25.7650673|||[]||||[]|osm_poi:node/8634861093
Остановка|остановка транспорта|||53.4745007|23.7408972|||[]||||[]|osm_poi:node/8636643211
Остановка|остановка транспорта|||53.473744|23.7407684|||[]||||[]|osm_poi:node/8636643212
Остановка|остановка транспорта|||53.3717857|23.8214037|||[]||||[]|osm_poi:node/8638960828
Остановка|остановка транспорта|||53.3694684|23.824212|||[]||||[]|osm_poi:node/8638960829
Остановка|остановка транспорта|||53.4120995|23.8384572|||[]||||[]|osm_poi:node/8638960862
Остановка|остановка транспорта|||53.4010635|23.8129923|||[]||||[]|osm_poi:node/8638961609
Остановка|остановка транспорта|||53.4011467|23.8145533|||[]||||[]|osm_poi:node/8638961610
Остановка|остановка транспорта|||53.4365301|23.8342957|||[]||||[]|osm_poi:node/8638962137
Остановка|остановка транспорта|||53.4363935|23.8335782|||[]||||[]|osm_poi:node/8638962209
Золотой теленок|кафе|||53.6964197|23.8343702|||[]|Mo-Su 09:00-21:00|||[]|osm_poi:node/8644580008
Анжадава|остановка транспорта|||54.3481635|25.598563|||[]||||[]|osm_poi:node/8648381645
Біятлонны комплекс Сялец|гостиница||Сялец|53.5964341|25.8795872|||[]||||[]|osm_poi:node/8658618242
Туалет|туалет|||53.4367368|25.8999831|||[]||||[]|osm_poi:node/8662344278
Мята Lounge|ресторан|||53.8943842|25.2970733|||[]||||[]|osm_poi:node/8663876942
ЭкСПРЕССО|кафе||Навагрудак|53.5917388|25.8191557|||[]||||[]|osm_poi:node/8665711248
Рим|кафе||Навагрудак|53.5993353|25.8252336|||[]||||[]|osm_poi:node/8665711250
Старый город|кафе|||53.5984852|25.8238317|||[]||||[]|osm_poi:node/8665711251
Анжадава|остановка транспорта|||54.3482077|25.5970494|||[]||||[]|osm_poi:node/8666942587
Zmitrole|кафе|||53.6888829|23.8443272|||[]||||[]|osm_poi:node/8668610939
Остановка|остановка транспорта|||54.2066129|25.2209195|||[]||||[]|osm_poi:node/8675364981
Остановка|остановка транспорта|||53.273426|23.9950982|||[]||||[]|osm_poi:node/8689090980
Остановка|остановка транспорта|||53.2649145|24.0333411|||[]||||[]|osm_poi:node/8691654986
Остановка|остановка транспорта|||53.2345726|24.030675|||[]||||[]|osm_poi:node/8691750490
Лубянка|остановка транспорта|||54.4989595|26.2690641|||[]||||[]|osm_poi:node/8698972742
Гейстуны|остановка транспорта|||54.2728397|26.1310738|||[]||||[]|osm_poi:node/8701289405
Остановка|остановка транспорта|||53.429257|23.8611782|||[]||||[]|osm_poi:node/8702591390
Остановка|остановка транспорта|||53.4287376|23.8605666|||[]||||[]|osm_poi:node/8702591391
Остановка|остановка транспорта|||53.3923264|23.9004859|||[]||||[]|osm_poi:node/8702947329
Остановка|остановка транспорта|||53.394089|23.9026612|||[]||||[]|osm_poi:node/8702947349
Остановка|остановка транспорта|||53.4835353|23.8540435|||[]||||[]|osm_poi:node/8703020701
Остановка|остановка транспорта|||53.4837252|23.8540301|||[]||||[]|osm_poi:node/8703020702
Остановка|остановка транспорта|||53.9678906|24.8354584|||[]||||[]|osm_poi:node/8710467931
Даліна|остановка транспорта|||53.8672213|25.2795309|||[]||||[]|osm_poi:node/8713996901
Літвіны|ресторан|||53.6499495|23.8548962|||[]|Mo-Fr,Su 12:00-23:00; Sa 10:00-23:00|||[]|osm_poi:node/8719917026
Остановка|остановка транспорта|||53.687256|23.7563062|||[]||||[]|osm_poi:node/8719979968
Остановка|остановка транспорта|||54.5258361|26.3384662|||[]||||[]|osm_poi:node/8721477505
Остановка|остановка транспорта|||54.5255721|26.3380027|||[]||||[]|osm_poi:node/8721477506
Карані|остановка транспорта|||54.4921592|26.365966|||[]||||[]|osm_poi:node/8721745688
паварот на Пагараны|остановка транспорта|||53.6341109|23.8835323|||[]||||[]|osm_poi:node/8729134080
паварот на Пагараны|остановка транспорта|||53.6334451|23.8837273|||[]||||[]|osm_poi:node/8729134081
Остановка|остановка транспорта|||54.2279621|25.7842094|||[]||||[]|osm_poi:node/8732284626
Cinnabon|кафе|||53.649765|23.8538635|||[]|Mo-Su 10:00-22:00|||[]|osm_poi:node/8739974417
Остановка|остановка транспорта|||54.292588|25.8612826|||[]||||[]|osm_poi:node/8773475174
Остановка|остановка транспорта|||54.2922468|25.8607945|||[]||||[]|osm_poi:node/8773475175
Остановка|остановка транспорта|||53.4430542|25.7111654|||[]||||[]|osm_poi:node/8785336955
Забердава|остановка транспорта|||53.4670949|25.9938308|||[]||||[]|osm_poi:node/8788285731
Забердава|остановка транспорта|||53.4666432|25.9926422|||[]||||[]|osm_poi:node/8788285754
Остановка|остановка транспорта|||53.4636763|25.9695792|||[]||||[]|osm_poi:node/8788286012
Остановка|остановка транспорта|||53.4578614|25.9522162|||[]||||[]|osm_poi:node/8788286085
Остановка|остановка транспорта|||53.456076|25.9353656|||[]||||[]|osm_poi:node/8788286139
Остановка|остановка транспорта|||53.4559305|25.9328203|||[]||||[]|osm_poi:node/8788286146
Усходні мост|остановка транспорта|||53.6512903|23.886045|||[]||||[]|osm_poi:node/8788443128
Малюшычы|остановка транспорта|||53.4856358|26.0817023|||[]||||[]|osm_poi:node/8788602042
Остановка|остановка транспорта|||53.4717181|26.0624148|||[]||||[]|osm_poi:node/8788602145
Остановка|остановка транспорта|||53.4718581|26.0617376|||[]||||[]|osm_poi:node/8788602146
Остановка|остановка транспорта|||53.4722463|26.0244149|||[]||||[]|osm_poi:node/8788602242
Палужжа|остановка транспорта|||53.5304797|26.1255538|||[]||||[]|osm_poi:node/8789126696
Остановка|остановка транспорта|||53.5267026|26.1130138|||[]||||[]|osm_poi:node/8789129545
Остановка|остановка транспорта|||53.5255859|26.1106157|||[]||||[]|osm_poi:node/8789129550
Савашы|остановка транспорта|||53.5185716|26.1071928|||[]||||[]|osm_poi:node/8789129556
Савашы|остановка транспорта|||53.5180127|26.1066647|||[]||||[]|osm_poi:node/8789129562
Остановка|остановка транспорта|||53.5572171|26.1524878|||[]||||[]|osm_poi:node/8789355463
Остановка|остановка транспорта|||53.5556002|26.1529709|||[]||||[]|osm_poi:node/8789355470
Остановка|остановка транспорта|||53.5442703|26.1484593|||[]||||[]|osm_poi:node/8789364472
Остановка|остановка транспорта|||53.5436274|26.147646|||[]||||[]|osm_poi:node/8789364476
Остановка|остановка транспорта|||53.5374007|26.1402871|||[]||||[]|osm_poi:node/8789364574
Остановка|остановка транспорта|||53.5371471|26.1395691|||[]||||[]|osm_poi:node/8789364575
Остановка|остановка транспорта|||53.5320156|26.1292647|||[]||||[]|osm_poi:node/8789364677
Остановка|остановка транспорта|||53.5875588|25.4156069|||[]||||[]|osm_poi:node/8791700708
Арабика|кафе|||53.6800973|23.8349806|||[]|Tu-Sa 10:00-22:00; Su 13:00-22:00; Mo off|||[]|osm_poi:node/8813912263
Додо Пицца|кафе|||53.6544546|23.8499241|||[]|Mo-Su 11:00-23:00|||[]|osm_poi:node/8818993176
Грандзічы-3|остановка транспорта|||53.722886|23.8851089|||[]||||[]|osm_poi:node/8827133382
вуліца Старамалышчынская|остановка транспорта|||53.7216363|23.8881694|||[]||||[]|osm_poi:node/8827133383
Макаравай-2|остановка транспорта|||53.7194645|23.8793518|||[]||||[]|osm_poi:node/8827133390
Грандзічы-1|остановка транспорта|||53.7197534|23.8772907|||[]||||[]|osm_poi:node/8827133391
Грандзічы-1|остановка транспорта|||53.7198415|23.8718357|||[]||||[]|osm_poi:node/8827133392
Туалет|туалет|||53.6207253|23.8701918|||[]||||[]|osm_poi:node/8844684261
Остановка|остановка транспорта|||53.4900044|23.8152158|||[]||||[]|osm_poi:node/8846576369
Остановка|остановка транспорта|||53.4901912|23.8149476|||[]||||[]|osm_poi:node/8846576370
Остановка|остановка транспорта|||53.6328194|23.8830498|||[]||||[]|osm_poi:node/8852570591
С. Т. «Хімік-Азот»|остановка транспорта|||53.6592473|23.8877723|||[]||||[]|osm_poi:node/8852592327
С. Т. «Хімік-Азот»|остановка транспорта|||53.6582066|23.8872164|||[]||||[]|osm_poi:node/8852592328
Дакудава-1|остановка транспорта|||53.806214|25.5092189|||[]||||[]|osm_poi:node/8868013668
Магазін «Дыяніс»|остановка транспорта|||53.6437252|23.8730599|||[]||||[]|osm_poi:node/8870307706
Прывалкі|остановка транспорта|||53.9289778|23.9367644|||[]||||[]|osm_poi:node/8873304545
Остановка|остановка транспорта|||53.9292671|23.9375927|||[]||||[]|osm_poi:node/8873304549
Пышечная 8|кафе|||54.4806739|26.4016525|||[]|Mo-Su 10:00-20:00|||[]|osm_poi:node/8879418617
Кавярня|кафе||Навагрудак|53.5987849|25.8241243|||[]||||[]|osm_poi:node/8883677501
Вожык гуляка|кафе|||53.8914355|25.3062733|||[]||||[]|osm_poi:node/8891738873
Столовая «Мостовдрев»|ресторан|||53.4105263|24.5406947|||[]|Mo-Fr 09:00-18:00|||[]|osm_poi:node/8895152078
River Hall|гостиница|||53.6713779|23.8329899|||[]||||[]|osm_poi:node/8907485162
Остановка|остановка транспорта|||53.6342315|23.882994|||[]||||[]|osm_poi:node/8917525615
Усходні мост|остановка транспорта|||53.6513602|23.8854559|||[]||||[]|osm_poi:node/8919986263
Туалет|туалет|||54.3964456|26.027928|||[]||||[]|osm_poi:node/8928694617
Гуменікі|остановка транспорта|||52.9649937|25.2053023|||[]||||[]|osm_poi:node/8943862380
Гуменікі|остановка транспорта|||52.964085|25.2044345|||[]||||[]|osm_poi:node/8943862384
Дамуцеўцы|остановка транспорта|||53.6123219|24.6657264|||[]||||[]|osm_poi:node/8947330214
Остановка|остановка транспорта|||53.5797973|23.7340557|||[]||||[]|osm_poi:node/8954942018
Старыя Баруны|остановка транспорта|||54.3163347|26.1719334|||[]||||[]|osm_poi:node/8955514050
Остановка|остановка транспорта|||53.6234195|24.3963637|||[]||||[]|osm_poi:node/8961039825
Шаурма № 1|кафе|||53.6532414|23.8504647|||[]|10:00-23:00|||[]|osm_poi:node/8969228117
Самый фарш|кафе|||53.6533457|23.8501598|||[]|Mo-Su 10:00-23:00|||[]|osm_poi:node/8969228120
Туалет|туалет|||53.601015|24.9601269|||[]||||[]|osm_poi:node/8973494945
Лікоўка|остановка транспорта|||53.5149939|23.9655777|||[]||||[]|osm_poi:node/8973598806
Лікоўка|остановка транспорта|||53.514878|23.9662379|||[]||||[]|osm_poi:node/8973598807
Остановка|остановка транспорта|||53.5258732|23.8745714|||[]||||[]|osm_poi:node/8973893004
Остановка|остановка транспорта|||53.52605|23.8742334|||[]||||[]|osm_poi:node/8973893005
Остановка|остановка транспорта|||53.5204249|23.9110427|||[]||||[]|osm_poi:node/8973898744
Остановка|остановка транспорта|||53.520602|23.9106996|||[]||||[]|osm_poi:node/8973898745
Баранава|остановка транспорта|||53.5164988|23.9276602|||[]||||[]|osm_poi:node/8973898798
Остановка|остановка транспорта|||53.5148267|23.9498111|||[]||||[]|osm_poi:node/8973898871
Остановка|остановка транспорта|||53.5147064|23.9512199|||[]||||[]|osm_poi:node/8973898879
Остановка|остановка транспорта|||53.6977832|24.0044118|||[]||||[]|osm_poi:node/8976342346
Заўжды цікаVа|кафе||Гродна|53.7214295|23.8178005|||[]|24/7|||[]|osm_poi:node/8983880677
Пескі|остановка транспорта|||53.7762771|25.3976816|||[]||||[]|osm_poi:node/8984752458
Пескі|остановка транспорта|||53.7775705|25.3956619|||[]||||[]|osm_poi:node/8984752459
Ціхаволя|остановка транспорта|||52.8474907|23.9903477|||[]||||[]|osm_poi:node/8990634730
Ціхаволя|остановка транспорта|||52.8468287|23.9908215|||[]||||[]|osm_poi:node/8990668544
Рудня|остановка транспорта|||52.839207|24.0446733|||[]||||[]|osm_poi:node/8992578568
Язвіна|остановка транспорта|||52.8421281|24.0313669|||[]||||[]|osm_poi:node/8992806407
Язвіна|остановка транспорта|||52.8427064|24.0293445|||[]||||[]|osm_poi:node/8992806408
Остановка|остановка транспорта|||53.2304053|25.1320441|||[]||||[]|osm_poi:node/9004407739
Остановка|остановка транспорта|||53.2300345|25.1320045|||[]||||[]|osm_poi:node/9004407742
Остановка|остановка транспорта|||54.6490032|25.8313641|||[]||||[]|osm_poi:node/9004846053
Туалет|туалет|||52.8472842|23.9887563|||[]||no||[]|osm_poi:node/9007816072
Навіны|остановка транспорта|||53.6118087|25.539829|||[]||||[]|osm_poi:node/9007851705
Вялікая Ізва|остановка транспорта|||53.6292497|25.6469779|||[]||||[]|osm_poi:node/9007954658
Вялікая Ізва|остановка транспорта|||53.6289761|25.6459801|||[]||||[]|osm_poi:node/9007954659
Малая Ізва|остановка транспорта|||53.631542|25.6695446|||[]||||[]|osm_poi:node/9007954663
Малая Ізва|остановка транспорта|||53.6312111|25.6690725|||[]||||[]|osm_poi:node/9007954664
Каменка Руда|остановка транспорта|||53.6182641|25.574176|||[]||||[]|osm_poi:node/9007954668
Каменка Руда|остановка транспорта|||53.6181543|25.5734974|||[]||||[]|osm_poi:node/9007954669
Некрашы|остановка транспорта|||53.5961073|24.2337736|||[]||||[]|osm_poi:node/9008621973
Пятрэвічы|остановка транспорта|||53.6409247|25.6815184|||[]||||[]|osm_poi:node/9009271357
Пятрэвічы|остановка транспорта|||53.6402426|25.680653|||[]||||[]|osm_poi:node/9009271360
Лаўцы|остановка транспорта|||53.6479283|25.7099659|||[]||||[]|osm_poi:node/9009336702
Асмолава|остановка транспорта|||53.627909|25.7518133|||[]||||[]|osm_poi:node/9009336706
Асмолава|остановка транспорта|||53.6272876|25.7526466|||[]||||[]|osm_poi:node/9009336708
Грабнікі|остановка транспорта|||53.6059458|25.8004543|||[]||||[]|osm_poi:node/9009336712
Грабнікі|остановка транспорта|||53.6046747|25.8036443|||[]||||[]|osm_poi:node/9009336714
Муравьёв|ресторан|||53.6788608|23.8301525|||[]|"Su-Th 12:00-23:00; Fr,Sa 12:00-00:00; Mo-Su 12:00-16:00 ""lunch"""|||[]|osm_poi:node/9015443132
Остановка|остановка транспорта|||54.6263446|26.4531898|||[]||||[]|osm_poi:node/9015675265
KFC|кафе|||53.6889731|23.8455868|||[]|Mo-Su 04:00-03:00|||[]|osm_poi:node/9020744122
Карусель House|гостиница||Бакштаўскі сельскі Савет|53.9605805|26.281443|||[]||||[]|osm_poi:node/9025505417
Броўск|остановка транспорта|||52.8692795|23.985629|||[]||||[]|osm_poi:node/9026100838
Броўск|остановка транспорта|||52.8698042|23.9861233|||[]||||[]|osm_poi:node/9026100841
Каланая|остановка транспорта|||52.9462817|24.005656|||[]||||[]|osm_poi:node/9027965796
Каланая|остановка транспорта|||52.945813|24.0051545|||[]||||[]|osm_poi:node/9027965797
Раманаўцы|остановка транспорта|||52.9539565|24.0086029|||[]||||[]|osm_poi:node/9027965800
Раманаўцы|остановка транспорта|||52.9541718|24.0089736|||[]||||[]|osm_poi:node/9027965801
Ашыўкі|остановка транспорта|||52.9694321|24.0197648|||[]||||[]|osm_poi:node/9027965804
Ашыўкі|остановка транспорта|||52.9685017|24.0186007|||[]||||[]|osm_poi:node/9027965805
Каліноўская|остановка транспорта|||52.9810335|24.0329129|||[]||||[]|osm_poi:node/9027965808
Каліноўская|остановка транспорта|||52.9800372|24.0314377|||[]||||[]|osm_poi:node/9027965810
Остановка|остановка транспорта|||54.5666706|26.3911283|||[]||||[]|osm_poi:node/9045515314
Остановка|остановка транспорта|||54.5675787|26.3923299|||[]||||[]|osm_poi:node/9045515315
Мерри Берри|кафе|||53.5843929|25.8050559|||[]|Mo-Su 10:00-22:00|||[]|osm_poi:node/9048649501
вуліца Глухава|остановка транспорта|||53.7183288|23.8696928|||[]||||[]|osm_poi:node/9051225968
вуліца Глухава|остановка транспорта|||53.7174664|23.8693534|||[]||||[]|osm_poi:node/9051225969
Грандзічы-2|остановка транспорта|||53.7167445|23.8666307|||[]||||[]|osm_poi:node/9051225971
Мілявічы|остановка транспорта|||53.2792371|24.8684943|||[]||||[]|osm_poi:node/9051641985
Мілявічы|остановка транспорта|||53.2798195|24.8706836|||[]||||[]|osm_poi:node/9051641986
Остановка|остановка транспорта|||53.2743532|24.8560958|||[]||||[]|osm_poi:node/9051676235
Остановка|остановка транспорта|||53.1177588|24.0240231|||[]||||[]|osm_poi:node/9053154765
Остановка|остановка транспорта|||53.6218443|23.8648846|||[]||||[]|osm_poi:node/9058065116
вуліца Старамалышчынская|остановка транспорта|||53.720643|23.8875347|||[]||||[]|osm_poi:node/9062906561
вуліца Паркавая|остановка транспорта|||53.0891363|25.3900022|||[]||||[]|osm_poi:node/9076441675
Остановка|остановка транспорта|||53.4537073|24.2243224|||[]||||[]|osm_poi:node/9076687440
Остановка|остановка транспорта|||54.3831923|25.7667107|||[]||||[]|osm_poi:node/9129405759
Остановка|остановка транспорта|||54.3821069|25.764255|||[]||||[]|osm_poi:node/9129405760
Дворищанский Вольный Мельник|ресторан|||53.9975777|25.3858497|||[]||||[]|osm_poi:node/9130502187
Ельня|остановка транспорта|||53.8365146|25.5420395|||[]||||[]|osm_poi:node/9141499928
SushiHome|кафе|||53.6687281|23.8243266|||[]|Mo-Th 11:30-22:00; Fr-Su 11:00-23:00|||[]|osm_poi:node/9171366113
Остановка|остановка транспорта|||54.5536509|26.6206271|||[]||||[]|osm_poi:node/9173399398
Остановка|остановка транспорта|||54.5545035|26.6212828|||[]||||[]|osm_poi:node/9173399399
Остановка|остановка транспорта|||54.6433154|26.5177316|||[]||||[]|osm_poi:node/9174002168
Остановка|остановка транспорта|||53.7801152|23.7851612|||[]||||[]|osm_poi:node/9178794205
Остановка|остановка транспорта|||53.7799851|23.783649|||[]||||[]|osm_poi:node/9178794208
Остановка|остановка транспорта|||53.3422074|25.4475707|||[]||||[]|osm_poi:node/9192996094
Остановка|остановка транспорта|||53.3597596|25.5052033|||[]||||[]|osm_poi:node/9193095452
Остановка|остановка транспорта|||53.3591177|25.5037576|||[]||||[]|osm_poi:node/9193095453
Остановка|остановка транспорта|||53.3677272|25.5196497|||[]||||[]|osm_poi:node/9193095458
Остановка|остановка транспорта|||53.3665397|25.5170748|||[]||||[]|osm_poi:node/9193095460
Туалет|туалет|||54.2618131|25.3625991|||[]||||[]|osm_poi:node/9202792179
Остановка|остановка транспорта|||53.1777355|25.2660777|||[]||||[]|osm_poi:node/9204360066
Остановка|остановка транспорта|||53.1781141|25.2662466|||[]||||[]|osm_poi:node/9204360068
Туалет|туалет|||54.2612707|25.363545|||[]||||[]|osm_poi:node/9206265508
Остановка|остановка транспорта|||53.3375343|24.9014783|||[]||||[]|osm_poi:node/9206985210
Остановка|остановка транспорта|||53.3374078|24.9018216|||[]||||[]|osm_poi:node/9206985211
Туалет|туалет|||53.6724946|23.8002042|||[]||||[]|osm_poi:node/9210657945
Туалет|туалет|||54.2627952|25.3662802|||[]||||[]|osm_poi:node/9212208797
Туалет|туалет|||54.2630005|25.366554|||[]||||[]|osm_poi:node/9212208798
п.Юбілейны|остановка транспорта|||53.2637739|24.564726|||[]||||[]|osm_poi:node/9219262403
п.Юбілейны|остановка транспорта|||53.2634971|24.5652057|||[]||||[]|osm_poi:node/9219262404
Дубы|гостиница|||53.6351178|23.7271315|||[]||||[]|osm_poi:node/9221661357
Остановка|остановка транспорта|||53.6071435|23.7152714|||[]||||[]|osm_poi:node/9234935916
Остановка|остановка транспорта|||53.6076145|23.7147322|||[]||||[]|osm_poi:node/9234993717
с/т Гай|остановка транспорта|||53.6101209|23.7128064|||[]||||[]|osm_poi:node/9234993719
вуліца Багушоўская|остановка транспорта|||53.7189561|23.8840702|||[]||||[]|osm_poi:node/9239969983
Mak.by|кафе|||53.6496994|23.8534507|||[]|Mo-Su 09:00-23:00|||[]|osm_poi:node/9240748675
Туалет|туалет|||53.6495848|23.8539112|||[]||||[]|osm_poi:node/9240748676
вуліца Паркавая|остановка транспорта|||54.6190406|25.9687712|||[]||||[]|osm_poi:node/9241646059
Туалет|туалет|||54.4208951|26.5420334|||[]||no||[]|osm_poi:node/9248721157
Макаравай-2|остановка транспорта|||53.7192176|23.8825412|||[]||||[]|osm_poi:node/9251264617
Грандзічы-3|остановка транспорта|||53.7232965|23.8852661|||[]||||[]|osm_poi:node/9251264717
Заўжды цікаVа|кафе|||53.665019|23.7840644|||[]|24/7|||[]|osm_poi:node/9253367376
Остановка|остановка транспорта|||54.3807702|26.0045643|||[]||||[]|osm_poi:node/9270305046
Остановка|остановка транспорта|||54.3646354|26.078372|||[]||||[]|osm_poi:node/9270381143
Pizza Truck.30cm|кафе|||53.6971288|23.9422817|||[]||||[]|osm_poi:node/9282883552
Пышки|кафе|||53.6884419|23.7884737|||[]||||[]|osm_poi:node/9284030792
Место вкусных разговоров|кафе|||53.6806528|23.8305315|||[]|Mo-Su 12:00-22:00|||[]|osm_poi:node/9325470420
Хлебазавод|остановка транспорта|||53.5934451|24.2427572|||[]||||[]|osm_poi:node/9330779989
Заўжды цікаVа|кафе||Гродна|53.6463847|23.8304024|||[]|24/7|||[]|osm_poi:node/9330854021
Pizzabox|кафе|||53.6569229|23.8415928|||[]||||[]|osm_poi:node/9358429626
Грандзічы-2|остановка транспорта|||53.7167781|23.8669128|||[]||||[]|osm_poi:node/9363750347
Забава|кафе|||53.6571072|23.8407791|||[]|Mo-Su 09:00-22:00|||[]|osm_poi:node/9369965766
Забава|кафе|||53.6658178|23.787283|||[]|Mo-Su 09:00-22:00|||[]|osm_poi:node/9369965767
Забава|кафе|||53.6711321|23.8660567|||[]|Mo-Su 09:00-21:00|||[]|osm_poi:node/9369981532
Остановка|остановка транспорта|||53.9083911|25.2596927|||[]||||[]|osm_poi:node/9383206402
вуліца Максіма Танка|остановка транспорта|||53.9074103|25.2520503|||[]||||[]|osm_poi:node/9383206405
Terra Pizza|ресторан|||53.649845|23.8552349|||[]|Mo-Su 10:00-23:00|||[]|osm_poi:node/9386677076
Остановка|остановка транспорта|||54.226089|26.0415287|||[]||||[]|osm_poi:node/9387840591
Остановка|остановка транспорта|||54.1956705|26.0850731|||[]||||[]|osm_poi:node/9387840594
Остановка|остановка транспорта|||54.3031069|26.154509|||[]||||[]|osm_poi:node/9387922916
Остановка|остановка транспорта|||54.2838753|26.164083|||[]||||[]|osm_poi:node/9387993017
Остановка|остановка транспорта|||54.3023039|26.1546371|||[]||||[]|osm_poi:node/9387993020
Остановка|остановка транспорта|||53.4128586|26.0608002|||[]||||[]|osm_poi:node/9392117203
Остановка|остановка транспорта|||53.4126907|26.0606223|||[]||||[]|osm_poi:node/9392117204
Туалет|туалет|||53.6782511|23.8875699|||[]||||[]|osm_poi:node/9392646464
Остановка|остановка транспорта|||53.527162|26.0703307|||[]||||[]|osm_poi:node/9394001914
Аўтавакзал|остановка транспорта|||54.6062331|25.977425|||[]||||[]|osm_poi:node/9403501440
Остановка|остановка транспорта|||53.6780389|23.843949|||[]||||[]|osm_poi:node/9404916537
Остановка|остановка транспорта|||53.6781436|23.8432294|||[]||||[]|osm_poi:node/9404916538
Цэнтр|остановка транспорта|||54.6142997|25.9548569|||[]||||[]|osm_poi:node/9442793269
Остановка|остановка транспорта|||53.0694301|25.2180527|||[]||||[]|osm_poi:node/9470709136
Остановка|остановка транспорта|||53.0691746|25.2173245|||[]||||[]|osm_poi:node/9470709138
Ферма|кафе|||53.7014065|23.8338843|||[]|Su-Th 10:00-21:00; Fr-Sa 10:00-22:00|||[]|osm_poi:node/9476474951
Корнадзь|остановка транспорта|||52.8034587|24.4885978|||[]||||[]|osm_poi:node/9497492813
Остановка|остановка транспорта|||53.1180784|23.974533|||[]||||[]|osm_poi:node/9497843831
VS Design Hotel|гостиница|||53.6800394|23.8323282|||[]||||[]|osm_poi:node/9501523755
вуліца Максіма Танка|остановка транспорта|||53.9072061|25.2585393|||[]||||[]|osm_poi:node/9501976848
Тандыр|кафе|||53.6888357|23.8443393|||[]||||[]|osm_poi:node/9533038734
Канечная|остановка транспорта|||54.5980298|25.9778836|||[]||||[]|osm_poi:node/9538434253
крама Родны кут|остановка транспорта|||53.8985013|25.2517493|||[]||||[]|osm_poi:node/9540274405
Остановка|остановка транспорта|||53.6937238|24.0621331|||[]||||[]|osm_poi:node/9556393331
Туалет|туалет|||53.6782353|23.8262017|||[]|Mo-Su 09:00-23:00|||[]|osm_poi:node/9558266113
Туалет|туалет|||53.677507|23.8307655|||[]|Mo-Fr 08:00-22:00; Sa-Su 09:00-22:00|||[]|osm_poi:node/9558266115
Туалет|туалет|||53.6784171|23.8314265|||[]||||[]|osm_poi:node/9558266116
Туалет|туалет|||53.6842871|23.8418801|||[]|Mo-Su 07:30-20:00|||[]|osm_poi:node/9558287218
Туалет|туалет|||53.6865383|23.848453|||[]||yes||[]|osm_poi:node/9558287219
Туалет|туалет|||53.6750101|23.8401641|||[]||||[]|osm_poi:node/9558287220
вуліца Машэрава|остановка транспорта|||53.8745329|25.2813959|||[]||||[]|osm_poi:node/9567680939
Punkroll|кафе|||53.6807725|23.8272346|||[]|Mo-Th 11:00-22:30; Fr 11:00-23:30; Sa 12:00-23:30; Su 12:00-22:30|||[]|osm_poi:node/9589767742
Пышки|ресторан|||53.6894245|23.8002932|||[]|"11:00-16:00 ""Breakfast""; 11:00-23:00 ""Main menu"""|||[]|osm_poi:node/9589786690
Капибара|кафе|||53.6753895|23.8494869|||[]|Mo-Su 10:30-22:00|||[]|osm_poi:node/9589817984
Золотой теленок|кафе|||53.7125557|23.8500741|||[]|Mo-Su 10:00-20:00|||[]|osm_poi:node/9597164915
Ягода|кафе|||53.6781532|23.8367235|||[]|Mo-Su 10:00-21:00|||[]|osm_poi:node/9601865061
Тепло|кафе|||53.6805358|23.8275719|||[]|Su-Th 09:00-22:00; Fr-Sa 09:00-23:00|||[]|osm_poi:node/9612434492
Тэмпл|кафе|||53.6766049|23.828198|||[]|Su-Th 08:00-23:00; Fr-Sa 08:00-00:00|||[]|osm_poi:node/9612544324
Остановка|остановка транспорта|||53.0975501|24.5484799|||[]||||[]|osm_poi:node/9622032145
Рупейкі|остановка транспорта|||53.0949011|24.4999442|||[]||||[]|osm_poi:node/9622032163
Рупейкі|остановка транспорта|||53.0948165|24.498978|||[]||||[]|osm_poi:node/9622032165
Остановка|остановка транспорта|||53.28034|24.3932064|||[]||||[]|osm_poi:node/9624782221
Остановка|остановка транспорта|||53.2806969|24.3927437|||[]||||[]|osm_poi:node/9624782258
вуліца Аульская|остановка транспорта|||53.6723753|23.9534538|||[]||||[]|osm_poi:node/9626791893
Мікрараён №3|остановка транспорта|||54.6022016|25.9752873|||[]||||[]|osm_poi:node/9626903395
Остановка|остановка транспорта|||54.5988393|25.9787714|||[]||||[]|osm_poi:node/9626903396
Больцішкі|остановка транспорта|||53.9386697|25.0396661|||[]||||[]|osm_poi:node/9627409388
Славянка|кафе|||53.9395153|25.0425515|||[]||||[]|osm_poi:node/9627409394
Калона|остановка транспорта|||53.2264188|24.8251721|||[]||||[]|osm_poi:node/9629691470
Туалет|туалет|||53.1160487|23.9831486|||[]||||[]|osm_poi:node/9646958715
Туалет|туалет|||53.1165599|23.9857343|||[]||||[]|osm_poi:node/9646986621
Туалет|туалет|||53.1154438|23.9863285|||[]||||[]|osm_poi:node/9646986622
Туалет|туалет|||53.1157739|23.9814746|||[]||||[]|osm_poi:node/9646986623
Туалет|туалет|||53.1145362|23.9846865|||[]||||[]|osm_poi:node/9646986624
Сурынка|остановка транспорта|||52.9756621|25.2158675|||[]||||[]|osm_poi:node/9648054753
Остановка|остановка транспорта|||53.5912072|25.8807835|||[]||||[]|osm_poi:node/9649205242
Остановка|остановка транспорта|||53.4925316|25.7111705|||[]||||[]|osm_poi:node/9651142663
Остановка|остановка транспорта|||53.4924899|25.711899|||[]||||[]|osm_poi:node/9651142664
У Груши|гостиница|||53.6797772|23.8325407|||[]|24/7|||[]|osm_poi:node/9654365063
Остановка|остановка транспорта|||53.803028|24.1823322|||[]||||[]|osm_poi:node/9660738230
Остановка|остановка транспорта|||53.5892637|26.1744033|||[]||||[]|osm_poi:node/9665282139
Остановка|остановка транспорта|||53.5897668|26.1755405|||[]||||[]|osm_poi:node/9665282140
Остановка|остановка транспорта|||53.6507699|26.1699387|||[]||||[]|osm_poi:node/9665478578
Остановка|остановка транспорта|||53.1697641|24.434341|||[]||||[]|osm_poi:node/9667665975
вуліца 17 Верасня|остановка транспорта|||53.9058772|25.2598885|||[]||||[]|osm_poi:node/9671472136
Остановка|остановка транспорта|||53.9047005|25.2593092|||[]||||[]|osm_poi:node/9671472149
Cofix|кафе|||53.6808167|23.8306763|||[]|Mo-Su 08:00-23:00|||[]|osm_poi:node/9702552631
Cofix|кафе|||53.676163|23.8431962|||[]|Mo-Su 08:00-21:00|||[]|osm_poi:node/9702552632
вуліца 17 Верасня|остановка транспорта|||53.9048565|25.260677|||[]||||[]|osm_poi:node/9708483809
Остановка|остановка транспорта|||53.2841086|24.1419518|||[]||||[]|osm_poi:node/9718183522
Остановка|остановка транспорта|||53.2852583|24.1443229|||[]||||[]|osm_poi:node/9718183524
Туалет|туалет|||53.7110756|23.8589836|||[]||no||[]|osm_poi:node/9722466619
Остановка|остановка транспорта|||53.7188948|25.7982833|||[]||||[]|osm_poi:node/9735346863
Остановка|остановка транспорта|||53.7004415|25.8017769|||[]||||[]|osm_poi:node/9735848761
Остановка|остановка транспорта|||53.7010817|25.8019314|||[]||||[]|osm_poi:node/9735848762
Остановка|остановка транспорта|||53.6867605|25.8034001|||[]||||[]|osm_poi:node/9735860497
Остановка|остановка транспорта|||53.6875737|25.8036576|||[]||||[]|osm_poi:node/9735860498
Туалет|туалет|||53.6257222|23.8068347|||[]||||[]|osm_poi:node/9737669548
Заўжды цікаVа|кафе||Гродна|53.6679213|23.8747384|||[]|24/7|||[]|osm_poi:node/9737687007
Сталовая|кафе|||54.480424|26.3679056|||[]|"Mo-Fr 12:00-14:00 open ""Сталовая"" || Mo-Fr 08:00-17:00 open ""Буфет"""|||[]|osm_poi:node/9739231053
Навіцкія 2|остановка транспорта|||53.8346855|25.3489141|||[]||||[]|osm_poi:node/9744943692
Остановка|остановка транспорта|||53.7538912|23.7301349|||[]||||[]|osm_poi:node/9745917177
Остановка|остановка транспорта|||53.7634469|23.7133256|||[]||||[]|osm_poi:node/9749806777
Остановка|остановка транспорта|||53.0111798|25.027298|||[]||||[]|osm_poi:node/9753947564
Залацеева|остановка транспорта|||53.2428132|24.8147196|||[]||||[]|osm_poi:node/9754065033
СМСЛ|кафе||Ліда|53.8878378|25.2975672|||[]|Mo-Fr 08:00-23:00; Sa-Su 11:00-23:00|||[]|osm_poi:node/9807883684
Пончесса|кафе|||53.6496039|23.8536993|||[]||||[]|osm_poi:node/9808080356
Cofix|кафе|||53.6500741|23.8546854|||[]|Fr-Sa 10:00-23:00; Mo-Th,Su 10:00-22:00|||[]|osm_poi:node/9808080357
King Kong Waffles|кафе|||53.6500741|23.8545473|||[]||||[]|osm_poi:node/9808080358
CupCare|кафе|||53.8905366|25.2951963|||[]|Mo-Su 08:30-21:00|||[]|osm_poi:node/9813885742
Остановка|остановка транспорта|||53.6649264|23.9641163|||[]||||[]|osm_poi:node/9817183439
вуліца Аульская|остановка транспорта|||53.6705695|23.9526988|||[]||||[]|osm_poi:node/9817205542
Остановка|остановка транспорта|||53.8329297|24.0803525|||[]||||[]|osm_poi:node/9826451347
Вуліца Мытная|остановка транспорта|||53.716156|23.8766568|||[]||||[]|osm_poi:node/9829308424
Wok & Sushi|кафе|||53.649702|23.853352|||[]||||[]|osm_poi:node/9831099259
Каменная Русота|остановка транспорта|||53.7336014|23.9257214|||[]||||[]|osm_poi:node/9834193297
Остановка|остановка транспорта|||53.7623703|23.9400385|||[]||||[]|osm_poi:node/9834292041
Остановка|остановка транспорта|||53.7153285|23.8894238|||[]||||[]|osm_poi:node/9839440917
Остановка|остановка транспорта|||53.7198822|23.8901096|||[]||||[]|osm_poi:node/9839440918
Остановка|остановка транспорта|||53.7150555|23.8898037|||[]||||[]|osm_poi:node/9839441017
Остановка|остановка транспорта|||53.7200775|23.8905344|||[]||||[]|osm_poi:node/9839441020
Туалет|туалет|||53.9425228|26.14753|||[]||||[]|osm_poi:node/9840891351
Туалет|туалет|||53.1222171|23.8985046|||[]||no||[]|osm_poi:node/9844429537
вуліца Клары Цэткін|остановка транспорта|||53.421639|24.5470592|||[]||||[]|osm_poi:node/9858668218
вуліца Клары Цэткін|остановка транспорта|||53.421521|24.5486666|||[]||||[]|osm_poi:node/9858668219
Остановка|остановка транспорта|||52.9860227|25.3266011|||[]||||[]|osm_poi:node/9860950458
Остановка|остановка транспорта|||52.9870535|25.3280903|||[]||||[]|osm_poi:node/9860950459
Туалет|туалет|||53.6958715|23.7738531|||[]||||[]|osm_poi:node/9867589226
Туалет|туалет|||53.6958173|23.7738563|||[]||||[]|osm_poi:node/9867589227
Туалет|туалет|||53.6959282|23.7738488|||[]||||[]|osm_poi:node/9867589228
Туалет|туалет|||53.6959578|23.7737913|||[]||||[]|osm_poi:node/9867589229
Атмосфера|кафе||Смаргонь|54.4819032|26.3961112|||[]|10:00-22:00|||[]|osm_poi:node/9874067154
Санаторый Парэчча|остановка транспорта|||53.8856646|24.1419792|||[]||||[]|osm_poi:node/9878895085
Туалет|туалет|||54.4828531|26.357168|||[]||||[]|osm_poi:node/9880798900
izi_kebab|кафе||Смаргонь|54.4815617|26.3936316|||[]|Mo-Th,Su 10:00-22:00; Fr-Sa 10:00-23:00|||[]|osm_poi:node/9881051545
вуліца Заслонава|остановка транспорта|||54.474584|26.3665881|||[]||||[]|osm_poi:node/9881561012
вуліца Заслонава|остановка транспорта|||54.4743803|26.3666427|||[]||||[]|osm_poi:node/9881561013
Like Pizza|кафе|||53.7165881|23.8106882|||[]|11:00-23:00|||[]|osm_poi:node/9885466220
Вуліца Мытная|остановка транспорта|||53.716708|23.8784041|||[]||||[]|osm_poi:node/9892447783
1128|кафе|||53.6806839|23.8273352|||[]|Mo-Th 12:00-23:00; Fr-Sa 12:00-01:00; Su 12:00-23:00|||[]|osm_poi:node/9897719687
ВЗЛА|остановка транспорта|||53.156288|24.460578|||[]||||[]|osm_poi:node/9909223225
Туалет|туалет|||53.6663095|23.940261|||[]||||[]|osm_poi:node/9915621028
Туалет|туалет|||53.7146752|23.7701437|||[]||||[]|osm_poi:node/9921052017
Туалет|туалет|||53.0998382|25.3358191|||[]||||[]|osm_poi:node/9923816379
Mafia Pizza|кафе|||53.6481999|23.8446423|||[]|Mo-Su 11:00-22:20|||[]|osm_poi:node/9933541310
Тунец|кафе|||53.6482667|23.8447844|||[]|Mo-Su 10:00-23:20|||[]|osm_poi:node/9933541311
Hot Dog Family|кафе|||53.6876228|23.8350734|||[]|Mo-Fr 11:00-21:00|||[]|osm_poi:node/9938187419
Туалет|туалет|||53.0893615|25.3969544|||[]|24/7|no||[]|osm_poi:node/9951049825
Остановка|остановка транспорта|||53.0271726|25.0614774|||[]||||[]|osm_poi:node/9954159471
Остановка|остановка транспорта|||53.0269306|25.0607318|||[]||||[]|osm_poi:node/9954159473
Сялявічы|остановка транспорта|||53.0170899|25.0221133|||[]||||[]|osm_poi:node/9954159535
Остановка|остановка транспорта|||52.9422182|25.0303665|||[]||||[]|osm_poi:node/9954222429
Остановка|остановка транспорта|||52.9430361|25.0321904|||[]||||[]|osm_poi:node/9954222431
Остановка|остановка транспорта|||52.9717244|25.2132288|||[]||||[]|osm_poi:node/9954804239
Остановка|остановка транспорта|||52.9714465|25.2127218|||[]||||[]|osm_poi:node/9954804240
Остановка|остановка транспорта|||52.9554816|25.2050775|||[]||||[]|osm_poi:node/9954804250
Остановка|остановка транспорта|||52.9547375|25.2041669|||[]||||[]|osm_poi:node/9954804257
Остановка|остановка транспорта|||52.9447526|25.1870477|||[]||||[]|osm_poi:node/9954804260
Остановка|остановка транспорта|||52.9432656|25.1841697|||[]||||[]|osm_poi:node/9954804266
Остановка|остановка транспорта|||52.9311496|25.1708794|||[]||||[]|osm_poi:node/9954804273
Падлессе|остановка транспорта|||52.9056764|25.1466456|||[]||||[]|osm_poi:node/9954804335
Падлессе|остановка транспорта|||52.9048668|25.1456036|||[]||||[]|osm_poi:node/9954804337
Вуглі|ресторан||Гродна|53.6833409|23.8407309|||[]|12:00-00:00|||[]|osm_poi:node/9962630180
Sant Michele|ресторан|||53.6721433|23.8346648|||[]|Su-Th 09:00-23:00; Fr-Sa 09:00-01:00|||[]|osm_poi:node/9962694640
Suzette|кафе|||53.6764541|23.8281816|||[]|Mo-Su 10:00-22:00|||[]|osm_poi:node/9969323184
Цэнтр|остановка транспорта|||54.6147816|25.9564193|||[]||||[]|osm_poi:node/9975749361
Грандзічы-4|остановка транспорта|||53.7269294|23.8753415|||[]||||[]|osm_poi:node/9986959989
Грандзічы-4|остановка транспорта|||53.7267721|23.8771271|||[]||||[]|osm_poi:node/9986959990
Остановка|остановка транспорта|||54.5242204|26.0833535|||[]||||[]|osm_poi:node/9987863684
Остановка|остановка транспорта|||54.2268109|26.0404642|||[]||||[]|osm_poi:node/9991113130
Александровские пироги|кафе|||53.6499461|23.8538693|||[]||||[]|osm_poi:node/9992468349
Shaw-Books|кафе|||53.7138742|23.850101|||[]|Mo-Su 11:00-23:00|||[]|osm_poi:node/9993387738
Туалет|туалет|||53.8808823|25.2959256|||[]||no||[]|osm_poi:node/9998253659
Гліняны 2|остановка транспорта|||53.6102147|24.2915886|||[]||||[]|osm_poi:node/9999149620
Гліняны|остановка транспорта|||53.6106799|24.2932524|||[]||||[]|osm_poi:node/9999149621
Всегда охота|кафе|||53.6828917|23.8333998|||[]|Mo-Fr 10:00-20:00; Sa 12:00-20:00; Su 12:00-18:00|||[]|osm_poi:node/10001795142
Хлебніца|кафе|||53.7210615|23.8649098|||[]|Mo-Su 10:00-21:00|||[]|osm_poi:node/10007313216
Остановка|остановка транспорта|||53.1973165|25.4614136|||[]||||[]|osm_poi:node/10020812870
Кумпяк|ресторан|||53.8874397|25.302439|||[]|Fr-Su 10:00-01:00|||[]|osm_poi:node/10023582518
Бранч|кафе|||53.6870959|23.8348135|||[]|Mo-Su 08:30-19:00|||[]|osm_poi:node/10029213258
Вуліца Багушоўская|остановка транспорта|||53.7183115|23.8816606|||[]||||[]|osm_poi:node/10044673397
Black Fox Coffee|кафе|||53.7078315|23.8412863|||[]|Mo-Fr 09:00-22:00; Sa,Su 10:00-22:00|||[]|osm_poi:node/10047055058
Pro-жарка|кафе|||53.688469|23.7888614|||[]|Mo-Su 11:30-20:30|||[]|osm_poi:node/10081423257
Жёлтый|кафе|||53.6787268|23.8296076|||[]|Mo-Th 08:00-22:00; Fr 08:00-23:00; Sa 09:00-23:00; Su 09:00-22:00|||[]|osm_poi:node/10081438122
Саяпіна-2|остановка транспорта|||53.7247768|23.8726324|||[]||||[]|osm_poi:node/10084982389
Саяпіна-2|остановка транспорта|||53.7242769|23.8707856|||[]||||[]|osm_poi:node/10084982390
Буржуйка|кафе|||53.675129|23.7745918|||[]|Mo-Su 12:00-21:00|||[]|osm_poi:node/10089413598
Луды|остановка транспорта|||54.2910933|25.803623|||[]||||[]|osm_poi:node/10101342330
Тропикана|кафе|||53.7020522|23.8163295|||[]|Mo-Tu off; We-Fr 15:00-21:30; Sa-Su 12:00-21:30|||[]|osm_poi:node/10103000711
Чашчаўляны|остановка транспорта|||53.7308703|23.9108799|||[]||||[]|osm_poi:node/10107118555
Гелена|гостиница|||53.7459422|23.9733199|||[]||||[]|osm_poi:node/10108993155
Остановка|остановка транспорта|||53.7217257|24.8245744|||[]||||[]|osm_poi:node/10111540527
Остановка|остановка транспорта|||53.0914884|25.2964316|||[]||||[]|osm_poi:node/10114222962
Остановка|остановка транспорта|||53.0910726|25.2953817|||[]||||[]|osm_poi:node/10114222968
Крепкий Белый|кафе|||53.6781542|23.8273519|||[]|Mo-Su 08:00-23:00|||[]|osm_poi:node/10121118773
Остановка|остановка транспорта|||53.6208719|23.9789486|||[]||||[]|osm_poi:node/10127641944
Халяль|ресторан|||53.6778321|23.833622|||[]|Mo-Su 10:00-22:00|||[]|osm_poi:node/10132909717
Навасёлкі|остановка транспорта|||52.8605979|24.3507886|||[]||||[]|osm_poi:node/10134903959
Туалет|туалет|||53.6930195|23.8253969|||[]||yes||[]|osm_poi:node/10137761068
Остановка|остановка транспорта|||53.6714566|23.8874436|||[]||||[]|osm_poi:node/10138118419
праспект Касманаўтаў|остановка транспорта|||53.6721258|23.8863233|||[]||||[]|osm_poi:node/10138118439
Гродна Азот|остановка транспорта|||53.6726046|23.8889165|||[]||||[]|osm_poi:node/10155322774
Праспект Курловіча|остановка транспорта|||53.7258003|23.8802441|||[]||||[]|osm_poi:node/10167498089
Грандзічы-3|остановка транспорта|||53.7240776|23.8839117|||[]||||[]|osm_poi:node/10167498090
Остановка|остановка транспорта|||53.1253999|24.0604904|||[]||||[]|osm_poi:node/10168666006
Кватары|остановка транспорта|||53.1269281|24.0714379|||[]||||[]|osm_poi:node/10168666440
Остановка|остановка транспорта|||53.532474|24.0409348|||[]||||[]|osm_poi:node/10185919625
Будзёнаўка|остановка транспорта|||54.4257759|25.899167|||[]||||[]|osm_poi:node/10204562065
Остановка|остановка транспорта|||54.305196|26.4670578|||[]||||[]|osm_poi:node/10206650392
KFC|кафе|||53.8973897|25.3227959|||[]|Mo-Su 10:00-22:00|||[]|osm_poi:node/10219090343
Додо пицца|кафе|||53.8974096|25.3228864|||[]||||[]|osm_poi:node/10220861980
Бургер Кинг|кафе|||53.8973733|25.3227216|||[]|10:00-22:00|||[]|osm_poi:node/10220861981
Остановка|остановка транспорта|||53.5589796|24.5949913|||[]||||[]|osm_poi:node/10226176185
Остановка|остановка транспорта|||53.570733|24.5765024|||[]||||[]|osm_poi:node/10233467757
Остановка|остановка транспорта|||53.5708617|24.5777221|||[]||||[]|osm_poi:node/10233467758
Остановка|остановка транспорта|||53.7090086|24.8190784|||[]||||[]|osm_poi:node/10233544144
Остановка|остановка транспорта|||53.7097791|24.8195698|||[]||||[]|osm_poi:node/10233544145
Остановка|остановка транспорта|||53.6378656|25.8133821|||[]||||[]|osm_poi:node/10235709381
Остановка|остановка транспорта|||54.3082401|26.3730399|||[]||||[]|osm_poi:node/10238226546
Остановка|остановка транспорта|||54.3001934|26.331785|||[]||||[]|osm_poi:node/10238226778
Байбы|остановка транспорта|||54.41272|26.4426423|||[]||||[]|osm_poi:node/10240503386
Байбы|остановка транспорта|||54.4110554|26.4431578|||[]||||[]|osm_poi:node/10240503387
Остановка|остановка транспорта|||53.4857217|25.3529762|||[]||||[]|osm_poi:node/10242550684
Остановка|остановка транспорта|||54.2556209|26.3712076|||[]||||[]|osm_poi:node/10245093074
Остановка|остановка транспорта|||54.7223839|26.3744642|||[]||||[]|osm_poi:node/10247440773
Остановка|остановка транспорта|||54.7276574|26.3456421|||[]||||[]|osm_poi:node/10247440774
Остановка|остановка транспорта|||54.7287032|26.3450842|||[]||||[]|osm_poi:node/10247440775
Остановка|остановка транспорта|||53.6762423|23.8899948|||[]||||[]|osm_poi:node/10247630792
Остановка|остановка транспорта|||53.7121318|23.8868008|||[]||||[]|osm_poi:node/10259671263
Остановка|остановка транспорта|||53.712458|23.8863139|||[]||||[]|osm_poi:node/10259671264
Остановка|остановка транспорта|||53.717378|23.739211|||[]||||[]|osm_poi:node/10260416548
Слабсны|остановка транспорта|||54.4472717|26.3003384|||[]||||[]|osm_poi:node/10283068137
Слабсны|остановка транспорта|||54.4469382|26.2990085|||[]||||[]|osm_poi:node/10283068138
Гасцінічная мэбля|остановка транспорта|||53.093531|25.3600043|||[]||||[]|osm_poi:node/10284472779
вуліца Будаўнікоў|остановка транспорта|||53.0939155|25.3529772|||[]||||[]|osm_poi:node/10284472780
Гасцінічная мэбля|остановка транспорта|||53.0934785|25.3590144|||[]||||[]|osm_poi:node/10284472781
вуліца Будаўнікоў|остановка транспорта|||53.0938257|25.3524082|||[]||||[]|osm_poi:node/10284472782
Цывіншчына|остановка транспорта|||53.0943281|25.3757388|||[]||||[]|osm_poi:node/10284472783
Цывіншчына|остановка транспорта|||53.0942176|25.376636|||[]||||[]|osm_poi:node/10284472784
Мікрараён КПЗ|остановка транспорта|||53.0949409|25.3881861|||[]||||[]|osm_poi:node/10284472785
Идиллия|кафе||Слонім|53.0935582|25.3534524|||[]|12:00-4:00|||[]|osm_poi:node/10284491359
ДРБУ № 191|остановка транспорта|||53.0936606|25.3678588|||[]||||[]|osm_poi:node/10284676103
крама Дуэт|остановка транспорта|||53.073001|25.3975883|||[]||||[]|osm_poi:node/10285724036
вуліца Гагарына|остановка транспорта|||53.0915075|25.3464176|||[]||||[]|osm_poi:node/10292028115
7-ы пераезд|остановка транспорта|||53.0873267|25.3608937|||[]||||[]|osm_poi:node/10292028116
Гарпал|остановка транспорта|||53.0888884|25.3564604|||[]||||[]|osm_poi:node/10292028117
вуліца Мірошніка|остановка транспорта|||53.0904942|25.3519323|||[]||||[]|osm_poi:node/10292028118
вуліца Асфальтавая|остановка транспорта|||53.7180446|23.8588879|||[]||||[]|osm_poi:node/10294899631
Застава|кафе|||53.6719062|23.7995675|||[]|12:00-23:00|||[]|osm_poi:node/10297969860
Столовая|кафе|||53.6826491|23.839178|||[]|Mo-Fr 08:00-16:00; Sa,Su off|||[]|osm_poi:node/10300383009
Туалет|туалет|||53.9740313|26.3517792|||[]||||[]|osm_poi:node/10302493790
Туалет|туалет|||54.220885|26.1010065|||[]||||[]|osm_poi:node/10302499275
Гернікі|остановка транспорта|||53.416869|25.4121065|||[]||||[]|osm_poi:node/10536245133
Гернікі|остановка транспорта|||53.415525|25.4123936|||[]||||[]|osm_poi:node/10536245134
Кафе|кафе|||54.3107579|26.2845393|||[]||||[]|osm_poi:node/10555256242
Сейд-Найя|кафе|||54.3128657|26.2793514|||[]||||[]|osm_poi:node/10555324528
Остановка|остановка транспорта|||53.6995876|24.4175316|||[]||||[]|osm_poi:node/10568568380
Долина|ресторан|||53.6861873|23.8363154|||[]|Mo-Th,Su 10:00-22:00; Fr-Sa 10:00-23:00|||[]|osm_poi:node/10570539454
Туалет|туалет|||53.4512611|26.4732923|||[]||||[]|osm_poi:node/10572808229
Трудавая|остановка транспорта|||53.7472987|24.7003838|||[]||||[]|osm_poi:node/10574685822
Трудавая|остановка транспорта|||53.7475149|24.7033973|||[]||||[]|osm_poi:node/10574685823
Хлеб из тандыра|кафе|||53.6732751|23.8393817|||[]|Mo-Sa 09:00-16:00|||[]|osm_poi:node/10574720341
Вялікая Воля|остановка транспорта|||53.3789454|25.0416613|||[]||||[]|osm_poi:node/10579235629
Туалет|туалет|||53.7176654|23.6718816|||[]||||[]|osm_poi:node/10591391815
Остановка|остановка транспорта|||53.665744|24.7919359|||[]||||[]|osm_poi:node/10591420708
Станцыя пералівання крыві|остановка транспорта|||53.6450946|23.856131|||[]||||[]|osm_poi:node/10594242605
Shaurma.Mobil|кафе|||53.7059834|23.8404|||[]|11:00-20:00|||[]|osm_poi:node/10598280377
Праспект Курловіча|остановка транспорта|||53.7256011|23.8802617|||[]||||[]|osm_poi:node/10601961586
Сыраваткі|остановка транспорта|||54.6807992|26.4091215|||[]||||[]|osm_poi:node/10606562132
Сыраваткі|остановка транспорта|||54.6821481|26.4092002|||[]||||[]|osm_poi:node/10606562133
Аграсядзіба Віта|гостиница|||54.5237541|26.4195999|||[]||||[]|osm_poi:node/10611905700
Аграсядзіба «Каменная»|гостиница|||54.522103|26.4242741|||[]||||[]|osm_poi:node/10611913377
Аграсядзіба «Родны Кут»|гостиница|||54.5198206|26.4269961|||[]||||[]|osm_poi:node/10611932608
Аграсядзіба «Лясная»|гостиница|||54.5442619|26.4822041|||[]||||[]|osm_poi:node/10611944746
Остановка|остановка транспорта|||53.7272421|23.7465141|||[]||||[]|osm_poi:node/10678949994
Грандзічы-24|остановка транспорта|||53.7274014|23.8891214|||[]||||[]|osm_poi:node/10679172912
праспект Санфіравай|остановка транспорта|||53.7311288|23.884972|||[]||||[]|osm_poi:node/10679173109
Вішнева|остановка транспорта|||54.718097|26.5247844|||[]||||[]|osm_poi:node/10747913120
Краснаазёрнае|остановка транспорта|||54.731285|26.5334201|||[]||||[]|osm_poi:node/10747913140
Краснаазёрнае|остановка транспорта|||54.7333058|26.5337479|||[]||||[]|osm_poi:node/10747913142
Дубатоўка|остановка транспорта|||54.5946472|26.5093656|||[]||||[]|osm_poi:node/10748068602
Курчы|остановка транспорта|||54.6155906|26.5163338|||[]||||[]|osm_poi:node/10748078022
Курчы|остановка транспорта|||54.6180094|26.5170077|||[]||||[]|osm_poi:node/10748078024
Остановка|остановка транспорта|||54.6546662|26.5222245|||[]||||[]|osm_poi:node/10748078037
Остановка|остановка транспорта|||54.6569952|26.5220905|||[]||||[]|osm_poi:node/10748078039
Малінавая|остановка транспорта|||54.6645088|26.5204301|||[]||||[]|osm_poi:node/10748078051
Малінавая|остановка транспорта|||54.665241|26.5208956|||[]||||[]|osm_poi:node/10748078054
Остановка|остановка транспорта|||54.6870629|26.5228424|||[]||||[]|osm_poi:node/10748078083
Остановка|остановка транспорта|||54.6874936|26.5227072|||[]||||[]|osm_poi:node/10748078085
Інжынерная|остановка транспорта|||54.4886745|26.374827|||[]||||[]|osm_poi:node/10748462307
Інжынерная|остановка транспорта|||54.489254|26.3739038|||[]||||[]|osm_poi:node/10748462309
Заходні|остановка транспорта|||54.4855297|26.383178|||[]||||[]|osm_poi:node/10748462324
Сасноўка|остановка транспорта|||54.5334481|26.4333388|||[]||||[]|osm_poi:node/10748462451
Сасноўка|остановка транспорта|||54.5341107|26.4347423|||[]||||[]|osm_poi:node/10748462454
Остановка|остановка транспорта|||54.3557357|26.5310195|||[]||||[]|osm_poi:node/10750213381
Остановка|остановка транспорта|||54.3657708|26.5023842|||[]||||[]|osm_poi:node/10750214120
Остановка|остановка транспорта|||54.3664662|26.5014857|||[]||||[]|osm_poi:node/10750214123
Остановка|остановка транспорта|||54.3745115|26.4858672|||[]||||[]|osm_poi:node/10750214188
Остановка|остановка транспорта|||54.3756036|26.4832842|||[]||||[]|osm_poi:node/10750214195
Остановка|остановка транспорта|||54.3796654|26.4668933|||[]||||[]|osm_poi:node/10750214260
Остановка|остановка транспорта|||54.3804355|26.4663541|||[]||||[]|osm_poi:node/10750214262
Остановка|остановка транспорта|||54.3937864|26.4524603|||[]||||[]|osm_poi:node/10750214317
Остановка|остановка транспорта|||54.3944696|26.4524147|||[]||||[]|osm_poi:node/10750214319
Шутавічы|остановка транспорта|||54.4322269|26.4348851|||[]||||[]|osm_poi:node/10750214397
Шутавічы|остановка транспорта|||54.4326521|26.4344519|||[]||||[]|osm_poi:node/10750214399
Славия|гостиница|||53.6889896|23.8312339|||[]||||[]|osm_poi:node/10764668885
Остановка|остановка транспорта|||53.1710709|24.7750001|||[]||||[]|osm_poi:node/10771679058
Корнадзь|остановка транспорта|||52.8039338|24.4885334|||[]||||[]|osm_poi:node/10783763660
Чыгуначны вакзал|остановка транспорта|||53.5730196|24.2232898|||[]||||[]|osm_poi:node/10784215272
Остановка|остановка транспорта|||53.4543557|24.2351881|||[]||||[]|osm_poi:node/10784347995
Остановка|остановка транспорта|||53.4544691|24.2344317|||[]||||[]|osm_poi:node/10784347996
вуліца Катоўскага|остановка транспорта|||53.0865549|25.3407541|||[]||||[]|osm_poi:node/10819045100
Туалет|туалет|||53.672778|23.8904746|||[]||||[]|osm_poi:node/10820534346
Остановка|остановка транспорта|||53.5717952|23.8745159|||[]||||[]|osm_poi:node/10821581358
Маk.by Драйв|кафе|||53.6693835|23.8214573|||[]|24/7|||[]|osm_poi:node/10823728566
Cofix|кафе|||53.6886242|23.8455999|||[]|Mo-Su 08:00-23:00|||[]|osm_poi:node/10823728580
Cofix|кафе|||53.7015671|23.8335997|||[]|Mo-Tu,Th,Su 10:00-21:00; We,Fr-Sa 10:00-22:00|||[]|osm_poi:node/10823728581
паварот на Мыто|остановка транспорта|||53.8224137|25.1246887|||[]||||[]|osm_poi:node/10834533043
Ішчална|остановка транспорта|||53.6618549|24.884756|||[]||||[]|osm_poi:node/10844505775
Ішчална|остановка транспорта|||53.6621777|24.8855284|||[]||||[]|osm_poi:node/10844505776
Туалет|туалет|||53.2807993|24.5468712|||[]||||[]|osm_poi:node/10846084535
Туалет|туалет|||53.1590449|24.4723876|||[]||||[]|osm_poi:node/10846103810
Lcoffee|кафе|||53.6808315|23.8300885|||[]|Mo-Su 07:30-23:00|||[]|osm_poi:node/10856681488
Аграсядзіба квітнеючыя берагі|гостиница|||54.6195032|26.4468337|||[]||||[]|osm_poi:node/10859748916
Trdlo house|кафе|||53.6885656|23.7884311|||[]||||[]|osm_poi:node/10875782319
Туалет|туалет|||53.7090154|23.8050591|||[]||no||[]|osm_poi:node/10911531458
паварот на Першамайскі|остановка транспорта|||53.897979|25.4088315|||[]||||[]|osm_poi:node/10918033723
паварот на Першамайскі|остановка транспорта|||53.8980264|25.4066643|||[]||||[]|osm_poi:node/10918033727
Навіцкія-1|остановка транспорта|||53.8592059|25.3952166|||[]||||[]|osm_poi:node/10918033799
Остановка|остановка транспорта|||53.8450772|25.3777635|||[]||||[]|osm_poi:node/10918047054
Ёдкі|остановка транспорта|||53.8488369|25.363403|||[]||||[]|osm_poi:node/10918047075
Ёдкі|остановка транспорта|||53.8492499|25.3604418|||[]||||[]|osm_poi:node/10918047090
Навіцкія 2|остановка транспорта|||53.834032|25.3489995|||[]||||[]|osm_poi:node/10918047153
Бердаўка|остановка транспорта|||53.9253051|25.5108252|||[]||||[]|osm_poi:node/10918239211
паварот на Дакудава|остановка транспорта|||53.913161|25.4993319|||[]||||[]|osm_poi:node/10918239309
паварот на Дакудава|остановка транспорта|||53.9123663|25.4971205|||[]||||[]|osm_poi:node/10918239312
Сцеркава|остановка транспорта|||53.9051393|25.4680145|||[]||||[]|osm_poi:node/10918239416
Сцеркава|остановка транспорта|||53.9047|25.4664856|||[]||||[]|osm_poi:node/10918239428
Hotfix|кафе|||53.6501038|23.8542087|||[]|Mo-Su 09:00-23:00|||[]|osm_poi:node/10918305581
Старчаняты|остановка транспорта|||53.8915596|25.7928387|||[]||||[]|osm_poi:node/10921556786
паварот Раўбы|остановка транспорта|||53.7455127|24.9582664|||[]||||[]|osm_poi:node/10931858548
Novogas|гостиница|||53.5965982|25.8116442|||[]||||[]|osm_poi:node/10936489206
MakaRonin|кафе|||53.6869791|23.8345319|||[]|11:00-22:00|||[]|osm_poi:node/10940037605
Остановка|остановка транспорта|||53.5885868|24.6364197|||[]||||[]|osm_poi:node/10959502625
Остановка|остановка транспорта|||53.5885215|24.6379432|||[]||||[]|osm_poi:node/10959502626
Lamadjo pizza|кафе|||54.4788728|26.4188548|||[]|Mo-Th,Su 12:00-24:00; Fr-Sa 12:00-01:00|||[]|osm_poi:node/10963781305
Аварыйна-выратавальная часць|остановка транспорта|||53.7232417|23.8679869|||[]||||[]|osm_poi:node/10997231752
Soy|ресторан|||53.6811879|23.8284364|||[]|Mo-Su 10:00-22:00|||[]|osm_poi:node/10997747453
Паперня-2|остановка транспорта|||53.7766396|24.9933046|||[]||||[]|osm_poi:node/11005803058
Паперня-2|остановка транспорта|||53.7767724|24.9929365|||[]||||[]|osm_poi:node/11005803059
Сямейкі|остановка транспорта|||53.8147057|24.9851318|||[]||||[]|osm_poi:node/11005957268
Алиот|кафе|||53.6813972|23.8315585|||[]||||[]|osm_poi:node/11010890518
Кронан Парк Атэль|гостиница||Гродна|53.6805787|23.7874639|||[]|24/7|||[]|osm_poi:node/11016648967
Boboli|ресторан|||53.6781593|23.827594|||[]|Mo-Th 09:00-00:00; Fr-Su 09:00-01:00|||[]|osm_poi:node/11022236909
вуліца Брэсцкая|остановка транспорта|||53.081475|25.2909375|||[]||||[]|osm_poi:node/11029686610
Дзіцячы сад|остановка транспорта|||53.0733824|25.2974658|||[]||||[]|osm_poi:node/11029686613
Остановка|остановка транспорта|||53.0882181|25.4767391|||[]||||[]|osm_poi:node/11030202666
Остановка|остановка транспорта|||53.0946655|25.4749844|||[]||||[]|osm_poi:node/11030202671
Shaurma.Mobil|кафе|||53.7059369|23.8406759|||[]|11:00-20:00|||[]|osm_poi:node/11033803491
Shawarma Center|кафе|||53.7205317|23.8638661|||[]|Mo-Su 11:00-23:00|||[]|osm_poi:node/11035476453
Мілуці|остановка транспорта|||54.6090883|26.5601694|||[]||||[]|osm_poi:node/11037819061
Мілуці|остановка транспорта|||54.6095772|26.559984|||[]||||[]|osm_poi:node/11037819063
Остановка|остановка транспорта|||54.6262682|26.5511868|||[]||||[]|osm_poi:node/11037819066
Няхведы|остановка транспорта|||54.6371523|26.5485259|||[]||||[]|osm_poi:node/11037819069
Свяцілавічы|остановка транспорта|||54.6572023|26.5425204|||[]||||[]|osm_poi:node/11037819072
Свяцілавічы|остановка транспорта|||54.6576283|26.5428168|||[]||||[]|osm_poi:node/11037819074
Остановка|остановка транспорта|||54.6699266|26.5481068|||[]||||[]|osm_poi:node/11037819076
Остановка|остановка транспорта|||54.6703491|26.5482934|||[]||||[]|osm_poi:node/11037819077
Остановка|остановка транспорта|||53.6975266|26.1786645|||[]||||[]|osm_poi:node/11048985599
Остановка|остановка транспорта|||53.7620644|25.9126303|||[]||||[]|osm_poi:node/11049033711
Экасядзіба Навусць|гостиница|||53.9229597|26.3268154|||[]||||[]|osm_poi:node/11055694579
Остановка|остановка транспорта|||54.5923907|25.9721301|||[]||||[]|osm_poi:node/11078183166
Остановка|остановка транспорта|||54.5928494|25.9652015|||[]||||[]|osm_poi:node/11078232062
Остановка|остановка транспорта|||54.5857617|25.9767747|||[]||||[]|osm_poi:node/11078232063
Ельня|остановка транспорта|||53.8385761|25.5426912|||[]||||[]|osm_poi:node/11079406426
Анацкі|остановка транспорта|||53.8685143|25.5517155|||[]||||[]|osm_poi:node/11079406429
Анацкі|остановка транспорта|||53.8662621|25.5508867|||[]||||[]|osm_poi:node/11079406430
Туалет|туалет|||54.0119791|25.9017731|||[]||||[]|osm_poi:node/11080825828
Заўжды цікаVа|кафе|||54.0119339|25.9017847|||[]|Mo-Su 06:00-22:00|||[]|osm_poi:node/11080825829
Остановка|остановка транспорта|||54.0439473|25.7928783|||[]||||[]|osm_poi:node/11091725763
Хюгге централ|кафе|||53.8936783|25.2985058|||[]|Mo-Fr 08:00-22:30; Su,Sa 09:00-22:30|||[]|osm_poi:node/11093139005
Чебурекми|кафе|||53.6769437|23.8391907|||[]|10:00-22:00|||[]|osm_poi:node/11125250783
Vashi Guli|кафе|||53.8913089|25.3063776|||[]||||[]|osm_poi:node/11129175103
Туалет|туалет|||53.7166682|23.8384763|||[]|Mo-Th,Sa-Su 08:00-21:00; Fr 08:00-22:00|||[]|osm_poi:node/11148095831
Гальшанская гміна|гостиница|||54.2559394|26.0149773|||[]||||[]|osm_poi:node/11148266901
Остановка|остановка транспорта|||53.7065346|23.6456965|||[]||||[]|osm_poi:node/11152959929
Туалет|туалет|||53.7019508|23.8343637|||[]||||[]|osm_poi:node/11161536122
Туалет|туалет|||53.940221|23.9659709|||[]||||[]|osm_poi:node/11162414134
Семолина|кафе|||53.679786|23.8306394|||[]|Mo-Th 12:00-23:00; Fr-Sa 12:00-01:00; Su 12:00-00:00|||[]|osm_poi:node/11179469177
Pon-Pushka|кафе|||53.6496566|23.8537055|||[]||||[]|osm_poi:node/11186309806
Кошкин дом|кафе|||53.6826624|23.8314569|||[]||yes||[]|osm_poi:node/11194804787
Газанапаўняльная станцыя|остановка транспорта|||53.8642091|25.2343559|||[]||||[]|osm_poi:node/11221812233
Шаурма|кафе|||53.5690388|26.1445281|||[]||||[]|osm_poi:node/11222453937
Гасцявы дом|гостиница|||53.4306962|26.0979183|||[]||||[]|osm_poi:node/11222937146
Гасцявы дом|гостиница|||53.4304531|26.0978894|||[]||||[]|osm_poi:node/11222937744
Туалет|туалет|||53.5692569|26.1448385|||[]||yes||[]|osm_poi:node/11223333840
Туалет|туалет|||53.5534974|26.1522135|||[]||||[]|osm_poi:node/11223333841
Зал торжеств «Родные пенаты»|кафе|||53.5757838|26.1424654|||[]||||[]|osm_poi:node/11223369540
Time|кафе|||53.7204456|23.8639193|||[]|Mo-Su 12:00-22:00|||[]|osm_poi:node/11228866541
Свяцкі Бровар|ресторан|||53.7981119|23.6640312|||[]|Fr-Su 12:00-22:00|||[]|osm_poi:node/11235393067
Свяцкі Палац|гостиница|||53.7969918|23.6606471|||[]||||[]|osm_poi:node/11235393068
Культура|кафе|||53.679441|23.8299227|||[]|Su-Th 08:00-00:00; Fr-Sa 08:00-01:00|||[]|osm_poi:node/11247009489
Булочная|кафе|||53.6779396|23.843612|||[]|Mo-Su 07:00-20:00|||[]|osm_poi:node/11251354488
Остановка|остановка транспорта|||54.1580181|25.9056674|||[]||||[]|osm_poi:node/11265442206
Дом правасуддзя|остановка транспорта|||54.4848945|26.4028183|||[]||||[]|osm_poi:node/11291558970
Лясгас|остановка транспорта|||54.4797565|26.3844129|||[]||||[]|osm_poi:node/11291558971
аўтавакзал Смаргонь|остановка транспорта|||54.4780451|26.3731814|||[]||||[]|osm_poi:node/11291558972
Электрасеткі|остановка транспорта|||54.4791666|26.4185598|||[]||||[]|osm_poi:node/11291583869
2-я школа|остановка транспорта|||54.4825192|26.411777|||[]||||[]|osm_poi:node/11291583870
Плошча|остановка транспорта|||54.4810054|26.4024238|||[]||||[]|osm_poi:node/11291583871
Магазін «Каласок»|остановка транспорта|||54.4802595|26.4011391|||[]||||[]|osm_poi:node/11291583872
1-я школа|остановка транспорта|||54.4814594|26.3910358|||[]||||[]|osm_poi:node/11291583873
Лясгас|остановка транспорта|||54.480104|26.3853704|||[]||||[]|osm_poi:node/11291583874
Вуліца Садовая|остановка транспорта|||54.4815608|26.4123734|||[]||||[]|osm_poi:node/11291583969
Вузел сувязі|остановка транспорта|||54.4821227|26.401708|||[]||||[]|osm_poi:node/11291583970
Дом правасуддзя|остановка транспорта|||54.4849196|26.4025371|||[]||||[]|osm_poi:node/11291583971
Бальніца|остановка транспорта|||54.4886003|26.4051689|||[]||||[]|osm_poi:node/11291583972
вуліца Асіпенкі|остановка транспорта|||53.1568493|24.4774224|||[]||||[]|osm_poi:node/11298591848
Новая Парахаўня|остановка транспорта|||53.1515085|24.4993897|||[]||||[]|osm_poi:node/11298595010
Ветлякарня|остановка транспорта|||53.3920857|24.5382686|||[]||||[]|osm_poi:node/11308402307
Остановка|остановка транспорта|||53.4546208|24.6534196|||[]||||[]|osm_poi:node/11332989319
Остановка|остановка транспорта|||53.45441|24.652926|||[]||||[]|osm_poi:node/11332989320
Задворʼе|остановка транспорта|||53.0744346|24.7660281|||[]||||[]|osm_poi:node/11340859614
Остановка|остановка транспорта|||53.069725|24.7114572|||[]||||[]|osm_poi:node/11340859656
Остановка|остановка транспорта|||53.0935682|24.7303855|||[]||||[]|osm_poi:node/11340881279
Кацярынка|остановка транспорта|||53.4187825|24.5828171|||[]||||[]|osm_poi:node/11340910245
Аўтапарк|остановка транспорта|||53.4177307|24.571698|||[]||||[]|osm_poi:node/11340910249
Аўтапарк|остановка транспорта|||53.4178466|24.5710489|||[]||||[]|osm_poi:node/11340910257
Туалет|туалет|||53.7072513|23.7954499|||[]||no||[]|osm_poi:node/11348405216
Аврора|кафе|||53.8915518|25.3151295|||[]||||[]|osm_poi:node/11391383669
GrandFood|кафе|||53.6812233|23.8284039|||[]||||[]|osm_poi:node/11417058069
Misteria|кафе|||53.6822968|23.8322612|||[]|Mo-Th,Su 18:00-24:00; Fr-Sa 18:00-06:00|||[]|osm_poi:node/11437473655
Шаурма #1|кафе|||53.6788255|23.8307044|||[]|Mo-Su 10:00-23:00|||[]|osm_poi:node/11476585857
вуліца Юбілейная|остановка транспорта|||53.6766764|23.7279716|||[]||||[]|osm_poi:node/11548242189
Вкус искусства|кафе|||53.6808255|23.8319655|||[]|Mo-Th 09:00-22:00; Fr 09:00-23:00; Sa 10:00-23:00; Su 10:00-22:00|||[]|osm_poi:node/11573964904
Школа №2|остановка транспорта|||53.5700582|24.1993239|||[]||||[]|osm_poi:node/11608563292
Жаркаўшчына|остановка транспорта|||52.8818987|24.0783978|||[]||||[]|osm_poi:node/11618094452
вуліца Мележа-1|остановка транспорта|||53.6249428|24.7341447|||[]||||[]|osm_poi:node/11618124442
вуліца Мележа-1|остановка транспорта|||53.625428|24.735247|||[]||||[]|osm_poi:node/11618124444
Новы Двор|остановка транспорта|||52.830139|24.350783|||[]||||[]|osm_poi:node/11618156664
Nravizza Pizza|кафе|||53.8939901|25.2552568|||[]|Mo-Su 10:30-14:00,14:30-17:00,17:30-21:30|||[]|osm_poi:node/11627029897
Остановка|остановка транспорта|||53.2937128|25.1068604|||[]||||[]|osm_poi:node/11652285164
Остановка|остановка транспорта|||53.5668973|24.4954306|||[]||||[]|osm_poi:node/11661416395
Остановка|остановка транспорта|||53.5674288|24.7184309|||[]||||[]|osm_poi:node/11690437689
Остановка|остановка транспорта|||54.6019281|25.989497|||[]||||[]|osm_poi:node/11737346400
Остановка|остановка транспорта|||54.6021416|25.9909888|||[]||||[]|osm_poi:node/11737346401
Остановка|остановка транспорта|||54.6036131|25.9945204|||[]||||[]|osm_poi:node/11737346402
Вялікае Мажэйкава|остановка транспорта|||53.687039|24.9409604|||[]||||[]|osm_poi:node/11756514111
Остановка|остановка транспорта|||53.6869692|24.9605808|||[]||||[]|osm_poi:node/11756514155
Остановка|остановка транспорта|||53.6909836|24.9898463|||[]||||[]|osm_poi:node/11756514432
Остановка|остановка транспорта|||53.6577993|24.9679032|||[]||||[]|osm_poi:node/11759167233
Остановка|остановка транспорта|||53.7269311|23.8399166|||[]||||[]|osm_poi:node/11773973433
Вуліца Лапенкаўская|остановка транспорта|||53.7217175|23.8400125|||[]||||[]|osm_poi:node/11773973434
Остановка|остановка транспорта|||53.7279065|23.8414461|||[]||||[]|osm_poi:node/11773973435
Пригодичи|гостиница|||53.6463531|23.9371258|||[]||||[]|osm_poi:node/11774371104
Остановка|остановка транспорта|||53.291947|24.4061829|||[]||||[]|osm_poi:node/11778036470
Остановка|остановка транспорта|||53.2922295|24.3978405|||[]||||[]|osm_poi:node/11778036504
Маслазавод|остановка транспорта|||53.1048275|25.2930628|||[]||||[]|osm_poi:node/11780063783
Остановка|остановка транспорта|||53.4780349|25.413563|||[]||||[]|osm_poi:node/11780213095
Остановка|остановка транспорта|||54.5971157|25.9761061|||[]||||[]|osm_poi:node/11804752693
Остановка|остановка транспорта|||54.596743|25.9740211|||[]||||[]|osm_poi:node/11804752694
Остановка|остановка транспорта|||54.5962684|25.9751337|||[]||||[]|osm_poi:node/11804752695
Остановка|остановка транспорта|||54.5953925|25.9709412|||[]||||[]|osm_poi:node/11804752696
Остановка|остановка транспорта|||54.5950446|25.9690268|||[]||||[]|osm_poi:node/11804752697
Остановка|остановка транспорта|||54.5931854|25.9634652|||[]||||[]|osm_poi:node/11804752698
Остановка|остановка транспорта|||54.5935898|25.9656033|||[]||||[]|osm_poi:node/11804752699
Остановка|остановка транспорта|||54.5984522|25.9626906|||[]||||[]|osm_poi:node/11804752700
Остановка|остановка транспорта|||54.5982969|25.9605875|||[]||||[]|osm_poi:node/11804752701
Остановка|остановка транспорта|||54.5993658|25.9654985|||[]||||[]|osm_poi:node/11804752702
Остановка|остановка транспорта|||54.5994484|25.9672251|||[]||||[]|osm_poi:node/11804752703
Сталоўка|кафе|||53.7017584|23.8082595|||[]|Mo-Fr 12:00-16:00; Sa-Su off|||[]|osm_poi:node/11827820588
Varka|кафе|||53.687219|23.8412491|||[]|Mo-Fr 08:00-22:00; Sa 09:00-23:00; Su 09:00-22:00|||[]|osm_poi:node/11829076860
Дынама-Програм|остановка транспорта|||53.6627462|23.7926462|||[]||||[]|osm_poi:node/11859264789
Nonna|ресторан|||53.5946889|24.2559866|||[]|Su-Th 12:00-23:00; Fr 12:00-01:00; Sa 13:00-01:00|||[]|osm_poi:node/11884956775
вуліца Кастрычніцкая|остановка транспорта|||53.5903166|24.2383834|||[]||||[]|osm_poi:node/11884956851
Остановка|остановка транспорта|||54.5990364|25.9544172|||[]||||[]|osm_poi:node/11888868077
Остановка|остановка транспорта|||54.5978514|25.9563858|||[]||||[]|osm_poi:node/11888868078
Остановка|остановка транспорта|||54.7753428|25.9079048|||[]||||[]|osm_poi:node/11892541173
Остановка|остановка транспорта|||54.7758038|25.9066281|||[]||||[]|osm_poi:node/11892541174
Остановка|остановка транспорта|||54.0482109|24.9836662|||[]||||[]|osm_poi:node/11900744679
Лида Драйв плюс|гостиница|||53.9117081|25.2386992|||[]||||[]|osm_poi:node/11901155270
Остановка|остановка транспорта|||54.4794455|26.3831537|||[]||||[]|osm_poi:node/11919713899
Родны Кут|остановка транспорта|||54.4875321|26.3781648|||[]||||[]|osm_poi:node/11919763619
Родны Кут|остановка транспорта|||54.4867432|26.3796282|||[]||||[]|osm_poi:node/11919763621
Заходні|остановка транспорта|||54.4844804|26.3852092|||[]||||[]|osm_poi:node/11919763624
вуліца Будаўнікоў|остановка транспорта|||53.9145063|25.2351392|||[]||||[]|osm_poi:node/11936959023
Лабна|остановка транспорта|||53.6966371|23.6562559|||[]||||[]|osm_poi:node/11937111982
Вузел сувязі|остановка транспорта|||54.4267169|25.9401825|||[]||||[]|osm_poi:node/11948124755
VB Cafe|кафе|||53.6766396|23.8252859|||[]|Mo-Su 09:00-22:00|||[]|osm_poi:node/11950403950
Тунец|кафе|||54.4817029|26.3997961|||[]|11:00-22:00|||[]|osm_poi:node/11953711483
Mood|кафе|||53.6785595|23.8266581|||[]||||[]|osm_poi:node/11979172231
Ласосна-4|остановка транспорта|||53.6598702|23.7582708|||[]||||[]|osm_poi:node/11983718482
вуліца Вянечная|остановка транспорта|||53.6653067|23.7603473|||[]||||[]|osm_poi:node/11983718483
вуліца Вянечная|остановка транспорта|||53.6654825|23.7606278|||[]||||[]|osm_poi:node/11983718484
Туалет|туалет|||54.2706555|25.3732496|||[]||||[]|osm_poi:node/11993331841
Баранавічы-7|остановка транспорта|||53.6762909|23.7208391|||[]||||[]|osm_poi:node/12003484437
Баранавічы-7|остановка транспорта|||53.6766725|23.7208355|||[]||||[]|osm_poi:node/12003484438
вуліца Юбілейная|остановка транспорта|||53.6769046|23.7257005|||[]||||[]|osm_poi:node/12003484439
Баранавічы-5|остановка транспорта|||53.6606092|23.7344626|||[]||||[]|osm_poi:node/12003484440
Остановка|остановка транспорта|||54.1677337|25.3308121|||[]||||[]|osm_poi:node/12006415579
вуліца Чырвонаармейская|остановка транспорта|||53.8971325|25.2762155|||[]||||[]|osm_poi:node/12019743979
Ланцавічы|остановка транспорта|||53.3211714|24.8349541|||[]||||[]|osm_poi:node/12025236648
Остановка|остановка транспорта|||53.32195|24.8349756|||[]||||[]|osm_poi:node/12025236649
Остановка|остановка транспорта|||53.6149587|23.8320306|||[]||||[]|osm_poi:node/12029873557
Остановка|остановка транспорта|||53.620138|23.8446712|||[]||||[]|osm_poi:node/12029875383
Остановка|остановка транспорта|||53.61475|23.8293038|||[]||||[]|osm_poi:node/12029875385
Остановка|остановка транспорта|||53.0363966|25.376126|||[]||||[]|osm_poi:node/12041278796
Остановка|остановка транспорта|||53.0363958|25.3764948|||[]||||[]|osm_poi:node/12041278798
Чапялева|остановка транспорта|||53.0511483|25.3975126|||[]||||[]|osm_poi:node/12041278938
Чапялева|остановка транспорта|||53.0513732|25.3978345|||[]||||[]|osm_poi:node/12041278940
Остановка|остановка транспорта|||53.0785319|25.2951968|||[]||||[]|osm_poi:node/12079648975
магазин Доброном|остановка транспорта|||53.0789006|25.2939712|||[]||||[]|osm_poi:node/12079648977
Туалет|туалет|||53.063308|24.15534|||[]||no||[]|osm_poi:node/12097780544
Зарыца|остановка транспорта|||53.7520681|23.8446178|||[]||||[]|osm_poi:node/12099131762
Зарыца-4|остановка транспорта|||53.7544451|23.8529162|||[]||||[]|osm_poi:node/12100508685
Зарыца-4|остановка транспорта|||53.7540404|23.8530345|||[]||||[]|osm_poi:node/12100508686
вуліца Абʼяздная|остановка транспорта|||53.8687231|25.2697402|||[]||||[]|osm_poi:node/12106006365
Без Вилки|кафе|||53.7226551|23.8839697|||[]|Sa-Su 12:00-22:00; Mo-Fr 14:00-22:00|||[]|osm_poi:node/12106395488
Hotfix Coffee|кафе|||53.897335|25.3225476|||[]|Mo-Su 09:00-22:00|||[]|osm_poi:node/12115120735
Остановка|остановка транспорта|||53.0173747|24.1295198|||[]||||[]|osm_poi:node/12121876354
Остановка|остановка транспорта|||53.0176328|24.1308984|||[]||||[]|osm_poi:node/12121876359
Остановка|остановка транспорта|||53.1694762|24.2440757|||[]||||[]|osm_poi:node/12126173948
MC Döner|кафе|||53.6788104|23.8306388|||[]||||[]|osm_poi:node/12134078050
Туалет|туалет|||53.6771393|23.8274746|||[]||yes||[]|osm_poi:node/12139769564
Туалет|туалет|||53.6865643|23.8361311|||[]||yes||[]|osm_poi:node/12162588410
Туалет|туалет|||53.8800134|25.3049111|||[]||||[]|osm_poi:node/12163056485
Мицкевича 22|кафе|||53.8954977|25.2966001|||[]||||[]|osm_poi:node/12164804468
Туалет|туалет|||53.7193459|23.8462937|||[]||||[]|osm_poi:node/12169958573
Varka|кафе|||53.8922085|25.2981679|||[]|Mo-Fr 08:00-22:00; Sa-Su 09:00-23:00|||[]|osm_poi:node/12172343896
Ветлячэбніца|остановка транспорта|||53.8775346|25.2747845|||[]||||[]|osm_poi:node/12177775909
Газанапаўняльная станцыя|остановка транспорта|||53.8649383|25.2337879|||[]||||[]|osm_poi:node/12177775910
Blackfox Coffee|кафе|||53.6184399|23.8153428|||[]|Mo-Su 08:00-22:00|||[]|osm_poi:node/12183592050
Туалет|туалет|||52.8361784|24.3747362|||[]||||[]|osm_poi:node/12186445199
вуліца Абʼяздная|остановка транспорта|||53.8687214|25.2712995|||[]||||[]|osm_poi:node/12189447270
могілкі Абрубы|остановка транспорта|||53.925174|25.2157447|||[]||||[]|osm_poi:node/12213193371
вуліца Маслакова|остановка транспорта|||53.6513278|23.7991326|||[]||||[]|osm_poi:node/12215905749
Остановка|остановка транспорта|||53.9081441|24.6452228|||[]||||[]|osm_poi:node/12248856305
гандлёвы цэнтр «Фолюш»|остановка транспорта|||53.6588597|23.7814214|||[]||||[]|osm_poi:node/12249231807
Crazy Cup|кафе|||53.7212929|23.8826707|||[]|Mo-Th 08:00-21:00; Fr 08:00-22:00; Sa-Su 10:00-22:00|||[]|osm_poi:node/12290820293
Чахаўцы|остановка транспорта|||53.931518|25.2978444|||[]||||[]|osm_poi:node/12291264500
вуліца Прыазёрная|остановка транспорта|||53.9336277|25.2920186|||[]||||[]|osm_poi:node/12291288708
вуліца Сустрэчная|остановка транспорта|||53.9348688|25.2878934|||[]||||[]|osm_poi:node/12291288710
вуліца Сустрэчная|остановка транспорта|||53.9353962|25.2865845|||[]||||[]|osm_poi:node/12291288711
вуліца Прамысловая|остановка транспорта|||53.9356883|25.2813649|||[]||||[]|osm_poi:node/12291288714
вуліца Прамысловая|остановка транспорта|||53.9358857|25.2802357|||[]||||[]|osm_poi:node/12291288715
мікрараён Індустрыяльны|остановка транспорта|||53.9357783|25.2782455|||[]||||[]|osm_poi:node/12291288718
паварот на Ёдкі|остановка транспорта|||53.8498016|25.339485|||[]||||[]|osm_poi:node/12306442692
Остановка|остановка транспорта|||53.3349061|23.9452091|||[]||||[]|osm_poi:node/12313820438
Остановка|остановка транспорта|||53.334565|23.9452654|||[]||||[]|osm_poi:node/12313820440
Остановка|остановка транспорта|||53.6257715|23.7260056|||[]||||[]|osm_poi:node/12314227958
Остановка|остановка транспорта|||53.5024141|24.0410095|||[]||||[]|osm_poi:node/12317820211
Остановка|остановка транспорта|||53.5037988|24.0374422|||[]||||[]|osm_poi:node/12317820213
гандлёвы цэнтр Торунь|остановка транспорта|||53.8710098|25.2824174|||[]||||[]|osm_poi:node/12325306146
Sushi Kraft|кафе|||53.6724525|23.8433684|||[]|Mo-Su 11:00-23:00|||[]|osm_poi:node/12346856558
Marmo|ресторан|||53.6769218|23.828156|||[]|Sa 18:00-01:00; Fr-Th 18:00-24:00|||[]|osm_poi:node/12354204019
Гуды-2|остановка транспорта|||53.9728028|25.2303262|||[]||||[]|osm_poi:node/12366592442
аўтастанцыя Воранава|остановка транспорта|||54.1500183|25.3134072|||[]||||[]|osm_poi:node/12366592444
гарадок Гуды|остановка транспорта|||53.9734636|25.2301576|||[]||||[]|osm_poi:node/12366592446
мікрараён Індустрыяльны|остановка транспорта|||53.9377915|25.2598751|||[]||||[]|osm_poi:node/12366592448
аўтавакзал Ліда|остановка транспорта|||53.8846294|25.2944814|||[]||||[]|osm_poi:node/12366592451
Остановка|остановка транспорта|||53.8846358|25.2943651|||[]||||[]|osm_poi:node/12366592452
рака Дзітва-2|остановка транспорта|||53.7543806|25.4107286|||[]||||[]|osm_poi:node/12369058708
Ганчары|остановка транспорта|||53.7358613|25.4172182|||[]||||[]|osm_poi:node/12369058710
Агароднікі|остановка транспорта|||53.7157938|25.4556341|||[]||||[]|osm_poi:node/12369058712
аўтастанцыя Бярозаўка|остановка транспорта|||53.7159478|25.5108286|||[]||||[]|osm_poi:node/12369058713
Агароднікі|остановка транспорта|||53.7159617|25.4545551|||[]||||[]|osm_poi:node/12369058715
бальніца Астроўля|остановка транспорта|||53.8641553|25.2342237|||[]||||[]|osm_poi:node/12385753883
Мохавічы|остановка транспорта|||53.8165731|25.165455|||[]||||[]|osm_poi:node/12385753885
Белагруда|остановка транспорта|||53.800412|25.1674532|||[]||||[]|osm_poi:node/12385753888
Бешанкі|остановка транспорта|||53.7597915|24.9446582|||[]||||[]|osm_poi:node/12385753890
Гасцілаўцы|остановка транспорта|||53.7309308|24.9747486|||[]||||[]|osm_poi:node/12385753900
Гасцілаўцы|остановка транспорта|||53.7314465|24.9745112|||[]||||[]|osm_poi:node/12385764702
Мажэйкава|остановка транспорта|||53.7216143|24.9883086|||[]||||[]|osm_poi:node/12385764704
Феліксава|остановка транспорта|||53.7338812|25.0218352|||[]||||[]|osm_poi:node/12385764707
Дзмітраўцы|остановка транспорта|||53.7439312|25.0382758|||[]||||[]|osm_poi:node/12385764710
Дзмітраўцы|остановка транспорта|||53.7437028|25.037671|||[]||||[]|osm_poi:node/12385764711
Палуты|остановка транспорта|||53.7541311|25.0505885|||[]||||[]|osm_poi:node/12385764713
Палуты|остановка транспорта|||53.7538155|25.0499233|||[]||||[]|osm_poi:node/12385764714
Більтаўцы|остановка транспорта|||53.762269|25.0768232|||[]||||[]|osm_poi:node/12385764715
Більтаўцы|остановка транспорта|||53.7626241|25.0793472|||[]||||[]|osm_poi:node/12385764718
Радзівонішкі|остановка транспорта|||53.7658157|25.0954244|||[]||||[]|osm_poi:node/12385764721
Радзівонішкі|остановка транспорта|||53.7658554|25.0948422|||[]||||[]|osm_poi:node/12385764722
Масявічы|остановка транспорта|||53.7822232|25.1109838|||[]||||[]|osm_poi:node/12385764725
Масявічы|остановка транспорта|||53.781716|25.1102972|||[]||||[]|osm_poi:node/12385764726
Белагруда|остановка транспорта|||53.8005997|25.1671707|||[]||||[]|osm_poi:node/12385764728
Туалет|туалет|||53.8858847|24.1346566|||[]|Mo-Fr 08:30-17:00|||[]|osm_poi:node/12387247273
вуліца Івана Якубоўскага|остановка транспорта|||53.6566453|23.7749985|||[]||||[]|osm_poi:node/12387345209
вуліца Івана Якубоўскага|остановка транспорта|||53.6576241|23.7747244|||[]||||[]|osm_poi:node/12387345210
Дылева|остановка транспорта|||53.7928099|25.0103715|||[]||||[]|osm_poi:node/12387620112
Дылева|остановка транспорта|||53.792821|25.0101676|||[]||||[]|osm_poi:node/12387620113
Паперня|остановка транспорта|||53.7769629|24.9853679|||[]||||[]|osm_poi:node/12387620116
Паперня|остановка транспорта|||53.7769629|24.9790916|||[]||||[]|osm_poi:node/12387620118
Серафіны|остановка транспорта|||53.8038454|24.969728|||[]||||[]|osm_poi:node/12387620121
Серафіны|остановка транспорта|||53.8044663|24.9689823|||[]||||[]|osm_poi:node/12387620122
завулак Фолюш|остановка транспорта|||53.6614819|23.7772317|||[]||||[]|osm_poi:node/12394256889
завулак Фолюш|остановка транспорта|||53.6621488|23.7780076|||[]||||[]|osm_poi:node/12394256890
Казакоўшчына ПЗ|остановка транспорта|||54.0864118|25.0541747|||[]||||[]|osm_poi:node/12401546451
скрыжванне Даўгялы|остановка транспорта|||54.1465465|25.1734579|||[]||||[]|osm_poi:node/12401546453
Клеткенікі|остановка транспорта|||54.1522002|25.2687058|||[]||||[]|osm_poi:node/12401546455
Клеткенікі|остановка транспорта|||54.1522489|25.2697384|||[]||||[]|osm_poi:node/12401546457
Гута ПЗ|остановка транспорта|||54.1540427|25.2333677|||[]||||[]|osm_poi:node/12401546459
Гута ПЗ|остановка транспорта|||54.1541463|25.2287865|||[]||||[]|osm_poi:node/12401546461
Жамойцішкі|остановка транспорта|||54.1499146|25.1995504|||[]||||[]|osm_poi:node/12401546463
Жамойцішкі|остановка транспорта|||54.1498518|25.1988316|||[]||||[]|osm_poi:node/12401546465
паварот Татарка|остановка транспорта|||54.1463171|25.1754588|||[]||||[]|osm_poi:node/12401546467
Татарка|остановка транспорта|||54.125595|25.1651457|||[]||||[]|osm_poi:node/12401546470
Татарка|остановка транспорта|||54.1248531|25.1646441|||[]||||[]|osm_poi:node/12401546471
Пагародна|остановка транспорта|||54.0990214|25.1351372|||[]||||[]|osm_poi:node/12401546472
Пагародна|остановка транспорта|||54.0982822|25.1359472|||[]||||[]|osm_poi:node/12401546475
Вайкунцы|остановка транспорта|||54.0959826|25.0711209|||[]||||[]|osm_poi:node/12401546479
Вайкунцы|остановка транспорта|||54.0980211|25.074597|||[]||||[]|osm_poi:node/12401546481
Казакоўшчына ПЗ|остановка транспорта|||54.0864354|25.0512993|||[]||||[]|osm_poi:node/12401546482
Казакоўшчына ПЗ|остановка транспорта|||54.0873936|25.0552288|||[]||||[]|osm_poi:node/12401546485
Остановка|остановка транспорта|||54.0785352|25.0684011|||[]||||[]|osm_poi:node/12401546488
Остановка|остановка транспорта|||54.0790765|25.0667757|||[]||||[]|osm_poi:node/12401546489
Складанцы|остановка транспорта|||54.0657494|25.0978196|||[]||||[]|osm_poi:node/12401546491
Складанцы|остановка транспорта|||54.0666624|25.0960493|||[]||||[]|osm_poi:node/12401546493
Ажэлішкі|остановка транспорта|||54.0370284|25.1465285|||[]||||[]|osm_poi:node/12401546496
Ажэлішкі|остановка транспорта|||54.0385847|25.1445919|||[]||||[]|osm_poi:node/12401546497
Жырмуны|остановка транспорта|||54.022941|25.2202195|||[]||||[]|osm_poi:node/12401546498
Таўкіні|остановка транспорта|||54.0226164|25.198322|||[]||||[]|osm_poi:node/12401546500
Таўкіні|остановка транспорта|||54.0229095|25.1966483|||[]||||[]|osm_poi:node/12401565402
Споркаўшчызна|остановка транспорта|||53.9464843|25.3330439|||[]||||[]|osm_poi:node/12401565404
Споркаўшчызна|остановка транспорта|||53.9457803|25.3322661|||[]||||[]|osm_poi:node/12401565406
Маркаўшчызна|остановка транспорта|||54.1022778|25.3725413|||[]||||[]|osm_poi:node/12401565408
Маркаўшчызна|остановка транспорта|||54.1015897|25.372349|||[]||||[]|osm_poi:node/12401565410
Тракелі|остановка транспорта|||54.0384161|25.4109514|||[]||||[]|osm_poi:node/12401565413
Юравічы|остановка транспорта|||53.9779053|25.3618187|||[]||||[]|osm_poi:node/12401565418
Юравічы|остановка транспорта|||53.9753783|25.3595227|||[]||||[]|osm_poi:node/12401565420
паварот на Пашкі|остановка транспорта|||53.9644795|25.3513634|||[]||||[]|osm_poi:node/12401565422
паварот на Пашкі|остановка транспорта|||53.9630246|25.3486008|||[]||||[]|osm_poi:node/12401565424
Остановка|остановка транспорта|||53.9419882|25.3297207|||[]||||[]|osm_poi:node/12401565426
Остановка|остановка транспорта|||53.941142|25.328739|||[]||||[]|osm_poi:node/12401565428
Колышкі|остановка транспорта|||53.9326218|25.3206585|||[]||||[]|osm_poi:node/12401565430
Малэйкаўшчызна|остановка транспорта|||53.9199033|25.3107665|||[]||||[]|osm_poi:node/12401565433
Туланка|остановка транспорта|||54.1122986|25.5445284|||[]||||[]|osm_poi:node/12404242202
Туланка|остановка транспорта|||54.1128819|25.5457112|||[]||||[]|osm_poi:node/12404242204
Петрыканы|остановка транспорта|||54.0753864|25.4819202|||[]||||[]|osm_poi:node/12404242206
Петрыканы|остановка транспорта|||54.0745507|25.4801366|||[]||||[]|osm_poi:node/12404242208
Пашунцы|остановка транспорта|||54.0300846|25.3266123|||[]||||[]|osm_poi:node/12404242210
Крыніцы|остановка транспорта|||54.0233034|25.3339884|||[]||||[]|osm_poi:node/12404242216
Бянейкі|остановка транспорта|||54.0105353|25.3424319|||[]||||[]|osm_poi:node/12404242217
Бянейкі|остановка транспорта|||54.0076571|25.3440681|||[]||||[]|osm_poi:node/12404242218
паварот на Крыніцы|остановка транспорта|||53.9966722|25.3747579|||[]||||[]|osm_poi:node/12404242219
паварот на Крыніцы|остановка транспорта|||53.9953887|25.3740659|||[]||||[]|osm_poi:node/12404242221
паварот на Уладзіставова|остановка транспорта|||53.967722|25.3544053|||[]||||[]|osm_poi:node/12404242222
Гарні|остановка транспорта|||53.8537525|25.2736752|||[]||||[]|osm_poi:node/12421959232
Далёкія|остановка транспорта|||53.8198994|25.2122057|||[]||||[]|osm_poi:node/12421959234
Раклёўцы|остановка транспорта|||53.8366624|25.2167842|||[]||||[]|osm_poi:node/12421959236
Раклёўцы|остановка транспорта|||53.8382989|25.2172616|||[]||||[]|osm_poi:node/12421959237
Остановка|остановка транспорта|||53.9128095|25.2491607|||[]||||[]|osm_poi:node/12430640194
Остановка|остановка транспорта|||53.9088446|25.2501534|||[]||||[]|osm_poi:node/12430662302
Дворышча|остановка транспорта|||53.9878877|25.4005473|||[]||||[]|osm_poi:node/12438145200
Дворышча|остановка транспорта|||53.9871993|25.4018748|||[]||||[]|osm_poi:node/12438163702
Дзітва Пос|остановка транспорта|||53.8565382|25.1543827|||[]||||[]|osm_poi:node/12438174662
Дачы/Дзітва|остановка транспорта|||53.861444|25.2127367|||[]||||[]|osm_poi:node/12438174663
Дачы/Дзітва|остановка транспорта|||53.861822|25.2119696|||[]||||[]|osm_poi:node/12438174664
Mio|кафе|||53.706488|23.8407226|||[]|Mo-Fr 08:00−22:00; Sa-Su 09:00−22:00|||[]|osm_poi:node/12438459591
Біскупцы|остановка транспорта|||53.8418222|25.5429572|||[]||||[]|osm_poi:node/12441108149
Біскупцы|остановка транспорта|||53.8418966|25.5426393|||[]||||[]|osm_poi:node/12441108151
Дакудава-1|остановка транспорта|||53.8065648|25.5094537|||[]||||[]|osm_poi:node/12441108154
крама Вадаём|остановка транспорта|||53.7993744|25.5049131|||[]||||[]|osm_poi:node/12441108158
крама Вадаём|остановка транспорта|||53.7994521|25.5051357|||[]||||[]|osm_poi:node/12441108159
Дакудава-2|остановка транспорта|||53.7849277|25.5014584|||[]||||[]|osm_poi:node/12441108160
Дакудава-2|остановка транспорта|||53.7865424|25.5031241|||[]||||[]|osm_poi:node/12441108162
Дачы/Прамень|остановка транспорта|||53.772077|25.486422|||[]||||[]|osm_poi:node/12441108163
Дачы/Прамень|остановка транспорта|||53.7717789|25.4856951|||[]||||[]|osm_poi:node/12441108165
Прафілакторый|остановка транспорта|||53.7609253|25.4714552|||[]||||[]|osm_poi:node/12441108167
Прафілакторый|остановка транспорта|||53.7602276|25.4640523|||[]||||[]|osm_poi:node/12441108169
Дачы/Пескі|остановка транспорта|||53.7689651|25.4171888|||[]||||[]|osm_poi:node/12441108171
Дачы/Пескі|остановка транспорта|||53.7691823|25.4170761|||[]||||[]|osm_poi:node/12441108173
мікрараён Маладзёжны|остановка транспорта|||53.9108893|25.2438304|||[]||||[]|osm_poi:node/12450484800
мікрараён Маладзёжны|остановка транспорта|||53.9115128|25.2429116|||[]||||[]|osm_poi:node/12450515001
Заполле|остановка транспорта|||53.9043366|25.1835558|||[]||||[]|osm_poi:node/12450515002
Яўсеевічы|остановка транспорта|||53.8963703|25.1050601|||[]||||[]|osm_poi:node/12450515004
Янцавічы|остановка транспорта|||53.9104801|25.1291585|||[]||||[]|osm_poi:node/12450515005
Янцавічы|остановка транспорта|||53.9104105|25.1282197|||[]||||[]|osm_poi:node/12450515007
Козічы|остановка транспорта|||53.9139827|25.1524159|||[]||||[]|osm_poi:node/12450515009
Козічы|остановка транспорта|||53.9140253|25.1517963|||[]||||[]|osm_poi:node/12450515011
Заполле|остановка транспорта|||53.9047444|25.1844495|||[]||||[]|osm_poi:node/12450515012
Крупава|остановка транспорта|||53.9276522|25.2041919|||[]||||[]|osm_poi:node/12450515014
Крупава|остановка транспорта|||53.9278456|25.2044199|||[]||||[]|osm_poi:node/12450515015
Ходараўцы|остановка транспорта|||53.6395116|25.0639322|||[]||||[]|osm_poi:node/12458266665
Канюшаны|остановка транспорта|||53.665538|25.0703038|||[]||||[]|osm_poi:node/12458266668
Канюшаны|остановка транспорта|||53.6652011|25.0699591|||[]||||[]|osm_poi:node/12458266670
Зіновічы|остановка транспорта|||53.6834477|25.0846657|||[]||||[]|osm_poi:node/12458266671
Голдава|остановка транспорта|||53.6983963|25.1074135|||[]||||[]|osm_poi:node/12458266673
Леснікі|остановка транспорта|||53.7194379|25.139608|||[]||||[]|osm_poi:node/12458266676
Леснікі|остановка транспорта|||53.719257|25.1389321|||[]||||[]|osm_poi:node/12458266678
Бабры|остановка транспорта|||53.7337065|25.1365584|||[]||||[]|osm_poi:node/12458266680
Бабры|остановка транспорта|||53.7323697|25.1367944|||[]||||[]|osm_poi:node/12458266682
Цвербуты|остановка транспорта|||53.7361951|25.1090523|||[]||||[]|osm_poi:node/12458266684
Цвербуты|остановка транспорта|||53.7372168|25.1097014|||[]||||[]|osm_poi:node/12458266686
Курган|остановка транспорта|||53.7484635|25.1091838|||[]||||[]|osm_poi:node/12458266688
Курган|остановка транспорта|||53.7490123|25.1090952|||[]||||[]|osm_poi:node/12458266690
Радзівонішкі|остановка транспорта|||53.7698599|25.0909062|||[]||||[]|osm_poi:node/12458266692
Радзівонішкі|остановка транспорта|||53.7704876|25.0902355|||[]||||[]|osm_poi:node/12458266693
Лаўкенікі|остановка транспорта|||54.1281412|25.7386845|||[]||||[]|osm_poi:node/12459972482
Лаўкенікі|остановка транспорта|||54.1289004|25.7401785|||[]||||[]|osm_poi:node/12459972483
Суботнікі|остановка транспорта|||54.0930711|25.7514706|||[]||||[]|osm_poi:node/12459972486
Баравікі|остановка транспорта|||54.0675423|25.7621887|||[]||||[]|osm_poi:node/12459972487
Баравікі|остановка транспорта|||54.0670811|25.7626259|||[]||||[]|osm_poi:node/12459972489
Чэхаўцы|остановка транспорта|||54.0571053|25.7574278|||[]||||[]|osm_poi:node/12459972491
Чэхаўцы|остановка транспорта|||54.0568156|25.7563683|||[]||||[]|osm_poi:node/12459972493
Нацкавічы Зав|остановка транспорта|||54.0375538|25.6997844|||[]||||[]|osm_poi:node/12459972495
Нацкавічы Зав|остановка транспорта|||54.0375357|25.6988108|||[]||||[]|osm_poi:node/12459972497
Нацкавічы|остановка транспорта|||54.0465854|25.731979|||[]||||[]|osm_poi:node/12459972499
Нацкавічы|остановка транспорта|||54.0465563|25.7312789|||[]||||[]|osm_poi:node/12459994201
Камянчане|остановка транспорта|||54.0306155|25.6857028|||[]||||[]|osm_poi:node/12459994203
Камянчане|остановка транспорта|||54.0302579|25.6847989|||[]||||[]|osm_poi:node/12459994205
паварот на Першамайскі|остановка транспорта|||53.8978683|25.4080486|||[]||||[]|osm_poi:node/12459994208
Остановка|остановка транспорта|||53.7029639|23.8267901|||[]||||[]|osm_poi:node/12462627163
Туалет|туалет|||53.672707|23.8635508|||[]||||[]|osm_poi:node/12463630680
Шаурма 5 звёзд|кафе|||54.4813937|26.3961095|||[]|Mo-Th 11:00-22:00; Fr-Su 11:00-23:00|||[]|osm_poi:node/12466640457
Ядэлеўцы|остановка транспорта|||53.9336804|24.8455579|||[]||||[]|osm_poi:node/12468357460
Ядэлеўцы|остановка транспорта|||53.9336677|24.8453728|||[]||||[]|osm_poi:node/12468357461
Курчоўцы ПЗ|остановка транспорта|||53.9265218|24.8477452|||[]||||[]|osm_poi:node/12468357464
Праважа ПЗ|остановка транспорта|||53.9150021|24.8511945|||[]||||[]|osm_poi:node/12468357466
Праважа ПЗ|остановка транспорта|||53.9148891|24.8510336|||[]||||[]|osm_poi:node/12468357468
Праважа ПЗ|остановка транспорта|||53.9118345|24.8261199|||[]||||[]|osm_poi:node/12468357471
Праважа ПЗ|остановка транспорта|||53.9127998|24.8242692|||[]||||[]|osm_poi:node/12468357472
Навасады|остановка транспорта|||53.8902996|24.8683057|||[]||||[]|osm_poi:node/12468357474
Навасады|остановка транспорта|||53.8909446|24.867442|||[]||||[]|osm_poi:node/12468357475
аўтакасса Забалаць|остановка транспорта|||53.9283216|24.7954838|||[]||||[]|osm_poi:node/12468357476
Казляны|остановка транспорта|||53.914191|24.790633|||[]||||[]|osm_poi:node/12468357479
Казляны|остановка транспорта|||53.9137945|24.7905821|||[]||||[]|osm_poi:node/12468357480
Малюкі|остановка транспорта|||53.905942|24.7925455|||[]||||[]|osm_poi:node/12468357483
Малюкі|остановка транспорта|||53.9065203|24.7923148|||[]||||[]|osm_poi:node/12468357484
Валэйшы|остановка транспорта|||53.8824121|24.8034942|||[]||||[]|osm_poi:node/12468357486
Валэйшы|остановка транспорта|||53.881748|24.8034352|||[]||||[]|osm_poi:node/12468357487
Асіпаўцы|остановка транспорта|||53.8716503|24.819558|||[]||||[]|osm_poi:node/12468357490
Асіпаўцы|остановка транспорта|||53.8723034|24.8188231|||[]||||[]|osm_poi:node/12468357492
Якубаўцы|остановка транспорта|||53.8692149|24.8378506|||[]||||[]|osm_poi:node/12468357493
Якубаўцы|остановка транспорта|||53.8696245|24.8365095|||[]||||[]|osm_poi:node/12468357495
Ленцішкі|остановка транспорта|||53.8712945|24.8601934|||[]||||[]|osm_poi:node/12468357497
Ленцішкі|остановка транспорта|||53.8710446|24.8581228|||[]||||[]|osm_poi:node/12468357499
Місявічы|остановка транспорта|||53.8780832|24.8956181|||[]||||[]|osm_poi:node/12468362101
Місявічы|остановка транспорта|||53.8797532|24.8922492|||[]||||[]|osm_poi:node/12468362102
Зенявічы|остановка транспорта|||53.8662399|24.9243197|||[]||||[]|osm_poi:node/12468362105
Рулевічы|остановка транспорта|||53.8731194|25.0310676|||[]||||[]|osm_poi:node/12468362109
Рулевічы|остановка транспорта|||53.8734468|25.0298633|||[]||||[]|osm_poi:node/12468362110
Навасёлкі/Мыто|остановка транспорта|||53.8550484|25.0625125|||[]||||[]|osm_poi:node/12468362112
Навасёлкі/Мыто|остановка транспорта|||53.8556686|25.06163|||[]||||[]|osm_poi:node/12468362114
ферма Мыто|остановка транспорта|||53.8410049|25.0945158|||[]||||[]|osm_poi:node/12468362116
ферма Мыто|остановка транспорта|||53.8413499|25.0941806|||[]||||[]|osm_poi:node/12468362117
Мыто|остановка транспорта|||53.8312448|25.1169673|||[]||||[]|osm_poi:node/12468362120
Бекон|ресторан|||53.6810492|23.8277323|||[]|Su-Th 12:00-23:00; Fr-Sa 12:00-00:00|||[]|osm_poi:node/12468702113
Мини домик в лесу|гостиница||Астрынскі сельскі Савет|53.8557194|24.3888314|||[]||||[]|osm_poi:node/12468865755
Апартаменты «Gagarina»|гостиница||Ліда|53.8879642|25.2976539|||[]||||[]|osm_poi:node/12468873371
Мини домик у озера|гостиница||Астрынскі сельскі Савет|53.8559849|24.3888541|||[]||||[]|osm_poi:node/12468896320
Остановка|остановка транспорта|||53.6843994|23.8468368|||[]||||[]|osm_poi:node/12471878274
У Азата|кафе|||53.6889836|23.7884704|||[]|10:00-22:00|||[]|osm_poi:node/12471924713
Ліпнішкі|остановка транспорта|||54.0023241|25.6156992|||[]||||[]|osm_poi:node/12473080966
аўтастанцыя Іўе|остановка транспорта|||53.9372003|25.7626009|||[]||||[]|osm_poi:node/12473080968
паварон на Крывічы|остановка транспорта|||53.8548096|25.7386003|||[]||||[]|osm_poi:node/12475106966
Крывічы|остановка транспорта|||53.8479682|25.6977288|||[]||||[]|osm_poi:node/12475106969
Морына|остановка транспорта|||53.8669517|25.6832744|||[]||||[]|osm_poi:node/12475106970
Крупава-2|остановка транспорта|||53.9245714|25.193119|||[]||||[]|osm_poi:node/12477253149
Остановка|остановка транспорта|||53.0896122|25.46644|||[]||||[]|osm_poi:node/12483944515
Остановка|остановка транспорта|||53.0908622|25.4621351|||[]||||[]|osm_poi:node/12483944518
Савецкая вуліца|остановка транспорта|||53.1633587|24.4766047|||[]||||[]|osm_poi:node/12484552132
Савецкая вуліца|остановка транспорта|||53.1632587|24.4777521|||[]||||[]|osm_poi:node/12484552135
Остановка|остановка транспорта|||53.0364264|24.1021914|||[]||||[]|osm_poi:node/12486249038
Varka|кафе|||53.6791816|23.8306884|||[]|Mo-Fr 08:00-22:00; Sa-Su 09:00-22:00|||[]|osm_poi:node/12486595931
Сліжы|остановка транспорта|||53.9902013|25.4765691|||[]||||[]|osm_poi:node/12495148297
Мігуны|остановка транспорта|||54.0093645|25.4400642|||[]||||[]|osm_poi:node/12495148299
Остановка|остановка транспорта|||53.9834446|24.868184|||[]||||[]|osm_poi:node/12506522424
Остановка|остановка транспорта|||53.9842473|24.8719418|||[]||||[]|osm_poi:node/12506522425
Любары|остановка транспорта|||53.7748116|25.275456|||[]||||[]|osm_poi:node/12511693342
Ерамеевічы|остановка транспорта|||53.7734516|25.288816|||[]||||[]|osm_poi:node/12511693345
Ерамеевічы|остановка транспорта|||53.773664|25.2872174|||[]||||[]|osm_poi:node/12511693346
Агароднікі/Любары|остановка транспорта|||53.7709629|25.3044024|||[]||||[]|osm_poi:node/12511693348
Агароднікі/Любары|остановка транспорта|||53.7713782|25.3043085|||[]||||[]|osm_poi:node/12511693350
Остановка|остановка транспорта|||53.7521262|25.3305512|||[]||||[]|osm_poi:node/12511693352
Остановка|остановка транспорта|||53.7524434|25.3304171|||[]||||[]|osm_poi:node/12511693354
Бахматы|остановка транспорта|||53.7462641|25.2960473|||[]||||[]|osm_poi:node/12511693358
Фалькавічы|остановка транспорта|||53.7477662|25.2615755|||[]||||[]|osm_poi:node/12511693361
Фалькавічы|остановка транспорта|||53.7479613|25.2607628|||[]||||[]|osm_poi:node/12511693363
паварот на Дзітрыкі|остановка транспорта|||53.7528224|25.2135358|||[]||||[]|osm_poi:node/12511693365
Чаплічы|остановка транспорта|||53.7474026|25.2001834|||[]||||[]|osm_poi:node/12511693368
Остановка|остановка транспорта|||53.4566927|26.3579813|||[]||||[]|osm_poi:node/12526461132
Рудзішкі|остановка транспорта|||54.4544246|25.6721358|||[]||||[]|osm_poi:node/12529194406
Рудзішкі|остановка транспорта|||54.4544473|25.6708376|||[]||||[]|osm_poi:node/12529194407
Мураваная Ашмянка|остановка транспорта|||54.4540229|25.7897463|||[]||||[]|osm_poi:node/12529194427
аўтавакзал Астравец|остановка транспорта|||54.6120893|25.9477925|||[]||||[]|osm_poi:node/12530906855
аўтастанцыя Ашмяны|остановка транспорта|||54.4246477|25.9363392|||[]||||[]|osm_poi:node/12530906857
усадьба Радзивилки|гостиница|||53.8486389|23.7012052|||[]||||[]|osm_poi:node/12541851730
Крыніцы|остановка транспорта|||54.0232165|25.3337645|||[]||||[]|osm_poi:node/12548485543
паварот на Смільгіні|остановка транспорта|||53.9261082|24.9444139|||[]||||[]|osm_poi:node/12550736599
паварот на Смільгіні|остановка транспорта|||53.9252617|24.94281|||[]||||[]|osm_poi:node/12550748701
Запрудзяны|остановка транспорта|||53.9142787|24.9280793|||[]||||[]|osm_poi:node/12550748703
Запрудзяны|остановка транспорта|||53.9131728|24.9268696|||[]||||[]|osm_poi:node/12550748705
Бярозаўка|остановка транспорта|||53.8917525|24.9280685|||[]||||[]|osm_poi:node/12550748708
Бярозаўка|остановка транспорта|||53.8933995|24.9282777|||[]||||[]|osm_poi:node/12550748710
Мікуты|остановка транспорта|||53.8723153|24.9307883|||[]||||[]|osm_poi:node/12550748711
Мікуты|остановка транспорта|||53.872834|24.9314857|||[]||||[]|osm_poi:node/12550748713
Зенявічы|остановка транспорта|||53.8658786|24.9269957|||[]||||[]|osm_poi:node/12550748716
Тушамля|остановка транспорта|||52.8364468|23.9740107|||[]||||[]|osm_poi:node/12553622310
Сталовая лакаматыўнага дэпо|кафе||Ваўкавыск|53.1425896|24.4213998|||[]|Mo-Fr 09:00-14:00,15:00-18:00|||[]|osm_poi:node/12553622312
Красная|остановка транспорта|||53.6245832|25.2798807|||[]||||[]|osm_poi:node/12570478881
Красная|остановка транспорта|||53.6237305|25.2778798|||[]||||[]|osm_poi:node/12570478882
Збляны-2|остановка транспорта|||53.6129007|25.2562478|||[]||||[]|osm_poi:node/12570478886
Збляны|остановка транспорта|||53.6039|25.2439284|||[]||||[]|osm_poi:node/12570478888
Збляны|остановка транспорта|||53.6035992|25.2432766|||[]||||[]|osm_poi:node/12570478889
Панямонцы|остановка транспорта|||53.573123|25.2092421|||[]||||[]|osm_poi:node/12570478892
Панямонцы|остановка транспорта|||53.5730943|25.2086466|||[]||||[]|osm_poi:node/12570478894
Андрашоўшчына|остановка транспорта|||53.5574576|25.1453089|||[]||||[]|osm_poi:node/12570478897
Андрашоўшчына|остановка транспорта|||53.5577794|25.1435011|||[]||||[]|osm_poi:node/12570478898
Моцевічы|остановка транспорта|||53.5495988|25.1211315|||[]||||[]|osm_poi:node/12570478899
Моцевічы|остановка транспорта|||53.5487861|25.1165127|||[]||||[]|osm_poi:node/12570507701
Буцілы|остановка транспорта|||53.589356|25.0912026|||[]||||[]|osm_poi:node/12570507702
Буцілы|остановка транспорта|||53.58977|25.0922862|||[]||||[]|osm_poi:node/12570507703
Вангі|остановка транспорта|||53.5931641|25.1458285|||[]||||[]|osm_poi:node/12570507705
Остановка|остановка транспорта|||53.1941719|24.6702504|||[]||||[]|osm_poi:node/12573536946
Генюшы|остановка транспорта|||53.2837387|23.843253|||[]||||[]|osm_poi:node/12581630921
аўтакаса Радунь|остановка транспорта|||54.0526552|24.9966156|||[]||||[]|osm_poi:node/12589560273
Мажэйкі|остановка транспорта|||54.0278715|25.019336|||[]||||[]|osm_poi:node/12589560277
Мажэйкі|остановка транспорта|||54.0274603|25.0194621|||[]||||[]|osm_poi:node/12589560278
Кемейшы|остановка транспорта|||54.0198546|25.0286674|||[]||||[]|osm_poi:node/12589560281
Кемейшы|остановка транспорта|||54.0189595|25.0294023|||[]||||[]|osm_poi:node/12589560282
Пашкавічы|остановка транспорта|||53.9951748|25.0562405|||[]||||[]|osm_poi:node/12589560285
Пашкавічы|остановка транспорта|||53.994399|25.0571176|||[]||||[]|osm_poi:node/12589560286
Янавічы|остановка транспорта|||53.9796859|25.0683507|||[]||||[]|osm_poi:node/12589560289
Янавічы|остановка транспорта|||53.9794461|25.0681884|||[]||||[]|osm_poi:node/12589560290
Гештаўты|остановка транспорта|||53.9505605|25.0783768|||[]||||[]|osm_poi:node/12589560292
Гештаўты|остановка транспорта|||53.950873|25.0786852|||[]||||[]|osm_poi:node/12589560294
Дачы/Наркуны|остановка транспорта|||53.9405031|25.1102092|||[]||||[]|osm_poi:node/12589560296
Дачы/Наркуны|остановка транспорта|||53.9403784|25.1102709|||[]||||[]|osm_poi:node/12589560297
Ворнішкі|остановка транспорта|||53.9453024|25.1260879|||[]||||[]|osm_poi:node/12589562101
Ворнішкі|остановка транспорта|||53.9444752|25.1227566|||[]||||[]|osm_poi:node/12589562102
Наркуны|остановка транспорта|||53.9497287|25.1433023|||[]||||[]|osm_poi:node/12589562103
Навіцкія|остановка транспорта|||53.934061|25.1906111|||[]||||[]|osm_poi:node/12589562111
Навіцкія|остановка транспорта|||53.9331736|25.1916599|||[]||||[]|osm_poi:node/12589562112
Табала|остановка транспорта|||53.6669709|25.2390836|||[]||||[]|osm_poi:node/12609026351
паварот на Яманты|остановка транспорта|||53.682996|25.2550991|||[]||||[]|osm_poi:node/12609026354
паварот на Яманты|остановка транспорта|||53.6821922|25.2561827|||[]||||[]|osm_poi:node/12609026355
Няцеч|остановка транспорта|||53.7013143|25.2317907|||[]||||[]|osm_poi:node/12609026358
Няцеч|остановка транспорта|||53.7002266|25.2319167|||[]||||[]|osm_poi:node/12609026359
Остановка|остановка транспорта|||53.7188144|25.2266167|||[]||||[]|osm_poi:node/12609026361
Остановка|остановка транспорта|||53.7184208|25.2265778|||[]||||[]|osm_poi:node/12609026362
Остановка|остановка транспорта|||53.7243382|25.2242269|||[]||||[]|osm_poi:node/12609026365
Цацкі|остановка транспорта|||53.7266543|25.2237499|||[]||||[]|osm_poi:node/12609026368
Цацкі|остановка транспорта|||53.7283808|25.2235809|||[]||||[]|osm_poi:node/12609026369
Культура|гостиница|||53.6794767|23.8300919|||[]||||[]|osm_poi:node/12610786890
аўтастанцыя Слонім|остановка транспорта|||53.0943718|25.3437254|||[]||||[]|osm_poi:node/12644719935
аўтастанцыя Дзятлава|остановка транспорта|||53.4688554|25.3998676|||[]||||[]|osm_poi:node/12644719937
аўтастанцыя Масты|остановка транспорта|||53.4070163|24.5342|||[]||||[]|osm_poi:node/12646938585
аўтастанцыя Шчучын|остановка транспорта|||53.6170207|24.7319605|||[]||||[]|osm_poi:node/12646938587
Кофейня 2707|кафе|||53.6712086|23.8055492|||[]|09:00-21:00|||[]|osm_poi:node/12648555931
Шайбакі|остановка транспорта|||53.7400949|24.7461596|||[]||||[]|osm_poi:node/12669450043
Пелеўцы|остановка транспорта|||53.7396173|24.5853958|||[]||||[]|osm_poi:node/12669450048
Пелеўцы|остановка транспорта|||53.7393667|24.5828155|||[]||||[]|osm_poi:node/12669450049
Лычкаўцы|остановка транспорта|||53.7462353|24.6388951|||[]||||[]|osm_poi:node/12669450052
Лычкаўцы|остановка транспорта|||53.7463146|24.6379886|||[]||||[]|osm_poi:node/12669450053
Карэвічы|остановка транспорта|||53.7494519|24.7238085|||[]||||[]|osm_poi:node/12669450058
Збражкі|остановка транспорта|||53.7517897|24.7908745|||[]||||[]|osm_poi:node/12669450062
Збражкі|остановка транспорта|||53.7514693|24.7896728|||[]||||[]|osm_poi:node/12669450063
Старыя Васілішкі|остановка транспорта|||53.7635716|24.8284925|||[]||||[]|osm_poi:node/12669450066
Васілішкі|остановка транспорта|||53.7767467|24.8484561|||[]||||[]|osm_poi:node/12669450069
Васілішкі|остановка транспорта|||53.7751061|24.8479465|||[]||||[]|osm_poi:node/12669450070
аўтавакзал Гродна|остановка транспорта|||53.6771851|23.8434828|||[]||||[]|osm_poi:node/12669450075
Pizza Play|ресторан|||53.6693227|23.8535773|||[]|Fr-Sa 10:00-23:30; Su-Th 10:00-22:30|||[]|osm_poi:node/12676271084
Мука Вода|кафе|||53.6307677|23.7452692|||[]|12:00-21:00|||[]|osm_poi:node/12676286105
Лаўцы|остановка транспорта|||53.6485842|25.7092874|||[]||||[]|osm_poi:node/12709256457
Оркавічы|остановка транспорта|||53.6811157|25.6423395|||[]||||[]|osm_poi:node/12709256463
Новая Гута|остановка транспорта|||53.6912324|25.5764725|||[]||||[]|osm_poi:node/12709256465
Новая Гута|остановка транспорта|||53.6915945|25.5741765|||[]||||[]|osm_poi:node/12709256466
Астроўна|остановка транспорта|||53.7072276|25.5383744|||[]||||[]|osm_poi:node/12709256468
Астроўна|остановка транспорта|||53.7083834|25.5358531|||[]||||[]|osm_poi:node/12709256469
аўтавакзал Навагрудак|остановка транспорта|||53.5920003|25.8193894|||[]||||[]|osm_poi:node/12709256471
Цэх|кафе|||53.6992973|23.8366788|||[]|Mo-Su 09:00-22:00|||[]|osm_poi:node/12710916662
Bafett|кафе|||53.6775854|23.8399202|||[]|Mo-Fr 10:00−19:00; Sa 10:00−16:00|||[]|osm_poi:node/12710931390
Паўлава|остановка транспорта|||53.2630444|25.2874367|||[]||||[]|osm_poi:node/12712309270
Остановка|остановка транспорта|||53.1741513|24.5240808|||[]||||[]|osm_poi:node/12715279333
Остановка|остановка транспорта|||53.1731208|24.5252234|||[]||||[]|osm_poi:node/12715279336
Остановка|остановка транспорта|||53.1715115|24.5365477|||[]||||[]|osm_poi:node/12715279349
Остановка|остановка транспорта|||53.1710693|24.5374623|||[]||||[]|osm_poi:node/12715279354
Остановка|остановка транспорта|||53.1688248|24.5442107|||[]||||[]|osm_poi:node/12715279375
Остановка|остановка транспорта|||53.1684373|24.5447391|||[]||||[]|osm_poi:node/12715279377
Остановка|остановка транспорта|||53.1618235|24.5571202|||[]||||[]|osm_poi:node/12715279389
Цэх керамікі|остановка транспорта|||53.1563088|24.4839343|||[]||||[]|osm_poi:node/12728526505
ДБУ-30|остановка транспорта|||53.1120156|24.412749|||[]||||[]|osm_poi:node/12728526510
Маладзёжная вуліца|остановка транспорта|||53.1740118|24.3917458|||[]||||[]|osm_poi:node/12728526512
Аўташкола|остановка транспорта|||53.1648131|24.4862372|||[]||||[]|osm_poi:node/12728526514
Ваўмет|остановка транспорта|||53.1570793|24.4337558|||[]||||[]|osm_poi:node/12728526516
Ваўмет|остановка транспорта|||53.1569977|24.4354282|||[]||||[]|osm_poi:node/12728526517
Кансервавы завод|остановка транспорта|||53.1197815|24.4118786|||[]||||[]|osm_poi:node/12728526519
Нафтабаза|остановка транспорта|||53.1209696|24.4075757|||[]||||[]|osm_poi:node/12728526521
Брэсцкая вуліца|остановка транспорта|||53.1584517|24.4600645|||[]||||[]|osm_poi:node/12728526523
Новая вуліца|остановка транспорта|||53.1406489|24.4552671|||[]||||[]|osm_poi:node/12728526526
вуліца Будаўнікоў|остановка транспорта|||53.1461562|24.4581291|||[]||||[]|osm_poi:node/12728526529
Межавая вуліца-2|остановка транспорта|||53.1438433|24.4599556|||[]||||[]|osm_poi:node/12728526531
Межавая вуліца-1|остановка транспорта|||53.1377853|24.4651287|||[]||||[]|osm_poi:node/12728526532
вуліца Нуржанава-2|остановка транспорта|||53.1360453|24.4617645|||[]||||[]|osm_poi:node/12728526535
вуліца Нуржанава-1|остановка транспорта|||53.1339762|24.458937|||[]||||[]|osm_poi:node/12728526536
Аўтадромная вуліца-2|остановка транспорта|||53.1398355|24.4520178|||[]||||[]|osm_poi:node/12728526539
Лявонавічы|остановка транспорта|||53.368747|25.2519299|||[]||||[]|osm_poi:node/12730303082
Лявонавічы|остановка транспорта|||53.3692656|25.2519058|||[]||||[]|osm_poi:node/12730303083
Мядзвінавічы|остановка транспорта|||53.3906173|25.2950352|||[]||||[]|osm_poi:node/12730303086
Мядзвінавічы|остановка транспорта|||53.3895216|25.2936056|||[]||||[]|osm_poi:node/12730303087
аўтастанцыя Карэлічы|остановка транспорта|||53.569295|26.1452589|||[]||||[]|osm_poi:node/12732403062
аўтавакзал Астравец|остановка транспорта|||54.6056723|25.9751768|||[]||||[]|osm_poi:node/12751739252
The Cult|ресторан|||53.6851282|23.8257778|||[]|Su-Th 08:00-23:00; Fr-Sa 08:00-00:00|||[]|osm_poi:node/12755561412
аўтавакзал Скідзель|остановка транспорта|||53.582374|24.2453491|||[]||||[]|osm_poi:node/12769525787
Остановка|остановка транспорта|||54.3038541|25.9726082|||[]||||[]|osm_poi:node/12769525788
Остановка|остановка транспорта|||54.3026203|25.9734795|||[]||||[]|osm_poi:node/12769525789
Каменка|остановка транспорта|||54.3038407|25.9723752|||[]||||[]|osm_poi:node/12769525790
Остановка|остановка транспорта|||54.4375961|25.9788843|||[]||||[]|osm_poi:node/12769525791
Остановка|остановка транспорта|||54.4374124|25.9781863|||[]||||[]|osm_poi:node/12769525792
Остановка|остановка транспорта|||54.4780811|26.3731747|||[]||||[]|osm_poi:node/12769525793
паварот на Солы|остановка транспорта|||54.5014868|26.2115815|||[]||||[]|osm_poi:node/12769525796
Остановка|остановка транспорта|||54.4863425|26.126162|||[]||||[]|osm_poi:node/12769525797
Остановка|остановка транспорта|||54.4686913|26.0864705|||[]||||[]|osm_poi:node/12769525798
Остановка|остановка транспорта|||54.4694741|26.0874502|||[]||||[]|osm_poi:node/12769525799
Остановка|остановка транспорта|||53.5825893|24.4197599|||[]||||[]|osm_poi:node/12769525800
Остановка|остановка транспорта|||53.5825586|24.4205459|||[]||||[]|osm_poi:node/12769542401
Zолото|кафе|||53.690814|23.8256295|||[]|Mo-Su 10:00-22:00|||[]|osm_poi:node/12772217196
Вішнева|остановка транспорта|||54.7045082|26.5218834|||[]||||[]|osm_poi:node/12778211621
Вішнева|остановка транспорта|||54.7050587|26.5222017|||[]||||[]|osm_poi:node/12778211622
Остановка|остановка транспорта|||54.4866004|26.4186236|||[]||||[]|osm_poi:node/12778765193
Остановка|остановка транспорта|||54.2819979|26.164898|||[]||||[]|osm_poi:node/12782266623
Остановка|остановка транспорта|||53.6196398|23.8438643|||[]||||[]|osm_poi:node/12793596478
Аўтавакзал|остановка транспорта|||54.605367|25.9762059|||[]||||[]|osm_poi:node/12804652732
Остановка|остановка транспорта|||54.6005543|25.9708053|||[]||||[]|osm_poi:node/12806783690
Остановка|остановка транспорта|||54.5969685|25.9420413|||[]||||[]|osm_poi:node/12806783691
Остановка|остановка транспорта|||54.5955327|25.9494013|||[]||||[]|osm_poi:node/12806783692
Остановка|остановка транспорта|||54.596263|25.9514129|||[]||||[]|osm_poi:node/12806783693
Остановка|остановка транспорта|||54.5973694|25.9577697|||[]||||[]|osm_poi:node/12806783694
Остановка|остановка транспорта|||54.596667|25.9569114|||[]||||[]|osm_poi:node/12806783695
Остановка|остановка транспорта|||54.5953275|25.9581828|||[]||||[]|osm_poi:node/12806783696
Остановка|остановка транспорта|||54.5941807|25.9582686|||[]||||[]|osm_poi:node/12806783697
Остановка|остановка транспорта|||54.5926019|25.9599692|||[]||||[]|osm_poi:node/12806783698
Остановка|остановка транспорта|||54.5922071|25.9615248|||[]||||[]|osm_poi:node/12806783699
Остановка|остановка транспорта|||54.5926065|25.9724817|||[]||||[]|osm_poi:node/12821261680
Остановка|остановка транспорта|||54.5918481|25.9716958|||[]||||[]|osm_poi:node/12821261681
Остановка|остановка транспорта|||54.5923625|25.9704486|||[]||||[]|osm_poi:node/12821261682
Остановка|остановка транспорта|||54.5987507|25.9546262|||[]||||[]|osm_poi:node/12821265354
Остановка|остановка транспорта|||54.5984477|25.9800106|||[]||||[]|osm_poi:node/12824403643
Остановка|остановка транспорта|||54.5998508|25.9833419|||[]||||[]|osm_poi:node/12824403649
Остановка|остановка транспорта|||54.6002058|25.9852825|||[]||||[]|osm_poi:node/12824403650
Остановка|остановка транспорта|||54.5846957|25.977594|||[]||||[]|osm_poi:node/12825170119
Каменка|остановка транспорта|||54.588269|25.9747213|||[]||||[]|osm_poi:node/12825170181
Остановка|остановка транспорта|||54.5870722|25.9750968|||[]||||[]|osm_poi:node/12825170182
Остановка|остановка транспорта|||54.5893258|25.9734768|||[]||||[]|osm_poi:node/12825170183
Туалет|туалет|||53.591529|24.7678798|||[]||||[]|osm_poi:node/12843621827
Гліняны 1|остановка транспорта|||53.6008338|24.2888103|||[]||||[]|osm_poi:node/12876558403
Бальніца|остановка транспорта|||53.5844144|24.2637853|||[]||||[]|osm_poi:node/12876558404
Аўтавакзал|остановка транспорта|||53.5822577|24.2459406|||[]||||[]|osm_poi:node/12876558408
Мэблябудканструкцыя|остановка транспорта|||53.5745867|24.2177061|||[]||||[]|osm_poi:node/12876558410
Чыгуначны вакзал|остановка транспорта|||53.5733843|24.2239121|||[]||||[]|osm_poi:node/12876558411
Остановка|остановка транспорта|||53.6121484|23.835257|||[]||||[]|osm_poi:node/12877799007
Малая Альшанка|остановка транспорта|||53.6119946|23.8362494|||[]||||[]|osm_poi:node/12877799008
Туалет|туалет|||53.8712839|23.7547185|||[]|24/7|||[]|osm_poi:node/12900515701
Shaw-Books|кафе|||53.706559|23.8407199|||[]|Mo-Su 11:00-23:00|||[]|osm_poi:node/12921410046
Shaw Books|кафе|||53.6798609|23.8305918|||[]|Mo-Fr 08:00-04:00; Sa-Su 06:00-08:00|||[]|osm_poi:node/12921795973
Вуліца Маладая|остановка транспорта|||53.6383143|23.907102|||[]||||[]|osm_poi:node/12927273601
Мува|кафе|||53.7064893|23.840853|||[]|Mo-Su 10:00-22:00|||[]|osm_poi:node/12928472978
Остановка|остановка транспорта|||53.758469|23.9378134|||[]||||[]|osm_poi:node/12951258547
Rio Cofee|кафе|||53.7217088|23.8697355|||[]|Mo-Fr 09:00-22:00; Sa-Su 10:00-22:00|||[]|osm_poi:node/12953700755
Просто кофе|кафе|||53.6207036|23.8072793|||[]|11:00-23:00|||[]|osm_poi:node/12953761590
Юрʼе|остановка транспорта|||53.6001842|24.2136493|||[]||||[]|osm_poi:node/12972344871
Туалет|туалет|||53.4094474|24.5708348|||[]||||[]|osm_poi:node/12978649877
Туалет|туалет|||53.4113911|24.5653684|||[]||||[]|osm_poi:node/12978649879
Grand|кафе|||53.6852446|23.8429857|||[]|Mo-Th 09:00-22:00; Fr-Su 10:00-23:00|||[]|osm_poi:node/12984255794
Туалет|туалет|||53.1586823|24.8146384|||[]|Su,Mo-Th 09:00-22:00; Fr,Sa 09:00-23:00|no||[]|osm_poi:node/12987207264
Туалет|туалет|||53.6405653|23.8644521|||[]||||[]|osm_poi:node/12990031196
Школа №3|остановка транспорта|||53.3964318|24.5367953|||[]||||[]|osm_poi:node/12995324308
Мостык|остановка транспорта|||53.4233344|24.6123479|||[]||||[]|osm_poi:node/12995324310
праспект Міру|остановка транспорта|||53.4236844|24.5538067|||[]||||[]|osm_poi:node/12995324315
Райгаз|остановка транспорта|||53.4145113|24.5133788|||[]||||[]|osm_poi:node/12996710580
Вялікія Сцяпанішкі ПТ|остановка транспорта|||53.4365512|24.5783286|||[]||||[]|osm_poi:node/12996710582
Вялікія Сцяпанішкі ПТ|остановка транспорта|||53.4363517|24.5782532|||[]||||[]|osm_poi:node/12996710584
Марс|остановка транспорта|||53.4312863|24.5740421|||[]||||[]|osm_poi:node/12996710585
вуліца Каліноўскага|остановка транспорта|||53.4247353|24.5650102|||[]||||[]|osm_poi:node/12996710588
вуліца Крыўца|остановка транспорта|||53.4236964|24.5753179|||[]||||[]|osm_poi:node/12996710589
Сельгастэхніка|остановка транспорта|||53.4206904|24.5597864|||[]||||[]|osm_poi:node/12996710593
Сельгастэхніка|остановка транспорта|||53.4206089|24.559427|||[]||||[]|osm_poi:node/12996710594
Туалет|туалет|||53.7274015|23.8750239|||[]||||[]|osm_poi:node/12998264392
Грандзічы-3|остановка транспорта|||53.7239232|23.8853662|||[]||||[]|osm_poi:node/12998277382
вуліца Каліноўскага|остановка транспорта|||53.4285254|24.5560459|||[]||||[]|osm_poi:node/13011167711
Джонго|ресторан|||53.6773532|23.8354667|||[]|Mo-Su 11:00-23:00|||[]|osm_poi:node/13012335358
Вуліца Чурлёніса|остановка транспорта|||53.730798|23.8360542|||[]||||[]|osm_poi:node/13012390405
Зарыца-5|остановка транспорта|||53.7311875|23.8358872|||[]||||[]|osm_poi:node/13012390406
Зарыца-5|остановка транспорта|||53.7336898|23.8349191|||[]||||[]|osm_poi:node/13012390407
Вуліца Ліпеньская|остановка транспорта|||53.7381489|23.8369187|||[]||||[]|osm_poi:node/13012390408
Вуліца Ліпеньская|остановка транспорта|||53.7380869|23.8356208|||[]||||[]|osm_poi:node/13012390409
Вуліца Калгасная|остановка транспорта|||53.7380591|23.8433563|||[]||||[]|osm_poi:node/13012390410
Вуліца Калгасная|остановка транспорта|||53.7380022|23.8428942|||[]||||[]|osm_poi:node/13012390411
Остановка|остановка транспорта|||53.6584763|24.16817|||[]||||[]|osm_poi:node/13015240318
Санстацыя|остановка транспорта|||53.5820869|25.8112674|||[]||||[]|osm_poi:node/13025901480
вуліца Драздовіча|остановка транспорта|||53.58334|25.8028801|||[]||||[]|osm_poi:node/13025901482
вуліца Карскага|остановка транспорта|||53.5892404|25.8013174|||[]||||[]|osm_poi:node/13025901484
вуліца Юбілейная|остановка транспорта|||53.5917174|25.8064562|||[]||||[]|osm_poi:node/13025901486
ДЭУ-56|остановка транспорта|||53.5790818|25.8169447|||[]||||[]|osm_poi:node/13025901487
Паўднёвы Захад - 1|остановка транспорта|||53.5862201|25.8087739|||[]||||[]|osm_poi:node/13025901493
Завод металавырабаў|остановка транспорта|||53.5888423|25.8132962|||[]||||[]|osm_poi:node/13025901495
вуліца Міцкевіча|остановка транспорта|||53.5915281|25.8175635|||[]||||[]|osm_poi:node/13025901497
Хлебазавод|остановка транспорта|||53.6000078|25.8094713|||[]||||[]|osm_poi:node/13025901500
вуліца Чапаева|остановка транспорта|||53.6026006|25.8117378|||[]||||[]|osm_poi:node/13025995202
вуліца Кастрычніцкая|остановка транспорта|||53.6020817|25.8194062|||[]||||[]|osm_poi:node/13025995203
Белаграпрамбанк|остановка транспорта|||53.5969246|25.8267152|||[]||||[]|osm_poi:node/13025995204
вуліца Юбілейная|остановка транспорта|||53.592063|25.8079505|||[]||||[]|osm_poi:node/13025995208
вуліца Карскага|остановка транспорта|||53.5884256|25.8002945|||[]||||[]|osm_poi:node/13025995210
вуліца Драздовіча|остановка транспорта|||53.5852487|25.7995482|||[]||||[]|osm_poi:node/13025995212
Бальніца|остановка транспорта|||53.5954082|25.8121902|||[]||||[]|osm_poi:node/13027822210
Швейная фабрыка|остановка транспорта|||53.5885483|25.8187369|||[]||||[]|osm_poi:node/13027822213
Электрасеткі|остановка транспорта|||53.5857031|25.8155236|||[]||||[]|osm_poi:node/13027822214
Аграсядзіба «Вітаўт»|гостиница|||53.1409915|24.805761|||[]||||[]|osm_poi:node/13036782592
Метраполь 2|остановка транспорта|||53.595455|25.7911604|||[]||||[]|osm_poi:node/13042472181
вуліца Валчэцкага|остановка транспорта|||53.598113|25.8109815|||[]||||[]|osm_poi:node/13042472186
плошча Леніна|остановка транспорта|||53.5978484|25.8246727|||[]||||[]|osm_poi:node/13042472188
Школа №1|остановка транспорта|||53.6016668|25.8235864|||[]||||[]|osm_poi:node/13042472190
вуліца Паркавая|остановка транспорта|||53.603855|25.8236336|||[]||||[]|osm_poi:node/13042472192
вуліца Эканомія|остановка транспорта|||53.6126346|25.8352586|||[]||||[]|osm_poi:node/13042472193
вуліца Люсі Сячко|остановка транспорта|||53.6098387|25.8241006|||[]||||[]|osm_poi:node/13042472194
вуліца Люсі Сячко|остановка транспорта|||53.6100329|25.8241381|||[]||||[]|osm_poi:node/13042472197
вуліца Падгорная|остановка транспорта|||53.606077|25.8231354|||[]||||[]|osm_poi:node/13042472200
вуліца Падгорная|остановка транспорта|||53.6064112|25.8229074|||[]||||[]|osm_poi:node/13042475101
Школа №1|остановка транспорта|||53.6020178|25.8240876|||[]||||[]|osm_poi:node/13042475102
Дом побыту|остановка транспорта|||53.5958849|25.8236558|||[]||||[]|osm_poi:node/13042475104
Ваенкамат|остановка транспорта|||53.5983387|25.8159203|||[]||||[]|osm_poi:node/13042475107
Ваенкамат|остановка транспорта|||53.5981922|25.8168939|||[]||||[]|osm_poi:node/13042475108
вуліца Валчэцкага|остановка транспорта|||53.5980163|25.8113096|||[]||||[]|osm_poi:node/13042475110
Батароўка|остановка транспорта|||53.5732642|25.7811781|||[]||||[]|osm_poi:node/13043770550
Грандзічы-24|остановка транспорта|||53.7265207|23.8887808|||[]||||[]|osm_poi:node/13043788108
вуліца Леніна|остановка транспорта|||53.5810802|25.8261534|||[]||||[]|osm_poi:node/13045054331
СТА|остановка транспорта|||53.5854271|25.8252388|||[]||||[]|osm_poi:node/13045054333
Райвыканкам|остановка транспорта|||53.5944148|25.8221302|||[]||||[]|osm_poi:node/13045054335
Завод металавырабаў|остановка транспорта|||53.5890314|25.8140012|||[]||||[]|osm_poi:node/13059024699
Паўднёвы Захад - 1|остановка транспорта|||53.5866787|25.8101238|||[]||||[]|osm_poi:node/13059096901
"Садаводчае таварыства ""Здароўе"""|остановка транспорта|||53.5748762|25.817782|||[]||||[]|osm_poi:node/13059096902
Остановка|остановка транспорта|||53.3168672|25.2881285|||[]||||[]|osm_poi:node/13064226699
Комнаты отдыха ДЮСШ|гостиница|||53.4198912|24.5564457|||[]||||[]|osm_poi:node/13068390062
Остановка|остановка транспорта|||53.6101497|23.8222935|||[]||||[]|osm_poi:node/13071440988
Туалет|туалет|||53.8861211|24.1351842|||[]||||[]|osm_poi:node/13072089004
Навагрудскія Дары|остановка транспорта|||53.6049642|25.8441268|||[]||||[]|osm_poi:node/13073653048
вуліца Мінская|остановка транспорта|||53.6000159|25.8343407|||[]||||[]|osm_poi:node/13073653053
вуліца 1 Мая|остановка транспорта|||53.6023859|25.8359715|||[]||||[]|osm_poi:node/13073653054
гасцініца Крокус|остановка транспорта|||53.6038208|25.8410843|||[]||||[]|osm_poi:node/13073653056
Гарадзілаўка|остановка транспорта|||53.6075161|25.852528|||[]||||[]|osm_poi:node/13073653057
Гудзянікі|остановка транспорта|||54.6790155|26.1825585|||[]||||[]|osm_poi:node/13075798546
Остановка|остановка транспорта|||53.2412891|24.4626515|||[]||||[]|osm_poi:node/13085117589
вуліца Мендзялеева|остановка транспорта|||53.5886871|25.8442602|||[]||||[]|osm_poi:node/13091863828
Ветлякарня|остановка транспорта|||53.5922198|25.8426602|||[]||||[]|osm_poi:node/13091863837
Стадыён|остановка транспорта|||53.594544|25.8390634|||[]||||[]|osm_poi:node/13091863839
вуліца Зорная|остановка транспорта|||53.6154134|25.867885|||[]||||[]|osm_poi:node/13091863841
Гарадзечна-2|остановка транспорта|||53.6227004|25.8870687|||[]||||[]|osm_poi:node/13091863844
Гарадзечна-2|остановка транспорта|||53.6232007|25.8904087|||[]||||[]|osm_poi:node/13091863845
Гарадзечна-1|остановка транспорта|||53.6202421|25.878367|||[]||||[]|osm_poi:node/13091863848
Гарадзечна-1|остановка транспорта|||53.6198444|25.8773827|||[]||||[]|osm_poi:node/13091863849
вуліца Спартовая|остановка транспорта|||53.5978957|25.8442204|||[]||||[]|osm_poi:node/13091863851
Навагрудскія Дары|остановка транспорта|||53.6046577|25.8458611|||[]||||[]|osm_poi:node/13091863853
вуліца Спартовая|остановка транспорта|||53.5991682|25.8454417|||[]||||[]|osm_poi:node/13091863855
плошча Леніна|остановка транспорта|||53.5989083|25.8267527|||[]||||[]|osm_poi:node/13091863859
вуліца Каліноўскага|остановка транспорта|||53.5893176|25.8356005|||[]||||[]|osm_poi:node/13091863860
вуліца Інтэрнацыянальная|остановка транспорта|||53.5867221|25.8409648|||[]||||[]|osm_poi:node/13091863862
вуліца Каліноўскага|остановка транспорта|||53.590274|25.8344296|||[]||||[]|osm_poi:node/13091863864
Школа №3|остановка транспорта|||53.5924519|25.8292435|||[]||||[]|osm_poi:node/13091863866
Остановка|остановка транспорта|||53.2334584|24.5462506|||[]||||[]|osm_poi:node/13094977498
Остановка|остановка транспорта|||53.2349507|24.547947|||[]||||[]|osm_poi:node/13094977500
Галубы|остановка транспорта|||53.4640605|24.9354699|||[]||||[]|osm_poi:node/13097110358
Галубы|остановка транспорта|||53.4643559|24.9344534|||[]||||[]|osm_poi:node/13097110367
Остановка|остановка транспорта|||53.4033207|26.318978|||[]||||[]|osm_poi:node/13105564317
Остановка|остановка транспорта|||53.4039176|26.3192134|||[]||||[]|osm_poi:node/13105564318
вуліца Свярдлова|остановка транспорта|||53.5960212|25.8365823|||[]||||[]|osm_poi:node/13108174318
вуліца Свярдлова|остановка транспорта|||53.596346|25.8348603|||[]||||[]|osm_poi:node/13108174319
Старое Сяло|остановка транспорта|||53.1823778|24.9254197|||[]||||[]|osm_poi:node/13112028893
Остановка|остановка транспорта|||53.2048711|25.1443604|||[]||||[]|osm_poi:node/13112208058
Остановка|остановка транспорта|||53.2045505|25.144237|||[]||||[]|osm_poi:node/13112208061
Остановка|остановка транспорта|||53.1898844|25.1497194|||[]||||[]|osm_poi:node/13112282852
Остановка|остановка транспорта|||53.1907072|25.1496363|||[]||||[]|osm_poi:node/13112282854
вуліца Дабрыяна|остановка транспорта|||53.1019511|25.2993076|||[]||||[]|osm_poi:node/13112529545
вуліца Дабрыяна|остановка транспорта|||53.1024052|25.2989669|||[]||||[]|osm_poi:node/13112529548
Коцькі|остановка транспорта|||53.432306|25.5831912|||[]||||[]|osm_poi:node/13114142988
Остановка|остановка транспорта|||53.3949575|25.5885985|||[]||||[]|osm_poi:node/13114170650
Остановка|остановка транспорта|||53.3943306|25.5889741|||[]||||[]|osm_poi:node/13114170656
Агароднікі|остановка транспорта|||53.3659315|25.6029242|||[]||||[]|osm_poi:node/13114170675
Агароднікі|остановка транспорта|||53.3681337|25.6037182|||[]||||[]|osm_poi:node/13114170676
Остановка|остановка транспорта|||52.9898808|25.0460145|||[]||||[]|osm_poi:node/13114334201
Остановка|остановка транспорта|||52.9894271|25.0466153|||[]||||[]|osm_poi:node/13114334204
Остановка|остановка транспорта|||53.5129434|24.9765667|||[]||||[]|osm_poi:node/13114604508
Остановка|остановка транспорта|||53.5124014|24.9774143|||[]||||[]|osm_poi:node/13114604518
Остановка|остановка транспорта|||53.5090343|24.9810259|||[]||||[]|osm_poi:node/13114604530
Рутка 1|остановка транспорта|||53.574277|25.8981333|||[]||||[]|osm_poi:node/13142005726
Рутка 1|остановка транспорта|||53.5739808|25.8973608|||[]||||[]|osm_poi:node/13142005728
Рутка 2|остановка транспорта|||53.5789874|25.9240148|||[]||||[]|osm_poi:node/13142005729
Чамяроўка|остановка транспорта|||53.583244|25.8606163|||[]||||[]|osm_poi:node/13142005732
Чамяроўка|остановка транспорта|||53.5824446|25.8617885|||[]||||[]|osm_poi:node/13142005733
Лапенкі|остановка транспорта|||53.7196514|23.846303|||[]||||[]|osm_poi:node/13149215414
Бальніца|остановка транспорта|||53.3280095|25.3117304|||[]||||[]|osm_poi:node/13179337585
Бальніца|остановка транспорта|||53.3293062|25.3140382|||[]||||[]|osm_poi:node/13179337586
Шаурма City|кафе|||53.6751178|23.7751333|||[]|Mo-Su 10:00-23:00|||[]|osm_poi:node/13188561250
Дзен|гостиница|||53.670399|23.8363024|||[]||||[]|osm_poi:node/13188588345
Дзен|гостиница|||53.6703725|23.8363065|||[]||||[]|osm_poi:node/13188588346
Деревянный домик|гостиница|||53.6342594|23.7281768|||[]||||[]|osm_poi:node/13190300755
КартКафе|кафе|||53.7140562|23.8145418|||[]|Mo-Su 10:00-22:00|||[]|osm_poi:node/13201232939
Дворик|кафе|||53.6795407|23.8302876|||[]|Mo-Fr 11:00-21:00; Sa-Su 11:00-22:00|||[]|osm_poi:node/13201390333
вуліца Астроўскага|остановка транспорта|||53.0871768|25.3444868|||[]||||[]|osm_poi:node/13208090797
вуліца Карбышава|остановка транспорта|||53.0985305|25.3012326|||[]||||[]|osm_poi:node/13208090799
вуліца Пушкіна|остановка транспорта|||53.1000181|25.3030291|||[]||||[]|osm_poi:node/13208108601
Лесгас|остановка транспорта|||53.0934298|25.3295515|||[]||||[]|osm_poi:node/13208108603
Лесгас|остановка транспорта|||53.0942947|25.3297594|||[]||||[]|osm_poi:node/13208108604
Будаўнічае ўпраўленне №187|остановка транспорта|||53.0908551|25.3317972|||[]||||[]|osm_poi:node/13208108607
Будаўнічае ўпраўленне №187|остановка транспорта|||53.0909824|25.3323954|||[]||||[]|osm_poi:node/13208108608
вуліца Астроўскага|остановка транспорта|||53.0869592|25.3441461|||[]||||[]|osm_poi:node/13208108610
Заўжды цікаVа|кафе|||54.4399393|25.9644746|||[]|24/7|||[]|osm_poi:node/13227585264
Заўжды цікаVа|кафе||Каменны Лог|54.5368075|25.7241488|||[]|24/7|||[]|osm_poi:node/13227602566
Остановка|остановка транспорта|||54.6108886|25.9326615|||[]||||[]|osm_poi:node/13227622825
Остановка|остановка транспорта|||54.3674295|26.464308|||[]||||[]|osm_poi:node/13235464405
Остановка|остановка транспорта|||54.3673366|26.4638169|||[]||||[]|osm_poi:node/13235464406
Сярэдняя школа №5|остановка транспорта|||53.0881874|25.3217657|||[]||||[]|osm_poi:node/13242469543
Белая русь|кафе|||53.890993|25.3037949|||[]||||[]|osm_poi:node/13245557374
Заўжды цікаVа|кафе|||53.8781961|25.2743161|||[]|24/7|||[]|osm_poi:node/13245557379
Туалет|туалет|||53.1054662|25.586702|||[]||||[]|osm_poi:node/13246586408
Оазис|кафе|||53.8936777|25.3001645|||[]|Mo-Su 10:00-22:00|||[]|osm_poi:node/13247689150
Мебель. Линия мебели|кафе|||53.9011571|25.3174286|||[]||||[]|osm_poi:node/13249786136
33 пингвина|кафе|||53.8973848|25.3229774|||[]||||[]|osm_poi:node/13249786148
Пон-пушка|кафе|||53.897348|25.3225952|||[]||||[]|osm_poi:node/13249786149
Остановка|остановка транспорта|||53.02946|24.1238174|||[]||||[]|osm_poi:node/13251360330
Слабацкі кут|кафе|||53.8713135|25.2896784|||[]||||[]|osm_poi:node/13252073775
Заўжды цікаVа|кафе||Ліда|53.9421617|25.2536452|||[]|24/7|||[]|osm_poi:node/13252073800
Заўжды цікаVа|кафе|||53.844466|25.183775|||[]|Mo-Su 06:00-22:00|||[]|osm_poi:node/13254095772
Заўжды цікаVа|кафе|||53.8737567|25.316866|||[]||||[]|osm_poi:node/13254095776
HOME|кафе||Свіслач|53.0379067|24.0972546|||[]||||[]|osm_poi:node/13254881697
вуліца Чырвоных партызан|остановка транспорта|||53.1118599|25.3360623|||[]||||[]|osm_poi:node/13255282268
вуліца Чырвоных партызан|остановка транспорта|||53.1125796|25.3358504|||[]||||[]|osm_poi:node/13255282270
могілкі Чырвоных партызан|остановка транспорта|||53.1187737|25.3349198|||[]||||[]|osm_poi:node/13255282271
вуліца Якуба Коласа|остановка транспорта|||53.1130178|25.343189|||[]||||[]|osm_poi:node/13255282272
Бортнікі|остановка транспорта|||53.0826198|24.1434698|||[]||||[]|osm_poi:node/13266741657
Бортнікі|остановка транспорта|||53.0832715|24.1431835|||[]||||[]|osm_poi:node/13266741658
Остановка|остановка транспорта|||53.5779263|25.8790925|||[]||||[]|osm_poi:node/13274138477
Crepes Lab|кафе|||53.688646|23.7884055|||[]|11:00-22:00|||[]|osm_poi:node/13277702750
Остановка|остановка транспорта|||53.9667527|25.9715082|||[]||||[]|osm_poi:node/13281193863
вуліца Вялікая|остановка транспорта|||53.6180669|23.7383925|||[]||||[]|osm_poi:node/13281221013
вуліца Раскошная|остановка транспорта|||53.6117261|23.7395693|||[]||||[]|osm_poi:node/13281221014
вуліца Цюльпанавая|остановка транспорта|||53.6074747|23.7396318|||[]||||[]|osm_poi:node/13281221054
вуліца Перспектыўная|остановка транспорта|||53.604835|23.7435653|||[]||||[]|osm_poi:node/13281221055
вуліца Перспектыўная|остановка транспорта|||53.6047611|23.7448006|||[]||||[]|osm_poi:node/13281221056
вуліца Гасцінная|остановка транспорта|||53.6229404|23.7413962|||[]||||[]|osm_poi:node/13281221057
вуліца Заранкавая|остановка транспорта|||53.6302215|23.7451772|||[]||||[]|osm_poi:node/13281221058
Заўжды цікаVа|кафе||Гродна|53.6737368|23.8702079|||[]|24/7|||[]|osm_poi:node/13284715352
Заўжды цікаVа|кафе||Гродна|53.6488143|23.8030495|||[]|24/7|||[]|osm_poi:node/13284792983
Заўжды цікаVа|кафе||Гродна|53.6972697|23.8817871|||[]|24/7|||[]|osm_poi:node/13284832578
Заўжды цікаVа|кафе||Гродна|53.6721703|23.8337731|||[]|24/7|||[]|osm_poi:node/13284849904
Заўжды цікаVа|кафе||Гродна|53.6973342|23.8320262|||[]|24/7|||[]|osm_poi:node/13284870960
вуліца Зорная|остановка транспорта|||53.0914727|25.392108|||[]||||[]|osm_poi:node/13288472550
Заўжды цікаVа|кафе||Гродна|53.6453536|23.8728048|||[]|24/7|||[]|osm_poi:node/13293960878
Заўжды цікаVа|кафе|||54.6134471|26.0145556|||[]|24/7|||[]|osm_poi:node/13296410137
Заўжды цікаVа|кафе|||54.3384766|26.2093179|||[]|24/7|||[]|osm_poi:node/13296410139
Заўжды цікаVа|кафе||Смаргонь|54.4733395|26.4148277|||[]|24/7|||[]|osm_poi:node/13296410145
Заўжды цікаVа|кафе|||53.9426961|26.1476934|||[]|24/7|||[]|osm_poi:node/13296555073
Заўжды цікаVа|кафе|||53.721301|24.1951301|||[]|24/7|||[]|osm_poi:node/13296557474
вуліца Дружбы|остановка транспорта|||54.4185949|25.9327056|||[]||||[]|osm_poi:node/13339755643
вуліца 60 год БССР|остановка транспорта|||54.4190752|25.9397219|||[]||||[]|osm_poi:node/13339755644
вуліца Камуністычная|остановка транспорта|||54.4192971|25.9432678|||[]||||[]|osm_poi:node/13339755646
вуліца Кірава-2|остановка транспорта|||54.4173057|25.9399633|||[]||||[]|osm_poi:node/13339755647
вуліца Кірава-1|остановка транспорта|||54.4155533|25.934967|||[]||||[]|osm_poi:node/13339755649
Ямми|кафе|||53.6845918|23.8432591|||[]|Su-Th 10:30-22:00; Fr-Sa 10:30-23:00|||[]|osm_poi:node/13341546345
урочышча Сухая Даліна|остановка транспорта|||54.427516|25.9652798|||[]||||[]|osm_poi:node/13341830098
Ільнозавод|остановка транспорта|||54.4212287|25.9696455|||[]||||[]|osm_poi:node/13341843803
вуліца Кутузава|остановка транспорта|||54.4126204|25.9366653|||[]||||[]|osm_poi:node/13341843808
вуліца Янкі Купалы-1|остановка транспорта|||54.4154449|25.9435706|||[]||||[]|osm_poi:node/13341843811
вуліца Янкі Купалы-2|остановка транспорта|||54.4193037|25.9501008|||[]||||[]|osm_poi:node/13341843813
вуліца Янкі Купалы-2|остановка транспорта|||54.4208355|25.9526686|||[]||||[]|osm_poi:node/13341843815
вуліца Янкі Купалы-1|остановка транспорта|||54.4167029|25.9465277|||[]||||[]|osm_poi:node/13341843816
вуліца Кутузава-2|остановка транспорта|||54.4134736|25.9391677|||[]||||[]|osm_poi:node/13341843818
вуліца Кутузава-1|остановка транспорта|||54.4116801|25.9348458|||[]||||[]|osm_poi:node/13341843819
Bovini|ресторан|||53.6763091|23.8385202|||[]|Su-Th 18:00-02:00; Fr-Sa 18:00-06:00|||[]|osm_poi:node/13343397562
Будзёнаўка|остановка транспорта|||54.4158712|25.9078757|||[]||||[]|osm_poi:node/13356958073
вуліца Чэслава Янкоўскага|остановка транспорта|||54.4246002|25.9516941|||[]||||[]|osm_poi:node/13356992603
Багданішкі|остановка транспорта|||54.4163431|25.9884127|||[]||||[]|osm_poi:node/13358720543
Багданішкі|остановка транспорта|||54.4173903|25.9863474|||[]||||[]|osm_poi:node/13358720544
Гаражны кааператыў №9|остановка транспорта|||54.5164493|26.3696089|||[]||||[]|osm_poi:node/13360138855
Гаражны кааператыў №9|остановка транспорта|||54.515095|26.3690606|||[]||||[]|osm_poi:node/13360138856
Індустрыяльны праспект|остановка транспорта|||54.5222748|26.369556|||[]||||[]|osm_poi:node/13360138857
Індустрыяльны праспект|остановка транспорта|||54.5210632|26.3690918|||[]||||[]|osm_poi:node/13360138858
Прамысловы|остановка транспорта|||54.5266973|26.3695332|||[]||||[]|osm_poi:node/13360138859
Прамысловы|остановка транспорта|||54.5254743|26.3690402|||[]||||[]|osm_poi:node/13360138860
Кацельня|остановка транспорта|||54.5294041|26.3690007|||[]||||[]|osm_poi:node/13360138861
Прамысловы|остановка транспорта|||54.5300707|26.3705811|||[]||||[]|osm_poi:node/13360138862
Остановка|остановка транспорта|||54.5303829|26.3712252|||[]||||[]|osm_poi:node/13360138863
Рыбакі|остановка транспорта|||54.5301488|26.3792597|||[]||||[]|osm_poi:node/13360138864
Рыбакі|остановка транспорта|||54.5304248|26.3808534|||[]||||[]|osm_poi:node/13360138865
Агрэгатны завод|остановка транспорта|||54.5421517|26.3813898|||[]||||[]|osm_poi:node/13360138866
Остановка|остановка транспорта|||54.5779651|26.3951076|||[]||||[]|osm_poi:node/13360267697
Остановка|остановка транспорта|||54.5764936|26.4019674|||[]||||[]|osm_poi:node/13360267698
Остановка|остановка транспорта|||54.5775151|26.403192|||[]||||[]|osm_poi:node/13360267699
Остановка|остановка транспорта|||54.5883453|26.4075597|||[]||||[]|osm_poi:node/13360267700
Остановка|остановка транспорта|||54.5892996|26.4088632|||[]||||[]|osm_poi:node/13360279401
Остановка|остановка транспорта|||54.6352522|26.4335664|||[]||||[]|osm_poi:node/13360279402
Остановка|остановка транспорта|||54.6359023|26.4340684|||[]||||[]|osm_poi:node/13360279403
Остановка|остановка транспорта|||54.6431807|26.4365952|||[]||||[]|osm_poi:node/13360279404
Остановка|остановка транспорта|||54.6444953|26.4371467|||[]||||[]|osm_poi:node/13360279405
Остановка|остановка транспорта|||54.658733|26.4268848|||[]||||[]|osm_poi:node/13360279406
Остановка|остановка транспорта|||54.6593373|26.4263522|||[]||||[]|osm_poi:node/13360279407
Остановка|остановка транспорта|||54.6715388|26.4078876|||[]||||[]|osm_poi:node/13360279408
Остановка|остановка транспорта|||54.6720615|26.4078464|||[]||||[]|osm_poi:node/13360279409
Остановка|остановка транспорта|||54.7156559|26.3711613|||[]||||[]|osm_poi:node/13360279410
Остановка|остановка транспорта|||54.7163924|26.3714415|||[]||||[]|osm_poi:node/13360279411
Остановка|остановка транспорта|||54.7231269|26.3753002|||[]||||[]|osm_poi:node/13360279412
Остановка|остановка транспорта|||54.7458266|26.3841625|||[]||||[]|osm_poi:node/13360279413
Остановка|остановка транспорта|||54.756661|26.3872478|||[]||||[]|osm_poi:node/13360279414
Остановка|остановка транспорта|||54.7574646|26.3873894|||[]||||[]|osm_poi:node/13360279415
Остановка|остановка транспорта|||54.7680802|26.3868964|||[]||||[]|osm_poi:node/13360279416
Остановка|остановка транспорта|||54.7683966|26.3869087|||[]||||[]|osm_poi:node/13360279417
Крыжовка|остановка транспорта|||54.7853113|26.3872445|||[]||||[]|osm_poi:node/13360279418
Остановка|остановка транспорта|||54.6861455|26.5447422|||[]||||[]|osm_poi:node/13360390292
Остановка|остановка транспорта|||54.6851749|26.5450855|||[]||||[]|osm_poi:node/13360390293
Остановка|остановка транспорта|||54.593089|26.5812779|||[]||||[]|osm_poi:node/13360390294
Остановка|остановка транспорта|||54.5923097|26.5820728|||[]||||[]|osm_poi:node/13360390295
Остановка|остановка транспорта|||54.5868657|26.591388|||[]||||[]|osm_poi:node/13360390296
Остановка|остановка транспорта|||54.5863851|26.5916848|||[]||||[]|osm_poi:node/13360390297
Остановка|остановка транспорта|||54.5533576|26.6768334|||[]||||[]|osm_poi:node/13360403406
Остановка|остановка транспорта|||54.2535638|25.4326896|||[]||||[]|osm_poi:node/13363175737
Остановка|остановка транспорта|||54.2535902|25.4342122|||[]||||[]|osm_poi:node/13363175738
Будзёнаўка|остановка транспорта|||54.4259414|25.8983856|||[]||||[]|osm_poi:node/13373347312
Павяжы|остановка транспорта|||54.4103371|25.9782297|||[]||||[]|osm_poi:node/13410051289
ТЦСА|остановка транспорта|||54.4219781|25.9126529|||[]||||[]|osm_poi:node/13410051292
Школа №17|остановка транспорта|||53.8936231|25.2575979|||[]||||[]|osm_poi:node/13423155109
мікрараён Чырвонаармейскі|остановка транспорта|||53.8947363|25.2638283|||[]||||[]|osm_poi:node/13423155112
Заўжды цікаVа|кафе|||53.0999599|25.3335466|||[]|24/7|||[]|osm_poi:node/13432427009
Заўжды цікаVа|кафе|||53.6208273|23.8661419|||[]|24/7|||[]|osm_poi:node/13433964624
вуліца Тухачэўскага|остановка транспорта|||53.8993088|25.2594984|||[]||||[]|osm_poi:node/13437052768
вуліца Баграціёна|остановка транспорта|||53.8971853|25.2691716|||[]||||[]|osm_poi:node/13437052770
Остановка|остановка транспорта|||53.7226009|24.8761761|||[]||||[]|osm_poi:node/13437786310
Остановка|остановка транспорта|||53.7215262|24.8768035|||[]||||[]|osm_poi:node/13437786311
Туалет|туалет|||53.5723332|24.2240514|||[]||||[]|osm_poi:node/13437881901
Заўжды цікаVа|кафе||Воранава|54.1405663|25.3139256|||[]|24/7|||[]|osm_poi:node/13439525729
Белсалттрэйд|остановка транспорта|||53.9556732|25.2475744|||[]||||[]|osm_poi:node/13444713734
Varka|кафе|||53.8972631|25.3226442|||[]|Mo-Su 10:00-22:00|||[]|osm_poi:node/13449465265
Varka|кафе|||53.083708|25.3237358|||[]|Mo-Fr 09:00-22:00; Sa-Su 10:00-23:00|||[]|osm_poi:node/13449465266
Остановка|остановка транспорта|||54.2753305|25.4469684|||[]||||[]|osm_poi:node/13449830343
Остановка|остановка транспорта|||54.2759213|25.4472632|||[]||||[]|osm_poi:node/13449830344
Заўжды цікаVа|кафе|||53.5318216|23.6846771|||[]|24/7|||[]|osm_poi:node/13450189582
Заўжды цікаVа|кафе|||52.9296059|24.3566681|||[]|24/7|||[]|osm_poi:node/13451962205
Заўжды цікаVа|кафе|||53.6372166|23.8782011|||[]|24/7|||[]|osm_poi:node/13451962208
Заўжды цікаVа|кафе|||53.0582434|25.4745751|||[]|24/7|||[]|osm_poi:node/13451980681
Заўжды цікаVа|кафе|||53.1443634|24.5072284|||[]|24/7|||[]|osm_poi:node/13457455534
Остановка|остановка транспорта|||53.0304805|24.2733171|||[]||||[]|osm_poi:node/13460533708
Остановка|остановка транспорта|||53.8669618|25.2687451|||[]||||[]|osm_poi:node/13461628457
Остановка|остановка транспорта|||53.8673265|25.2704483|||[]||||[]|osm_poi:node/13461628458
Патэльня|кафе|||53.6704683|23.8155859|||[]|Mo-Su 12:00-21:00|||[]|osm_poi:node/13463096699
Прафілакторый|остановка транспорта|||53.7268281|25.4798273|||[]||||[]|osm_poi:node/13481123036
вуліца Юбілейная|остановка транспорта|||53.7251126|25.4864926|||[]||||[]|osm_poi:node/13481123038
вуліца Юбілейная|остановка транспорта|||53.7253427|25.4862833|||[]||||[]|osm_poi:node/13481123039
вуліца Садовая|остановка транспорта|||53.7234431|25.4926885|||[]||||[]|osm_poi:node/13481123040
вуліца Садовая|остановка транспорта|||53.7231812|25.493013|||[]||||[]|osm_poi:node/13481123043
Плошча|остановка транспорта|||53.7208609|25.4999277|||[]||||[]|osm_poi:node/13481123044
Плошча|остановка транспорта|||53.7190714|25.5001691|||[]||||[]|osm_poi:node/13481123047
завод Нёман|остановка транспорта|||53.7177739|25.5040288|||[]||||[]|osm_poi:node/13481123048
завод Нёман|остановка транспорта|||53.7169231|25.5072824|||[]||||[]|osm_poi:node/13481123051
Школа №2|остановка транспорта|||53.7203086|25.506593|||[]||||[]|osm_poi:node/13481123054
Школа №2|остановка транспорта|||53.7199563|25.5068988|||[]||||[]|osm_poi:node/13481123055
Бальніца|остановка транспорта|||53.7255601|25.5122123|||[]||||[]|osm_poi:node/13481123057
Бальніца|остановка транспорта|||53.7252935|25.5113727|||[]||||[]|osm_poi:node/13481123059
вуліца Маякоўскага|остановка транспорта|||53.728205|25.5034593|||[]||||[]|osm_poi:node/13481123062
вуліца Маякоўскага|остановка транспорта|||53.7284462|25.5031991|||[]||||[]|osm_poi:node/13481123063
вуліца Маладзёжная|остановка транспорта|||53.7290733|25.4983907|||[]||||[]|osm_poi:node/13481123065
Hostel 85|гостиница|||53.6864771|23.804544|||[]||||[]|osm_poi:node/13482801712
вуліца Леніна|остановка транспорта|||53.7125202|25.4952286|||[]||||[]|osm_poi:node/13483063766
Дзіцячы сад №1|остановка транспорта|||53.7168384|25.4993254|||[]||||[]|osm_poi:node/13483063768
Дзіцячы сад №1|остановка транспорта|||53.7161051|25.4983893|||[]||||[]|osm_poi:node/13483063770
Ліпкі|остановка транспорта|||54.5819233|25.8935636|||[]||||[]|osm_poi:node/13513768203
Ліпкі|остановка транспорта|||54.5815191|25.8947706|||[]||||[]|osm_poi:node/13513768204
РАУС|остановка транспорта|||54.6105886|25.9410845|||[]||||[]|osm_poi:node/13513768209
Аўтастанцыя|остановка транспорта|||54.6122662|25.9475781|||[]||||[]|osm_poi:node/13513768211
крама Івушка|остановка транспорта|||54.6132929|25.9497024|||[]||||[]|osm_poi:node/13513768212
вуліца Валадарскага|остановка транспорта|||54.6154643|25.9627996|||[]||||[]|osm_poi:node/13513768216
Аўтапарк|остановка транспорта|||54.6153323|25.9685449|||[]||||[]|osm_poi:node/13513768217
Лесгас|остановка транспорта|||54.615049|25.9700104|||[]||||[]|osm_poi:node/13513768219
Остановка|остановка транспорта|||53.8938806|24.6752022|||[]||||[]|osm_poi:node/13524251118
Остановка|остановка транспорта|||53.895052|24.673332|||[]||||[]|osm_poi:node/13524251119
Остановка|остановка транспорта|||53.9567412|24.6932878|||[]||||[]|osm_poi:node/13528668748
Лазоўка|остановка транспорта|||54.5796419|25.9117738|||[]||||[]|osm_poi:node/13530669564
Слабодка|остановка транспорта|||54.5754159|25.9581011|||[]||||[]|osm_poi:node/13530669566
крама Вернісаж|остановка транспорта|||54.6147688|25.9585156|||[]||||[]|osm_poi:node/13533471075
вуліца Камсамольская|остановка транспорта|||54.6211394|25.9496738|||[]||||[]|osm_poi:node/13533471077
Туалет|туалет|||53.6987351|23.7880751|||[]||||[]|osm_poi:node/13540526433
плошча Савецкая|остановка транспорта|||54.1522956|25.3191763|||[]||||[]|osm_poi:node/13565825355
ДП СХТ|остановка транспорта|||54.1684574|25.3174437|||[]||||[]|osm_poi:node/13565825356
інтэрнат СХТ|остановка транспорта|||54.1645475|25.3127471|||[]||||[]|osm_poi:node/13565825360
Ветстанцыя|остановка транспорта|||54.1558439|25.312165|||[]||||[]|osm_poi:node/13565825362
Аўтастанцыя|остановка транспорта|||54.1499709|25.3135139|||[]||||[]|osm_poi:node/13565825363
Тапілішкі|остановка транспорта|||53.6437097|24.7146193|||[]||||[]|osm_poi:node/13586117824
Аўтастанцыя|остановка транспорта|||53.6168961|24.7313511|||[]||||[]|osm_poi:node/13586117828
Плянты|остановка транспорта|||53.6202451|24.7466845|||[]||||[]|osm_poi:node/13588800202
Плянты|остановка транспорта|||53.625237|24.747665|||[]||||[]|osm_poi:node/13588800204
вуліца Мележа-2|остановка транспорта|||53.6266686|24.7412464|||[]||||[]|osm_poi:node/13588800205
вуліца Мележа-2|остановка транспорта|||53.6263648|24.7430167|||[]||||[]|osm_poi:node/13588800208
Турʼя|остановка транспорта|||53.588018|24.7006226|||[]||||[]|osm_poi:node/13588800211
Лясная|остановка транспорта|||54.4076009|26.5982282|||[]||||[]|osm_poi:node/13625448864
Залессе|остановка транспорта|||54.4279343|26.5450894|||[]||||[]|osm_poi:node/13625448872
Міхневічы|остановка транспорта|||54.4357955|26.5221786|||[]||||[]|osm_poi:node/13625448919
Ссобойка|кафе|||53.6783854|23.824138|||[]|Mo-Su 09:00-19:00|||[]|osm_poi:node/13651039753
Мельница|кафе|||53.6784712|23.8243528|||[]||||[]|osm_poi:node/13651039754
Остановка|остановка транспорта|||53.8988767|25.9395817|||[]||||[]|osm_poi:node/13664291173
Аўтавакзал|остановка транспорта|||53.6766735|23.8434139|||[]||||[]|osm_poi:node/13666094940
Чайхона|кафе|||53.6748842|23.8400932|||[]|Mo-Su 08:00-18:00|||[]|osm_poi:node/13670375853
Остановка|остановка транспорта|||53.4303053|25.7395921|||[]||||[]|osm_poi:node/13683071685
Остановка|остановка транспорта|||53.603273|24.9568176|||[]||||[]|osm_poi:node/13695365523
Остановка|остановка транспорта|||53.6030518|24.9573648|||[]||||[]|osm_poi:node/13695365525
Остановка|остановка транспорта|||53.7457574|25.3046787|||[]||||[]|osm_poi:node/13698116796
Остановка|остановка транспорта|||53.7452483|25.3088522|||[]||||[]|osm_poi:node/13698116801
Дзятлава|остановка транспорта|||53.4632525|25.3882053|||[]||||[]|osm_poi:node/13700737031
Остановка|остановка транспорта|||54.3958372|26.1473525|||[]||||[]|osm_poi:node/13701074040
Лясная|остановка транспорта|||54.4071367|26.5986554|||[]||||[]|osm_poi:node/13703028603
Остановка|остановка транспорта|||54.4608807|26.4645115|||[]||||[]|osm_poi:node/13703082550
Остановка|остановка транспорта|||54.5011874|26.3076586|||[]||||[]|osm_poi:node/13703217983
Остановка|остановка транспорта|||54.5010473|26.308195|||[]||||[]|osm_poi:node/13703217984
Остановка|остановка транспорта|||53.6385954|24.9146345|||[]||||[]|osm_poi:node/13703599568
Жупраны-3|остановка транспорта|||54.4744691|26.0927393|||[]||||[]|osm_poi:node/13710474486
Жупраны-3|остановка транспорта|||54.4741217|26.0920481|||[]||||[]|osm_poi:node/13710474487
Жупраны-2|остановка транспорта|||54.4739126|26.0898771|||[]||||[]|osm_poi:node/13710489902
Жупраны-2|остановка транспорта|||54.473537|26.0903545|||[]||||[]|osm_poi:node/13710489903
Баранцы|остановка транспорта|||54.5014863|26.0829976|||[]||||[]|osm_poi:node/13710489938
Баранцы|остановка транспорта|||54.5020365|26.0827639|||[]||||[]|osm_poi:node/13710489939
Остановка|остановка транспорта|||54.5250453|26.0836194|||[]||||[]|osm_poi:node/13710489953
Остановка|остановка транспорта|||54.4878914|26.0863355|||[]||||[]|osm_poi:node/13710489954
Остановка|остановка транспорта|||54.4946634|26.191055|||[]||||[]|osm_poi:node/13710489972
Остановка|остановка транспорта|||54.4802429|26.1946877|||[]||||[]|osm_poi:node/13711360567
Остановка|остановка транспорта|||54.4796569|26.1945709|||[]||||[]|osm_poi:node/13711360568
Остановка|остановка транспорта|||54.4628509|26.2021164|||[]||||[]|osm_poi:node/13711360592
Мацканы|остановка транспорта|||54.6008157|26.0523069|||[]||||[]|osm_poi:node/13711436164
Дайлідкі|остановка транспорта|||54.5724053|26.0984114|||[]||||[]|osm_poi:node/13711436269
Дайлідкі|остановка транспорта|||54.5595388|26.1094943|||[]||||[]|osm_poi:node/13711436298
Туалет|туалет|||54.0361967|25.4085042|||[]|Mo-Su,PH 00:00+|no||[]|osm_poi:node/13728210989
Сядзіба Ранча-Радэа|гостиница|||53.757304|25.7572129|||[]||||[]|osm_poi:node/13744494867
Столле|ресторан|||53.8883471|25.3039439|||[]||||[]|osm_poi:node/13753316902
Туалет|туалет|||53.688316|23.7879007|||[]||yes||[]|osm_poi:node/13769232064
Вуліца Калінавая|остановка транспорта|||53.6358449|23.9029241|||[]||||[]|osm_poi:node/13791126701
Вуліца Калінавая|остановка транспорта|||53.6362318|23.9041311|||[]||||[]|osm_poi:node/13791135601
Варона|остановка транспорта|||54.7575031|25.9588218|||[]||||[]|osm_poi:node/13796693821
Остановка|остановка транспорта|||54.7989383|25.8752296|||[]||||[]|osm_poi:node/13796693823
Фудтрак|кафе|||54.6877525|26.1450539|||[]|Fr-Su 11:00-19:00|||[]|osm_poi:node/13796693828
Varka|кафе|||53.6532674|23.8503903|||[]|Mo-Su 08:00-22:00|||[]|osm_poi:node/13820977179
Туалет|туалет|||54.040046|25.4250436|||[]||no||[]|osm_poi:node/13825887726
Остановка|остановка транспорта|||53.7637144|25.8324767|||[]||||[]|osm_poi:node/13838881158
Остановка|остановка транспорта|||53.6453287|25.9274799|||[]||||[]|osm_poi:node/13871558845
Остановка|остановка транспорта|||53.646343|25.9305634|||[]||||[]|osm_poi:node/13871558846
Остановка|остановка транспорта|||53.658668|25.9390613|||[]||||[]|osm_poi:node/13873729768
Остановка|остановка транспорта|||53.6583135|25.9386295|||[]||||[]|osm_poi:node/13873729769
Остановка|остановка транспорта|||53.6438436|25.9742385|||[]||||[]|osm_poi:node/13873730392
Остановка|остановка транспорта|||53.6442833|25.9771138|||[]||||[]|osm_poi:node/13873730393
Корени|остановка транспорта|||54.5127031|26.3576561|||[]||||[]|osm_poi:node/13895650293
Дзевятоўка–5|остановка транспорта|||53.7110646|23.8588956|||[]||||[]|osm_poi:node/13915804430
АСВ Типика|кафе|||53.6807374|23.8306127|||[]|Mo-Su 09:00-23:00|||[]|osm_poi:node/13965416793
вуліца Адэльская|остановка транспорта|||53.6110677|23.8216531|||[]||||[]|osm_poi:node/14019046138
Старая Рудня|остановка транспорта|||54.6217465|26.3434436|||[]||||[]|osm_poi:node/14020094894
Куклічы|остановка транспорта|||52.8336282|24.5231849|||[]||||[]|osm_poi:node/14020166659
Куклічы|остановка транспорта|||52.8339566|24.5236836|||[]||||[]|osm_poi:node/14020166661
12:30|кафе|||53.6886032|23.7885299|||[]||||[]|osm_poi:node/14027607918
Туалет|туалет|||53.6789042|23.7996592|||[]||||[]|osm_poi:node/14049205001
Лубянка|остановка транспорта|||54.4879149|26.284194|||[]||||[]|osm_poi:node/14051542731
Бурдзевічы|остановка транспорта|||53.4257093|26.2738562|||[]||||[]|osm_poi:node/14053834761
Далматаўшчына|остановка транспорта|||53.4333805|26.2379543|||[]||||[]|osm_poi:node/14053834776
Далматаўшчына|остановка транспорта|||53.4335154|26.2373987|||[]||||[]|osm_poi:node/14053834778
Остановка|остановка транспорта|||53.4165832|26.1635071|||[]||||[]|osm_poi:node/14053834788
Остановка|остановка транспорта|||53.4166256|26.1637531|||[]||||[]|osm_poi:node/14053834790
Остановка|остановка транспорта|||53.4061899|26.1544446|||[]||||[]|osm_poi:node/14053834793
Остановка|остановка транспорта|||53.3766166|24.8288575|||[]||||[]|osm_poi:node/14056076746
Остановка|остановка транспорта|||53.3759301|24.8296005|||[]||||[]|osm_poi:node/14056076748
Остановка|остановка транспорта|||53.3594603|24.8337981|||[]||||[]|osm_poi:node/14056076789
Остановка|остановка транспорта|||53.3590793|24.8333716|||[]||||[]|osm_poi:node/14056076790
Остановка|остановка транспорта|||53.3500262|24.8401147|||[]||||[]|osm_poi:node/14056082003
Остановка|остановка транспорта|||53.3495506|24.840214|||[]||||[]|osm_poi:node/14056082005
Остановка|остановка транспорта|||53.2965407|24.852815|||[]||||[]|osm_poi:node/14056082041
Остановка|остановка транспорта|||53.296099|24.8532026|||[]||||[]|osm_poi:node/14056082042
Кафе Панарка|кафе|||54.3880668|26.129014|||[]||||[]|osm_poi:node/14056548477
Туалет|туалет|||53.6868648|23.7758531|||[]||||[]|osm_poi:node/14056864002
Good Food|кафе|||53.7155332|23.8770908|||[]|Mo-Su 12:00-22:00|||[]|osm_poi:node/14059238225
Туалет|туалет|||53.6717931|23.8314592|||[]||||[]|osm_poi:node/14066658090
Латте|кафе|||53.1487921|24.8159748|||[]||||[]|osm_poi:node/14067262773
Гриль экспресс|кафе|||54.481628|26.3982979|||[]||||[]|osm_poi:node/14080031516
Советская е*да|кафе|||54.4819409|26.4004981|||[]||||[]|osm_poi:node/14080065323
Счастье|кафе|||53.6780383|23.8254704|||[]|08:00-23:00|||[]|osm_poi:node/14081026392
АВКавярня|кафе|||53.6813515|23.8311287|||[]|09:00-22:00|||[]|osm_poi:node/14081132784
Остановка|остановка транспорта|||54.2283954|25.2469572|||[]||||[]|osm_poi:node/14099095011
Лубянка|остановка транспорта|||54.4958757|26.2632523|||[]||||[]|osm_poi:node/14112063434
Лубянка|остановка транспорта|||54.4955734|26.2636408|||[]||||[]|osm_poi:node/14112063435
Остановка|остановка транспорта|||54.4643242|26.3340248|||[]||||[]|osm_poi:node/14112100021
Terrace|кафе|||54.4788475|26.4187345|||[]|Mo,We-Th 12:00-23:00; Fr,Su 12:00-24:00; Sa 12:00-01:00|||[]|osm_poi:node/14114577293
Остановка|остановка транспорта|||52.9475502|24.3708408|||[]||||[]|osm_poi:node/14124743751
Туалет|туалет|||53.9664795|26.3292398|||[]||||[]|osm_poi:node/14134687431
Туалет|туалет|||53.9666409|26.3321479|||[]||||[]|osm_poi:node/14134687437
Туалет|туалет|||53.9689508|26.3316654|||[]||||[]|osm_poi:node/14134687443
Туалет|туалет|||53.9675617|26.3225966|||[]||||[]|osm_poi:node/14134687444
вуліца Фолюш|остановка транспорта|||53.6544671|23.7739096|||[]||||[]|osm_poi:node/14150137446
Фолюш|остановка транспорта|||53.6650837|23.7803225|||[]||||[]|osm_poi:node/14150137457
Macami|кафе|||53.6714266|23.8244359|||[]|08:00-23:00|||[]|osm_poi:node/14158511383
Туалет|туалет|||54.2346217|25.3578203|||[]||||[]|osm_poi:node/14163546534
Остановка|остановка транспорта|||53.847709|24.3790537|||[]||||[]|osm_poi:node/14189478987
Остановка|остановка транспорта|||53.8516143|24.3893661|||[]||||[]|osm_poi:node/14189478988
Остановка|остановка транспорта|||53.8519324|24.3900674|||[]||||[]|osm_poi:node/14189478989
Ардзяя|остановка транспорта|||54.4627376|26.541315|||[]||||[]|osm_poi:node/14196692833
Васілевічы|остановка транспорта|||54.4348667|26.3760515|||[]||||[]|osm_poi:node/14200826367
Галяшонкі|остановка транспорта|||54.4149865|26.3339757|||[]||||[]|osm_poi:node/14200845158
Галяшонкі|остановка транспорта|||54.4149681|26.3327108|||[]||||[]|osm_poi:node/14200845159
Асінаўка|остановка транспорта|||54.4540029|26.3320085|||[]||||[]|osm_poi:node/14200946461
Асінаўка|остановка транспорта|||54.4543556|26.3332971|||[]||||[]|osm_poi:node/14200946462
Асінаўка ПТ|остановка транспорта|||54.4614192|26.3501222|||[]||||[]|osm_poi:node/14200955122
Остановка|остановка транспорта|||54.4075677|26.3089931|||[]||||[]|osm_poi:node/14201079616
Остановка|остановка транспорта|||54.402743|26.2945251|||[]||||[]|osm_poi:node/14201079617
Асінаўка ПТ|остановка транспорта|||54.4620867|26.3511625|||[]||||[]|osm_poi:node/14201103562
Остановка|остановка транспорта|||52.9866354|25.2525794|||[]||||[]|osm_poi:node/14203446189
Остановка|остановка транспорта|||54.4542368|26.3155759|||[]||||[]|osm_poi:node/14221607312
Арома|кафе|||53.6790799|23.8635693|||[]|Mo-Su 09:00-21:00|||[]|osm_poi:node/14225198783
Остановка|остановка транспорта|||54.0052336|24.8984659|||[]||||[]|osm_poi:node/14226666851
Туалет|туалет|||53.730899|23.8850888|||[]||||[]|osm_poi:node/14246113152
Остановка|остановка транспорта|||53.7365313|25.7421565|||[]||||[]|osm_poi:node/14248332853
Клявіца|остановка транспорта|||54.2915963|25.7372848|||[]||||[]|osm_poi:node/14259387244
Остановка|остановка транспорта|||54.2844558|25.8991505|||[]||||[]|osm_poi:node/14259387406
Остановка|остановка транспорта|||54.2856169|25.8976271|||[]||||[]|osm_poi:node/14259387407
Остановка|остановка транспорта|||54.2722306|25.9910039|||[]||||[]|osm_poi:node/14259387576
Нёман|гостиница|||53.6910747|23.8240291|||[]||||[]|osm_poi:way/29124909
Апарт-гатэль Сямашка|гостиница||Гродна|53.6790735|23.8305605|||[]|24/7|||[]|osm_poi:way/29125037
Правінцыя|ресторан||Гродна|53.6803023|23.8317311|||[]|Su-Th 12:00-00:00; Fr-Sa 12:00-02:00|||[]|osm_poi:way/29125061
Кулёк|кафе||Гродна|53.6859369|23.8390005|||[]|11:00-22:00|||[]|osm_poi:way/29125209
Спорт|гостиница||Гродна|53.6877015|23.82243|||[]||||[]|osm_poi:way/29125412
Турыст|гостиница||Гродна|53.6544913|23.8463522|||[]||||[]|osm_poi:way/29125515
Столовая|кафе|||53.6865547|23.8209356|||[]||||[]|osm_poi:way/29125795
Столовая Белтапаз|кафе||Гродна|53.7126575|23.825394|||[]|Mo-Fr 11:00-14:00|||[]|osm_poi:way/29126157
Сталовая|кафе|||53.6447631|23.8356669|||[]||||[]|osm_poi:way/29126622
Столовая ГГАУ|кафе||Гродна|53.695878|23.8443823|||[]|Mo-Fr 09:30-16:00|||[]|osm_poi:way/29130064
Амега|гостиница||Гродна|53.6824982|23.8380836|||[]|24/7|||[]|osm_poi:way/29130341
Сямашкі|гостиница||Гродна|53.6755239|23.841875|||[]||||[]|osm_poi:way/29146878
Туалет|туалет|||53.678219|23.8443509|||[]||yes||[]|osm_poi:way/29148941
Спадчына|кафе||Гродна|53.6715198|23.8530475|||[]|Mo 12:00-19:00; Tu-Su 12:00-24:00|||[]|osm_poi:way/29149748
Вилия|ресторан|||54.4817664|26.4000997|||[]|Tu-We 11:30-17:00; Th,Su 11:30-02:00; Fr-Sa 11:30-04:00|||[]|osm_poi:way/37908103
Славія|гостиница||Гродна|53.6780229|23.836723|||[]|24/7|||[]|osm_poi:way/37971058
Туалет|туалет|||54.4754478|26.372153|||[]||no||[]|osm_poi:way/38280870
Смаргонь|гостиница|||54.4813949|26.3935321|||[]||||[]|osm_poi:way/38287201
Прыгарадны|остановка транспорта|||53.6596304|23.8179801|||[]||||[]|osm_poi:way/39142483
Столовая|кафе||Гродна|53.6439568|23.8236669|||[]|Mo-Fr 08:30-17:30|||[]|osm_poi:way/39236652
The Cult|гостиница|||53.6851845|23.8257357|||[]||||[]|osm_poi:way/39540817
Спадар|ресторан|||54.4663633|26.4037894|||[]||||[]|osm_poi:way/40127729
Палескі Парк|остановка транспорта|||53.6926725|23.8660906|||[]||||[]|osm_poi:way/41419651
Гродна|остановка транспорта|||53.6832719|23.8463015|||[]||||[]|osm_poi:way/41420058
Ваяж|гостиница|||53.2613293|24.4282636|||[]|24/7|||[]|osm_poi:way/69138683
Виола|кафе|||53.289903|24.3977508|||[]||||[]|osm_poi:way/69139677
Ліхачы|остановка транспорта|||53.9282244|24.1979355|||[]||||[]|osm_poi:way/89802034
Салацце|остановка транспорта|||53.9156674|24.1769337|||[]||||[]|osm_poi:way/89802035
Бярозка|гостиница|||53.1617877|24.4674975|||[]|24/7|||[]|osm_poi:way/96930012
Шчара|гостиница|||53.095711|25.3180361|||[]||||[]|osm_poi:way/97849043
Золотой Феникс|ресторан|||53.0913344|25.3172103|||[]||||[]|osm_poi:way/97869967
буфет Дорожный|кафе|||53.1551819|24.4486713|||[]||||[]|osm_poi:way/98095324
Майские зори|кафе|||53.1600543|24.4639925|||[]||||[]|osm_poi:way/98436626
Туалет|туалет|||53.1598883|24.4615525|||[]||yes||[]|osm_poi:way/98440232
Туалет|туалет|||53.0934294|25.3184859|||[]||no||[]|osm_poi:way/98702147
Туалет|туалет|||53.0977824|25.3081489|||[]||||[]|osm_poi:way/99002819
Столовая|кафе|||54.4864763|26.3698143|||[]||||[]|osm_poi:way/99565308
Масты|гостиница|||53.4127158|24.5415821|||[]||||[]|osm_poi:way/101926401
Туалет|туалет|||53.0971081|25.3223259|||[]||no||[]|osm_poi:way/117948207
Клубника|кафе|||53.0847723|25.3143352|||[]|Mo off; Tu-Th,Su 13:00-02:00; Fr,Sa 13:00-03:00|||[]|osm_poi:way/118054974
Сядзіба «Гасцявы Дом»|гостиница||Гродна|53.7540602|23.8309913|||[]||||[]|osm_poi:way/121714149
Остановка|остановка транспорта|||53.1621136|24.7990183|||[]||||[]|osm_poi:way/125214212
Туалет|туалет|||53.8934132|25.3171483|||[]|off|||[]|osm_poi:way/126775038
Вясёлка|гостиница|||54.6149428|25.9555838|||[]||||[]|osm_poi:way/135563584
Набярэжны|гостиница||Ізабеліна|54.6081738|26.0474527|||[]||30 BYN||[]|osm_poi:way/135568504
Юрацішкі|остановка транспорта|||54.0643768|25.917036|||[]||||[]|osm_poi:way/137599993
Туалет|туалет|||54.0647277|25.9175134|||[]||||[]|osm_poi:way/137599996
Столовая №20 ОАО Гродно Азот|кафе||Гродна|53.6728067|23.8936748|||[]|Mo-Fr 10:30-14:00|||[]|osm_poi:way/142411552
Столовая №64 Гродно Азот|кафе||Гродна|53.6768439|23.9051022|||[]|Mo-Su 08:00-13:30, 14:00-17:30, 18:00-20:30|||[]|osm_poi:way/142496603
Венецыя|гостиница|||53.1004655|25.3321232|||[]||||[]|osm_poi:way/143092378
Столовая №41|кафе||Гродна|53.6737276|23.902186|||[]||||[]|osm_poi:way/143527720
Вишневское озеро|гостиница|||54.7182045|26.5367171|||[]||||[]|osm_poi:way/161536005
Ліпічанка|гостиница|||53.4656109|25.40444|||[]||||[]|osm_poi:way/169557868
Санаторий «Радон»|гостиница|||53.5174378|25.5030016|||[]|Mo-Su 08:00-14:00,14:30-19:30|||[]|osm_poi:way/169589358
Пониква|ресторан|||53.5166765|25.5064609|||[]||||[]|osm_poi:way/177626176
Паніква|гостиница|||53.5161035|25.5050804|||[]||||[]|osm_poi:way/177626177
Абярэг|гостиница|||53.0847833|25.3223408|||[]||||[]|osm_poi:way/183888293
Гастро-Бар «СТОЛЛЕ»|кафе||Бярозаўка|53.7205681|25.500006|||[]|Mo-Su 10:00-24:00|||[]|osm_poi:way/189687236
Дворец Лолита|кафе|||53.1387134|24.4204984|||[]||||[]|osm_poi:way/194463520
Ваяж|гостиница|||53.1617435|24.4626089|||[]||||[]|osm_poi:way/198633904
У Пуслоўскіх|ресторан|||53.0893788|25.3945694|||[]|Fr-Sa 10:00-02:00, Su 10:00-21:00; Mo 10:00-16:00; Tu-Th 10:00-19:00|||[]|osm_poi:way/199561323
Масты|остановка транспорта|||53.4285129|24.5413437|||[]||||[]|osm_poi:way/200735719
Масты|остановка транспорта|||53.4286207|24.5422593|||[]||||[]|osm_poi:way/200735723
Андала|кафе|||53.4132344|24.5200857|||[]||||[]|osm_poi:way/205882160
Неман|ресторан|||53.4113837|24.5441484|||[]||||[]|osm_poi:way/205884759
Радавое гняздо|гостиница|||53.6339964|23.7270713|||[]||||[]|osm_poi:way/207296052
Сустрэча|ресторан||Воранава|54.1510447|25.318779|||[]||||[]|osm_poi:way/210707901
Столовая|кафе|||54.1504726|25.3169767|||[]||||[]|osm_poi:way/210756787
Кофейня|кафе|||54.1502829|25.3142691|||[]||||[]|osm_poi:way/210928380
Воранава|гостиница||Воранава|54.1510665|25.32041|||[]||||[]|osm_poi:way/210945389
Гасцініца «Карэлічы»|гостиница||Карэлічы|53.5720328|26.1401731|||[]||||[]|osm_poi:way/212230041
Інтэрнат ЖКГ|гостиница||Карэлічы|53.569693|26.1447084|||[]||||[]|osm_poi:way/212230058
Коптёвка|кафе|||53.566333|23.8735788|||[]||||[]|osm_poi:way/216957040
Гібулічы|остановка транспорта|||53.6240672|23.7716485|||[]||||[]|osm_poi:way/220274583
Туран|ресторан|||53.6483913|23.844576|||[]|Mo-Su 12:00-02:00|||[]|osm_poi:way/222068914
Остановка|остановка транспорта|||53.5642708|23.7227521|||[]||||[]|osm_poi:way/222405500
Остановка|остановка транспорта|||53.5807277|23.7506571|||[]||||[]|osm_poi:way/222405501
Князікоўцы|остановка транспорта|||53.9657266|25.5572176|||[]||||[]|osm_poi:way/222405502
Бярэзаўцы|остановка транспорта|||54.0000137|25.7110679|||[]||||[]|osm_poi:way/222405503
Жытомля|остановка транспорта|||53.618091|24.1089806|||[]||||[]|osm_poi:way/222405505
Остановка|остановка транспорта|||53.0666883|24.2255337|||[]||||[]|osm_poi:way/222405506
Перасельцы|остановка транспорта|||53.8297887|24.071244|||[]||||[]|osm_poi:way/222405507
Лосева|остановка транспорта|||53.8587865|24.1038699|||[]||||[]|osm_poi:way/222405508
Кірʼянаўцы|остановка транспорта|||53.9548862|25.5082328|||[]||||[]|osm_poi:way/222405509
Рыбніца|остановка транспорта|||53.8200961|24.0362813|||[]||||[]|osm_poi:way/222405511
Остановка|остановка транспорта|||53.5995712|23.7597831|||[]||||[]|osm_poi:way/222405512
Клішавічы|остановка транспорта|||53.5457734|25.5200224|||[]||||[]|osm_poi:way/222405630
Остановка|остановка транспорта|||54.4246263|25.936708|||[]||||[]|osm_poi:way/223332525
Гасцініца цукровага камбіната|гостиница|||53.5725245|24.2048714|||[]||||[]|osm_poi:way/226974811
Tradycja|ресторан|||53.5761254|24.2043051|||[]||||[]|osm_poi:way/226974842
Туалет|туалет|||53.5896646|24.2527147|||[]||no||[]|osm_poi:way/226988683
Столовая|кафе|||53.9679529|25.9705723|||[]||||[]|osm_poi:way/229788008
Остановка|остановка транспорта|||53.6402329|23.8644083|||[]||||[]|osm_poi:way/234104810
У викинга|кафе|||53.3473069|23.9464545|||[]||||[]|osm_poi:way/234376837
Фаворит|кафе|||53.7296252|24.5270733|||[]||||[]|osm_poi:way/235385825
Столовая|кафе|||53.7293937|24.5277555|||[]||||[]|osm_poi:way/235386251
Фаворит|ресторан||Шчучын|53.6151515|24.7389572|||[]||||[]|osm_poi:way/235878315
Щучин|ресторан||Шчучын|53.6065431|24.7420909|||[]||||[]|osm_poi:way/235899600
Туалет|туалет|||53.558578|24.7897425|||[]||no||[]|osm_poi:way/236481583
Бабры|остановка транспорта|||53.5319974|24.7425441|||[]||||[]|osm_poi:way/237040474
Гасцініца Іўе|гостиница|||53.9341219|25.7644388|||[]||||[]|osm_poi:way/237145071
Остановка|остановка транспорта|||53.5588442|24.7902535|||[]||||[]|osm_poi:way/237313971
Остановка|остановка транспорта|||53.5587587|24.7903013|||[]||||[]|osm_poi:way/237313972
Купалінка|гостиница|||53.7329432|23.7868874|||[]||||[]|osm_poi:way/237463761
Жамчужына|гостиница|||53.7276627|23.7849404|||[]||||[]|osm_poi:way/237463767
Нёман-72|гостиница|||53.7293216|23.7900336|||[]||||[]|osm_poi:way/237463768
Зара|кафе|||53.5997159|24.9824021|||[]||||[]|osm_poi:way/238676718
Халечына|остановка транспорта|||53.66614|24.954872|||[]||||[]|osm_poi:way/238864382
Остановка|остановка транспорта|||53.6914893|24.988625|||[]||||[]|osm_poi:way/238903161
Скрыбаўцы|остановка транспорта|||53.6918684|24.9893171|||[]||||[]|osm_poi:way/238903165
Туалет|туалет|||53.6909229|24.9883946|||[]||no||[]|osm_poi:way/239255941
Зэльва|гостиница|||53.1491773|24.8182837|||[]|24/7|||[]|osm_poi:way/239750661
Апельсин|кафе|||53.5700577|26.1393543|||[]|Mo-Su 17:00-23:00|||[]|osm_poi:way/243085400
Кафе Венеция|кафе|||54.4721021|26.3871568|||[]||||[]|osm_poi:way/243332354
Пиццерия Томат|кафе|||53.410996|24.5396606|||[]|Mo-Th 14:00-23:00; Fr-Su 11:00-00:00|||[]|osm_poi:way/243596247
Гасцініца Свіслач|гостиница||Свіслач|53.0379487|24.0973482|||[]||||[]|osm_poi:way/243641264
Беловежский|ресторан||Свіслач|53.037347|24.0928829|||[]||||[]|osm_poi:way/243641270
Галактика|кафе||Свіслач|53.0373978|24.0921027|||[]||||[]|osm_poi:way/243643056
Остановка|остановка транспорта|||53.1224055|24.9473094|||[]||||[]|osm_poi:way/253483435
Аўгустоўскі Гасцінец|гостиница|||53.8645071|23.5903577|||[]||||[]|osm_poi:way/254309128
Мураванка|остановка транспорта|||53.6564227|24.0203745|||[]||||[]|osm_poi:way/254403256
Остановка|остановка транспорта|||53.5720551|24.2240924|||[]||||[]|osm_poi:way/256190971
Остановка|остановка транспорта|||53.5722131|24.2237961|||[]||||[]|osm_poi:way/256190972
Бірулічы|остановка транспорта|||53.587802|24.1608648|||[]||||[]|osm_poi:way/256278572
Чарлёна|остановка транспорта|||53.4964619|24.3137623|||[]||||[]|osm_poi:way/256278573
Чарлёна|остановка транспорта|||53.4968637|24.3132628|||[]||||[]|osm_poi:way/256278574
Дубна|остановка транспорта|||53.4601973|24.3871404|||[]||||[]|osm_poi:way/256278575
Заполле|остановка транспорта|||53.4303221|24.4561511|||[]||||[]|osm_poi:way/256278576
Туалет|туалет|||53.2941879|24.4234291|||[]||no||[]|osm_poi:way/256283302
Кульшычы|остановка транспорта|||53.3811749|24.4769182|||[]||||[]|osm_poi:way/256283304
Завадзічы|остановка транспорта|||53.6452988|24.0546265|||[]||||[]|osm_poi:way/256283305
Остановка|остановка транспорта|||53.29372|24.4237237|||[]||||[]|osm_poi:way/256283306
Остановка|остановка транспорта|||53.2937116|24.4239173|||[]||||[]|osm_poi:way/256283307
Провинция|ресторан|||53.8862639|24.1357095|||[]||||[]|osm_poi:way/260892218
Элен|гостиница||Шчучын|53.6119032|24.7371556|||[]||||[]|osm_poi:way/260911857
Мини-кафе «Уют»|кафе|||53.1473354|24.8200784|||[]|19:00-02:00|||[]|osm_poi:way/263477546
Sunny House|гостиница|||53.4576974|26.4709244|||[]||||[]|osm_poi:way/264429902
Мірскі падворак|гостиница|||53.4533014|26.4669205|||[]||||[]|osm_poi:way/264435587
Рагнеда|кафе|||53.4535203|26.4648278|||[]||||[]|osm_poi:way/264436829
Казка|гостиница|||53.1491284|24.3949188|||[]||||[]|osm_poi:way/264722778
Остановка|остановка транспорта|||53.6172031|24.7321291|||[]||||[]|osm_poi:way/266235269
Остановка|остановка транспорта|||53.6169294|24.7322882|||[]||||[]|osm_poi:way/266235270
Інтэрнат ЖКГ|гостиница||Карэлічы|53.5693799|26.1441182|||[]||||[]|osm_poi:way/268589838
Туалет|туалет|||53.5707534|26.1333282|||[]||||[]|osm_poi:way/271962582
Данілаўцы|остановка транспорта|||53.3266438|24.4299193|||[]||||[]|osm_poi:way/273063588
Старына|остановка транспорта|||53.3593829|24.4538341|||[]||||[]|osm_poi:way/273063589
Панская|гостиница|||53.5984507|25.8238756|||[]||||[]|osm_poi:way/273270442
Бутэрбродная|кафе|||53.0940352|25.3448029|||[]||||[]|osm_poi:way/274221816
Туалет|туалет|||53.5245309|23.6685067|||[]||no||[]|osm_poi:way/274707215
Туалет|туалет|||53.5239447|23.6666689|||[]||yes||[]|osm_poi:way/274707217
Остановка|остановка транспорта|||53.5589862|23.6915052|||[]||||[]|osm_poi:way/275056574
Брузгі|остановка транспорта|||53.5557099|23.6665769|||[]||||[]|osm_poi:way/275056575
Твистер|кафе|||53.6853208|23.8475771|||[]||||[]|osm_poi:way/276641793
Прыгарадная платформа|остановка транспорта|||53.6770928|23.8440169|||[]||||[]|osm_poi:way/279947957
Остановка|остановка транспорта|||53.6773365|23.8435049|||[]||||[]|osm_poi:way/279947970
Остановка|остановка транспорта|||53.6772709|23.8439092|||[]||||[]|osm_poi:way/279947973
Калі Ласка|гостиница|||53.5668073|26.1326874|||[]||||[]|osm_poi:way/280753803
Хата у Стаха|гостиница||Сапоцкін|53.8276515|23.6501482|||[]||||[]|osm_poi:way/282414622
Самсон|ресторан|||53.5909401|25.8205491|||[]||||[]|osm_poi:way/289715362
Молодёжное|кафе|||53.5924932|25.8238444|||[]||||[]|osm_poi:way/289715437
Інтэрнат НДАК|гостиница|||53.5916019|25.8216548|||[]||||[]|osm_poi:way/289715441
Остановка|остановка транспорта|||53.9784006|25.6525262|||[]||||[]|osm_poi:way/289974053
Гаўя|остановка транспорта|||53.9783262|25.6524936|||[]||||[]|osm_poi:way/289974054
Гаўя|остановка транспорта|||53.9782686|25.6525272|||[]||||[]|osm_poi:way/289974055
Піянерлагер Касмадром|гостиница|||53.7222311|24.3946907|||[]||||[]|osm_poi:way/290573449
Туалет|туалет|||54.0477755|25.5870387|||[]||||[]|osm_poi:way/291736722
Туалет|туалет|||53.5698735|26.1402707|||[]||||[]|osm_poi:way/291810689
Туалет|туалет|||53.5967389|25.82372|||[]||yes||[]|osm_poi:way/292150470
Василек|кафе|||54.5405996|25.7129188|||[]|08:30-21:00|||[]|osm_poi:way/293164382
Жемчужина|кафе||Гродна|53.6999621|23.8115534|||[]|Tu-Su 12:00-24:00|||[]|osm_poi:way/293336714
Сябрыньскія азёры|гостиница|||53.9689506|26.328596|||[]||||[]|osm_poi:way/294958898
Туалет|туалет|||53.6379689|23.7439508|||[]||||[]|osm_poi:way/297318409
Усадьба Воробья|гостиница|||53.5653155|24.1955849|||[]||||[]|osm_poi:way/299972834
Медовый Рай|гостиница|||53.5649368|24.1992429|||[]||||[]|osm_poi:way/299972958
Сталовая школы-інтэрнат|кафе|||53.7111676|24.1712471|||[]||||[]|osm_poi:way/300239428
Столовая|кафе|||53.5480824|25.8321193|||[]||||[]|osm_poi:way/301439213
Столовая|кафе|||53.5264789|24.1221061|||[]||||[]|osm_poi:way/302705830
Незабудка|кафе|||54.1475006|25.3153487|||[]||||[]|osm_poi:way/307155338
столовая|кафе|||53.5524396|24.5083496|||[]||||[]|osm_poi:way/308862043
Минутка|кафе|||53.9831752|26.3014727|||[]|Mo-Su 07:00-00:00|||[]|osm_poi:way/308900255
Шампур|кафе|||53.8252274|25.3580034|||[]|12:00-23:00|||[]|osm_poi:way/311448233
Альхова|гостиница|||53.2874055|24.2789358|||[]||||[]|osm_poi:way/312397740
Кафе М6|кафе|||53.6189607|24.7009318|||[]|24/7|||[]|osm_poi:way/323867954
Остановка|остановка транспорта|||53.1520031|24.8905033|||[]||||[]|osm_poi:way/327057771
Лябяды|остановка транспорта|||53.187149|24.6943931|||[]||||[]|osm_poi:way/327058513
Туалет|туалет|||53.1624361|24.7982125|||[]||no||[]|osm_poi:way/327321788
Туалет|туалет|||53.1452471|24.8217884|||[]||no||[]|osm_poi:way/328020172
столовая|кафе||Занкі 1|53.0283893|24.1377565|||[]||||[]|osm_poi:way/328918860
Жыровіцкае прадмесце|гостиница|||53.021856|25.3433266|||[]||||[]|osm_poi:way/330182584
Дом пілігрыма №2|гостиница|||53.0147712|25.3423658|||[]||||[]|osm_poi:way/330227029
Остановка|остановка транспорта|||54.456795|26.4567451|||[]||||[]|osm_poi:way/336031839
Venezia|кафе|||53.5937581|24.2547981|||[]|Mo-Su 12:00-22:00|||[]|osm_poi:way/338459846
Остановка|остановка транспорта|||54.4567058|26.456646|||[]||||[]|osm_poi:way/340366145
Остановка|остановка транспорта|||54.4717124|26.4058129|||[]||||[]|osm_poi:way/340366146
Остановка|остановка транспорта|||54.4718028|26.405845|||[]||||[]|osm_poi:way/340366147
Василек (Васильки)|кафе|||53.0648104|24.0702243|||[]||||[]|osm_poi:way/342544554
Prival Hotel|гостиница|||53.6954341|23.7739044|||[]||||[]|osm_poi:way/352144754
Колос|кафе|||52.9366909|24.3652703|||[]||||[]|osm_poi:way/353439316
Остановка|остановка транспорта|||53.9426626|25.2545969|||[]||||[]|osm_poi:way/359768878
Остановка|остановка транспорта|||53.9419186|25.2551548|||[]||||[]|osm_poi:way/359768879
Дубы|ресторан|||53.6351772|23.7272579|||[]||||[]|osm_poi:way/368717437
Гатэль «Крокус»|гостиница||Навагрудак|53.604268|25.8415448|||[]||||[]|osm_poi:way/369440540
Остановка|остановка транспорта|||54.4210234|26.5417155|||[]||||[]|osm_poi:way/374250744
Туалет|туалет|||54.5098966|26.1945279|||[]||||[]|osm_poi:way/374350822
Остановка|остановка транспорта|||54.5098858|26.1918548|||[]||||[]|osm_poi:way/374350825
Остановка|остановка транспорта|||53.0678915|25.1910831|||[]||||[]|osm_poi:way/375938771
Сядзіба «Белы Бусел»|гостиница||Амневічы|53.5742853|25.9977925|||[]||||[]|osm_poi:way/377186396
Мінойты|остановка транспорта|||53.7923271|25.3621158|||[]||||[]|osm_poi:way/377593108
Гродар|кафе|||53.7013256|23.8457466|||[]|10:00-22:00|||[]|osm_poi:way/379725377
Лесничовка|кафе|||53.1108123|25.1702004|||[]|24/7|||[]|osm_poi:way/381726210
Остановка|остановка транспорта|||53.6323669|23.8975486|||[]||||[]|osm_poi:way/383395656
Остановка|остановка транспорта|||54.475145|26.3726598|||[]||||[]|osm_poi:way/383748273
Остановка|остановка транспорта|||54.4754204|26.3713729|||[]||||[]|osm_poi:way/383748274
Гатэль «Гражына»|гостиница|||53.5992278|25.8239137|||[]||||[]|osm_poi:way/384315177
Остановка|остановка транспорта|||54.5414566|26.6110272|||[]||||[]|osm_poi:way/387434473
Агразядзіба «Шляхецкая ваколіца»|гостиница|||54.2209261|26.1017732|||[]||||[]|osm_poi:way/388264638
Остановка|остановка транспорта|||54.5130903|26.5499257|||[]||||[]|osm_poi:way/388290021
Куляшы|остановка транспорта|||54.5138819|26.5527363|||[]||||[]|osm_poi:way/388290022
Вострава|остановка транспорта|||54.521024|26.5714292|||[]||||[]|osm_poi:way/388290024
Вострава|остановка транспорта|||54.5211632|26.5720917|||[]||||[]|osm_poi:way/388290025
Остановка|остановка транспорта|||54.5277183|26.5843836|||[]||||[]|osm_poi:way/388290028
Шостакі|остановка транспорта|||54.5284987|26.586281|||[]||||[]|osm_poi:way/388290029
Жытомля|остановка транспорта|||53.6182293|24.1088748|||[]||||[]|osm_poi:way/396291721
Лабачы|остановка транспорта|||54.033183|25.8344404|||[]||||[]|osm_poi:way/397113245
Лабачы|остановка транспорта|||54.0330931|25.8345018|||[]||||[]|osm_poi:way/397113246
Остановка|остановка транспорта|||54.5964076|25.8935668|||[]||||[]|osm_poi:way/398762011
Остановка|остановка транспорта|||54.5970013|25.8914848|||[]||||[]|osm_poi:way/398762016
Бастуны|остановка транспорта|||54.0784198|25.2936344|||[]||||[]|osm_poi:way/398887178
На скрыжаванні|кафе|||53.882898|25.7410587|||[]|Mo-Su 08:00-20:00|||[]|osm_poi:way/400476223
Капліца|остановка транспорта|||53.7146338|23.9310644|||[]||||[]|osm_poi:way/403426265
Остановка|остановка транспорта|||53.6850574|23.8483876|||[]||||[]|osm_poi:way/403470447
Остановка|остановка транспорта|||53.6847032|23.8477722|||[]||||[]|osm_poi:way/403470448
Остановка|остановка транспорта|||53.6849788|23.847724|||[]||||[]|osm_poi:way/403470449
Остановка|остановка транспорта|||53.9416079|24.2203411|||[]||||[]|osm_poi:way/403489818
Хвайняны|остановка транспорта|||53.5370627|24.2722951|||[]||||[]|osm_poi:way/405360107
Остановка|остановка транспорта|||53.1542826|24.4492119|||[]||||[]|osm_poi:way/405878075
Остановка|остановка транспорта|||53.1542241|24.44846|||[]||||[]|osm_poi:way/405878076
Зялёны дуб|гостиница|||52.9743382|24.6237071|||[]||||[]|osm_poi:way/407183511
Раклёўцы|остановка транспорта|||53.8417223|25.2370087|||[]||||[]|osm_poi:way/407269392
Гутна|остановка транспорта|||53.9175412|25.3651742|||[]||||[]|osm_poi:way/407274867
Цверма|остановка транспорта|||53.9355163|25.4440672|||[]||||[]|osm_poi:way/407277330
Бярэзаўцы|остановка транспорта|||53.9999361|25.7111033|||[]||||[]|osm_poi:way/407283599
Юрацішкі|остановка транспорта|||54.064366|25.9173243|||[]||||[]|osm_poi:way/407299817
Даўгердзішкі|остановка транспорта|||54.0907547|25.9654736|||[]||||[]|osm_poi:way/407301431
Даўгердзішкі|остановка транспорта|||54.0906875|25.9655923|||[]||||[]|osm_poi:way/407301432
Яхімаўшчына|остановка транспорта|||54.1211417|26.0210975|||[]||||[]|osm_poi:way/407301433
Яхімаўшчына|остановка транспорта|||54.1210839|26.0212108|||[]||||[]|osm_poi:way/407301434
Воранава|остановка транспорта|||54.1549517|25.3013805|||[]||||[]|osm_poi:way/408344024
Беняконі|остановка транспорта|||54.2455258|25.3530147|||[]||||[]|osm_poi:way/408344025
Наваельня|остановка транспорта|||53.4641341|25.5866306|||[]||||[]|osm_poi:way/408488190
"Дом ""Добряк"""|гостиница|||53.9247002|26.2209265|||[]||||[]|osm_poi:way/409816224
Туалет|туалет|||53.1428209|24.822681|||[]||no||[]|osm_poi:way/411274006
Дом паляўнічага|гостиница|||53.8644192|23.6228555|||[]||||[]|osm_poi:way/423191495
Ля Свяцка|гостиница|||53.7971092|23.6544385|||[]||||[]|osm_poi:way/423441627
Туалет|туалет|||53.8302283|25.3624012|||[]||||[]|osm_poi:way/429381998
Шафран|кафе|||54.5077888|26.3711385|||[]|Mo-Sa 12:00-02:00; Su 12:00-24:00|||[]|osm_poi:way/442071993
Full House|кафе|||53.5273008|23.6742912|||[]|Mo-Su 10:00-20:00|||[]|osm_poi:way/448903584
Остановка|остановка транспорта|||54.5716257|25.9511784|||[]||||[]|osm_poi:way/457040479
Остановка|остановка транспорта|||54.5715507|25.9510882|||[]||||[]|osm_poi:way/457040480
Туалет|туалет|||54.4803863|26.4026861|||[]||||[]|osm_poi:way/471809007
Кафе гаррисон|кафе|||54.4749614|26.4003078|||[]||||[]|osm_poi:way/471870502
Туалет|туалет|||53.0839991|25.0314572|||[]||no||[]|osm_poi:way/479895344
Столовая|кафе|||53.5349109|25.4985032|||[]||||[]|osm_poi:way/480786191
Кофейня|кафе|||53.4548777|24.2591309|||[]||||[]|osm_poi:way/480919698
Свіслач|остановка транспорта|||53.0159233|24.0762397|||[]||||[]|osm_poi:way/483737828
Гасцініца Ліда|гостиница||Ліда|53.8886029|25.3042411|||[]|24/7|||[]|osm_poi:way/488100780
Ціхія сажалкі|гостиница|||53.1861801|23.952622|||[]||||[]|osm_poi:way/490430258
Трубяцкія лазні|гостиница|||53.6488437|25.3093208|||[]||||[]|osm_poi:way/490724603
Остановка|остановка транспорта|||53.7110736|23.8588021|||[]||||[]|osm_poi:way/496696709
Туалет|туалет|||53.8862145|24.1352323|||[]||no||[]|osm_poi:way/496705946
Остановка|остановка транспорта|||53.7602473|23.9597478|||[]||||[]|osm_poi:way/503520973
Трычоўскі маёнтак|гостиница|||53.6713984|23.6979737|||[]||||[]|osm_poi:way/508995163
Туалет|туалет|||53.8860959|23.9305057|||[]||||[]|osm_poi:way/510715297
Сядзіба «У Пятровіча»|гостиница||Гожа|53.8138141|23.8505541|||[]||||[]|osm_poi:way/510767332
Аграсядзіба «Лявонаў хутарок»|гостиница|||53.0108764|24.4142416|||[]||||[]|osm_poi:way/511150205
Туалет|туалет|||53.1234469|25.1586799|||[]||no||[]|osm_poi:way/511726195
Остановка|остановка транспорта|||53.1113148|24.2999688|||[]||||[]|osm_poi:way/511947519
Туалет|туалет|||53.6828024|23.9579895|||[]||||[]|osm_poi:way/512554667
Мини-кафе|кафе|||53.1490346|24.8159596|||[]|Tu-Th 18:00-24:00; Fr 10:00-15:00,18:00-02:00, Sa 12:00-02:00, Su 12:00-15:00,18:00-24:00; Mo off|||[]|osm_poi:way/513259901
Сядзіба «Вялес»|гостиница|||54.6281703|26.4392033|||[]||||[]|osm_poi:way/515943434
Спальны корпус 4|гостиница|||53.7522301|24.2121989|||[]||||[]|osm_poi:way/516714697
Спальны корпус 3|гостиница|||53.7518606|24.2125046|||[]||||[]|osm_poi:way/516714698
Спальны корпус 2|гостиница|||53.7515323|24.2129982|||[]||||[]|osm_poi:way/516714699
Спальны корпус 1|гостиница|||53.7512908|24.213617|||[]||||[]|osm_poi:way/516714700
Спальны корпус 7|гостиница|||53.7508123|24.2161103|||[]||||[]|osm_poi:way/516714702
Санаторый Азёрны|гостиница|||53.750706|24.2146101|||[]|Mo-Fr 08:30-17:00|||[]|osm_poi:way/516714720
Ресторан у Дорогостайского|кафе||Грынцы|54.4691157|25.9080334|||[]||||[]|osm_poi:way/520619765
Остановка|остановка транспорта|||53.0757398|25.1507038|||[]||||[]|osm_poi:way/525238072
Остановка|остановка транспорта|||54.0569366|25.293746|||[]||||[]|osm_poi:way/532937959
Остановка|остановка транспорта|||53.1619685|24.7990784|||[]||||[]|osm_poi:way/537233610
Туалет|туалет|||53.1399569|24.7979367|||[]||no||[]|osm_poi:way/539082939
Панорама|кафе||Гродна|53.6741241|23.8282869|||[]||||[]|osm_poi:way/539497402
Туалет (вуліца Кірава)|туалет|||53.893174|25.2885543|||[]||no||[]|osm_poi:way/540358266
Булка|кафе||Гродна|53.6841892|23.8381044|||[]|08:00-21:00|||[]|osm_poi:way/541420972
Shaw-books|кафе|||53.70254|23.8067012|||[]|Mo-Su 11:00-23:00|||[]|osm_poi:way/541529839
Тарусічы|гостиница|||53.6499194|23.7478029|||[]||||[]|osm_poi:way/547962224
Garden|кафе|||53.7093086|23.8490805|||[]||||[]|osm_poi:way/548904074
Мірскія крыніцы|гостиница|||53.4792485|26.482634|||[]||||[]|osm_poi:way/551467632
Ресторан Мирского посада|ресторан|||53.4553346|26.4649406|||[]||||[]|osm_poi:way/551467663
Остановка|остановка транспорта|||53.0805279|25.3928286|||[]||||[]|osm_poi:way/553523700
Остановка|остановка транспорта|||53.0827192|25.5019586|||[]||||[]|osm_poi:way/553523725
Остановка|остановка транспорта|||53.1056629|25.5866807|||[]||||[]|osm_poi:way/553523727
Столовая «Купалінка»|кафе|||53.248273|24.1871088|||[]||||[]|osm_poi:way/569360834
Очаг|ресторан||Гродна|53.6794837|23.829548|||[]|Mo-Su 11:00-23:00|||[]|osm_poi:way/573302655
Остановка|остановка транспорта|||53.3513534|25.5998249|||[]||||[]|osm_poi:way/576141520
Остановка|остановка транспорта|||53.0840274|25.0320945|||[]||||[]|osm_poi:way/587233748
Остановка|остановка транспорта|||53.0839843|25.032071|||[]||||[]|osm_poi:way/587233749
Дом пілігрыма|гостиница|||53.0202893|24.96546|||[]||||[]|osm_poi:way/589861033
Шестигранник|гостиница||Подлабенский сельский Совет, Гродненский район, Гродненская область|53.6347455|23.7278486|||[]||||[]|osm_poi:way/591365845
Остановка|остановка транспорта|||53.678093|23.8435214|||[]||||[]|osm_poi:way/595035708
Остановка|остановка транспорта|||53.6780158|23.8440496|||[]||||[]|osm_poi:way/595035709
Старый Млын|кафе|||53.046556|24.4244964|||[]||||[]|osm_poi:way/596551827
Галактыка|гостиница|||53.6512815|23.7361787|||[]||||[]|osm_poi:way/599969689
Туалет|туалет|||54.5500038|25.9813631|||[]||no||[]|osm_poi:way/602646372
Туалет|туалет|||54.5472295|25.9812916|||[]||||[]|osm_poi:way/602646373
Гриль Бар 1323|кафе|||53.8862162|25.3021686|||[]||||[]|osm_poi:way/604503150
Белагруда|остановка транспорта|||53.7870298|25.179557|||[]||||[]|osm_poi:way/608440748
Воранава|остановка транспорта|||54.1502977|25.3135396|||[]||||[]|osm_poi:way/609674264
Туалет|туалет|||53.6639116|23.7819713|||[]||no||[]|osm_poi:way/612085742
Аульс|остановка транспорта|||53.6743802|23.9596299|||[]||||[]|osm_poi:way/615606282
Востраў Баброў|гостиница|||53.5449491|25.9443689|||[]||||[]|osm_poi:way/616745545
Туалет (вуліца Дакучаева)|туалет|||53.8762824|25.2516537|||[]||||[]|osm_poi:way/622334144
Столовая|кафе|||54.137385|25.4078915|||[]||||[]|osm_poi:way/625521977
Хутарок на Дымарцы|гостиница|||53.2635044|25.2826598|||[]||||[]|osm_poi:way/637545457
Остановка|остановка транспорта|||53.1521021|24.5721808|||[]||||[]|osm_poi:way/639788279
Остановка|остановка транспорта|||53.0879264|24.2532018|||[]||||[]|osm_poi:way/639788281
Туалет|туалет|||53.1114448|24.2989207|||[]||no||[]|osm_poi:way/640639593
Туалет|туалет|||53.5341633|25.4995731|||[]||||[]|osm_poi:way/648800748
Остановка|остановка транспорта|||54.4830214|26.3764758|||[]||||[]|osm_poi:way/657874040
Остановка|остановка транспорта|||53.1698494|24.6256218|||[]||||[]|osm_poi:way/657968243
Остановка|остановка транспорта|||53.7355761|25.3931594|||[]||||[]|osm_poi:way/665681276
Остановка|остановка транспорта|||53.7531933|25.381995|||[]||||[]|osm_poi:way/665681279
Coffee Way|кафе||Гродна|53.6775978|23.8430764|||[]|Mo-Su 08:00-21:00|||[]|osm_poi:way/672144331
Русиновцы|кафе|||53.5293643|24.3167031|||[]||||[]|osm_poi:way/679024237
Остановка|остановка транспорта|||53.3278351|25.6150291|||[]||||[]|osm_poi:way/679407322
Остановка|остановка транспорта|||53.4027354|25.5813687|||[]||||[]|osm_poi:way/679407330
База адпачынку «Нёман»|гостиница||Сялец|53.668663|25.437315|||[]||||[]|osm_poi:way/686491515
Каля Дуба|гостиница|||53.4299938|25.5096196|||[]||||[]|osm_poi:way/688454205
Лявада|гостиница|||53.0787783|25.3479685|||[]||||[]|osm_poi:way/697552825
сядзіба Кахана|гостиница|||53.1445663|24.4003059|||[]||||[]|osm_poi:way/699177643
Остановка|остановка транспорта|||53.0290422|24.1105042|||[]||||[]|osm_poi:way/700865651
Остановка|остановка транспорта|||53.8858878|24.1343955|||[]||||[]|osm_poi:way/705845025
Остановка|остановка транспорта|||53.8860684|24.1343637|||[]||||[]|osm_poi:way/705845026
Остановка|остановка транспорта|||53.714155|23.8750419|||[]||||[]|osm_poi:way/708780429
Туалет|туалет|||53.7999859|25.1707131|||[]||||[]|osm_poi:way/710585022
Остановка|остановка транспорта|||53.1383218|24.4140083|||[]||||[]|osm_poi:way/713159493
Остановка|остановка транспорта|||53.138336|24.4137479|||[]||||[]|osm_poi:way/713159494
Мікелеўшчына|остановка транспорта|||53.4706759|24.6630902|||[]||||[]|osm_poi:way/719312609
Туалет|туалет|||53.5322046|23.6847561|||[]||||[]|osm_poi:way/731989541
Остановка|остановка транспорта|||54.2090036|25.3498692|||[]||||[]|osm_poi:way/734484033
Туалет|туалет|||53.5624411|23.8720017|||[]||||[]|osm_poi:way/736636600
Забава|кафе|||53.6993274|23.8170795|||[]|Mo-Su 09:00-22:00|||[]|osm_poi:way/747872993
Food & Beer|кафе|||53.7081663|23.8481933|||[]|Mo-Th,Su 10:00-23:00; Fr-Sa 10:00-24:00|||[]|osm_poi:way/764179835
Семашкі|остановка транспорта|||53.7275476|25.0490457|||[]||||[]|osm_poi:way/793780260
Туалет|туалет|||53.4644964|25.5862831|||[]||no||[]|osm_poi:way/800332958
Азёры|гостиница|||53.8156274|24.2366403|||[]||||[]|osm_poi:way/807541947
Зялёная хатка|гостиница|||53.6343643|23.7266495|||[]||||[]|osm_poi:way/808515224
Далёкія|остановка транспорта|||53.8211528|25.2126696|||[]||||[]|osm_poi:way/810653593
Парачаны|остановка транспорта|||53.7707136|25.1374416|||[]||||[]|osm_poi:way/810653594
Курган|остановка транспорта|||53.7494321|25.1077032|||[]||||[]|osm_poi:way/812726741
Турʼя|остановка транспорта|||53.5079423|24.7238141|||[]||||[]|osm_poi:way/813068926
Логвіны|остановка транспорта|||53.5937467|24.8530363|||[]||||[]|osm_poi:way/813068928
Жалудок|остановка транспорта|||53.6250609|24.8946982|||[]||||[]|osm_poi:way/813068930
Остановка|остановка транспорта|||53.6982794|25.4086465|||[]||||[]|osm_poi:way/813125095
Ферадкі|гостиница|||53.1954355|25.2739332|||[]||||[]|osm_poi:way/819412206
Амельнікі|гостиница|||53.2196864|25.30859|||[]||||[]|osm_poi:way/819756422
Аграсядзіба Шчорсы|гостиница|||53.6544657|26.1680689|||[]||||[]|osm_poi:way/822883177
Венецыя|кафе|||53.0651465|25.3404352|||[]||||[]|osm_poi:way/823758132
Остановка|остановка транспорта|||53.5766699|25.5086566|||[]||||[]|osm_poi:way/824868816
Туалет|туалет|||53.5967152|23.7783871|||[]||||[]|osm_poi:way/834188648
Mak.by|кафе||Гродна|53.6694529|23.8214255|||[]|Mo-Su 07:00-24:00|||[]|osm_poi:way/839926035
Хутар Вайцюшкі|гостиница||Васілевічы|53.7895765|25.5684177|||[]||||[]|osm_poi:way/846469414
Остановка|остановка транспорта|||54.5170576|26.1829563|||[]||||[]|osm_poi:way/854980836
Остановка|остановка транспорта|||54.5165256|26.1820735|||[]||||[]|osm_poi:way/854980837
Столовая|кафе|||53.6731996|25.8530757|||[]||||[]|osm_poi:way/862464198
Санаторый Энергетык|гостиница|||53.3847985|24.4002298|||[]||||[]|osm_poi:way/871149568
Остановка|остановка транспорта|||53.0573309|24.2046176|||[]||||[]|osm_poi:way/879211830
Накрышкі|гостиница|||53.488086|25.2120717|||[]||||[]|osm_poi:way/896949107
Туалет|туалет|||54.2512159|26.0221024|||[]|24/7|yes||[]|osm_poi:way/904883505
Остановка|остановка транспорта|||53.8587721|25.163678|||[]||||[]|osm_poi:way/916759347
Cup&Cake|кафе|||53.6876413|23.8457898|||[]|Mo-Fr 09:00-21:00; Sa-Su 10:00-21:00|||[]|osm_poi:way/932567936
Сталовая|кафе|||54.7646536|26.0936775|||[]||||[]|osm_poi:way/965939400
Туалет|туалет|||52.8472769|23.9887527|||[]||||[]|osm_poi:way/971419078
Аграсядзіба Шкордзянка|гостиница||Шкордзь|53.7877405|24.8234556|||[]||||[]|osm_poi:way/971521913
Остановка|остановка транспорта|||54.420924|26.5415379|||[]||||[]|osm_poi:way/1002088642
Котра|гостиница|||53.5978008|24.1889031|||[]||||[]|osm_poi:way/1011498484
Лесная|гостиница|||53.5707378|26.0856266|||[]||||[]|osm_poi:way/1018519585
Дуброўшчына|гостиница|||53.1760181|25.4850504|||[]||||[]|osm_poi:way/1018826738
Coffee Way|кафе|||53.1433099|24.8222644|||[]|12:00-21:00|||[]|osm_poi:way/1046272958
Остановка|остановка транспорта|||53.1167866|24.3632073|||[]||||[]|osm_poi:way/1046272976
Усадьба Край Озер|гостиница|||53.669556|24.171735|||[]||||[]|osm_poi:way/1066511734
Теремок|кафе|||53.0949835|25.3183304|||[]|Mo-Fr 12:00-02:00; Sa, Su 11:00-02:00|||[]|osm_poi:way/1072035893
Остановка|остановка транспорта|||53.6215061|23.9795638|||[]||||[]|osm_poi:way/1106775355
Туалет|туалет|||53.5933386|25.8407976|||[]||||[]|osm_poi:way/1109025969
Береговушка|гостиница|||53.9448029|26.1937181|||[]||||[]|osm_poi:way/1134165107
Чорны вір|гостиница||Кадыш|53.8996723|23.6866156|||[]||||[]|osm_poi:way/1153033529
Остановка|остановка транспорта|||54.5315675|26.0807793|||[]||||[]|osm_poi:way/1172335502
Остановка|остановка транспорта|||54.5315059|26.0808007|||[]||||[]|osm_poi:way/1172335505
Туалет|туалет|||53.98338|26.3018955|||[]||||[]|osm_poi:way/1188482371
Остановка|остановка транспорта|||53.0951957|25.3436949|||[]||||[]|osm_poi:way/1256038087
Остановка|остановка транспорта|||53.0952087|25.3434862|||[]||||[]|osm_poi:way/1256038088
Остановка|остановка транспорта|||54.2463283|25.3529188|||[]||||[]|osm_poi:way/1258477403
Туалет|туалет|||53.0323942|24.1012141|||[]||||[]|osm_poi:way/1263400172
Остановка|остановка транспорта|||53.8814268|25.2949|||[]||||[]|osm_poi:way/1268321396
Остановка|остановка транспорта|||53.8805354|25.29555|||[]||||[]|osm_poi:way/1268321397
Туалет|туалет|||53.6456537|23.7490045|||[]||||[]|osm_poi:way/1292663204
Остановка|остановка транспорта|||53.6712389|25.4329415|||[]||||[]|osm_poi:way/1328448193
Домик у озера в д.Бершты|гостиница||Астрынскі сельскі Савет|53.8560287|24.3900375|||[]||||[]|osm_poi:way/1347984752
Паляўнічы комплекс «Арехаўка»|гостиница|||54.4921963|26.3603267|||[]|24/7|||[]|osm_poi:way/1356717683
Central park Cafe|кафе|||53.1638019|24.460322|||[]|Mo-Su 08:30-21:30|||[]|osm_poi:way/1363535127
Гуды|остановка транспорта|||53.9583814|25.2652643|||[]||||[]|osm_poi:way/1383193203
Остановка|остановка транспорта|||53.7520801|24.2534748|||[]||||[]|osm_poi:way/1420728735
Остановка|остановка транспорта|||53.7520128|24.2534525|||[]||||[]|osm_poi:way/1420728736
Остановка|остановка транспорта|||53.7517386|24.2566235|||[]||||[]|osm_poi:way/1420728737
Остановка|остановка транспорта|||53.7516761|24.2566032|||[]||||[]|osm_poi:way/1420728738
Туалет|туалет|||53.5826413|24.2453899|||[]||||[]|osm_poi:way/1420802504
Остановка|остановка транспорта|||53.744727|24.2162011|||[]||||[]|osm_poi:way/1420885262
Остановка|остановка транспорта|||53.7446997|24.2162041|||[]||||[]|osm_poi:way/1420885263
Остановка|остановка транспорта|||53.6113001|23.8217807|||[]||||[]|osm_poi:way/1422356089
Туалет|туалет|||53.321763|25.2949796|||[]||||[]|osm_poi:way/1423020933
Наваельня|остановка транспорта|||53.4642075|25.5863106|||[]||||[]|osm_poi:way/1423112095
Родник|гостиница|||53.4409992|25.2899689|||[]||||[]|osm_poi:way/1423259433
Туалет|туалет|||53.1486025|24.8152426|||[]||||[]|osm_poi:way/1424666591
АкРасила|гостиница|||53.5480855|26.4480331|||[]||||[]|osm_poi:way/1425641360
Хутор Броносово|гостиница|||53.5323913|26.4794166|||[]||||[]|osm_poi:way/1425641363
Клеверок|гостиница|||53.9243998|26.2208107|||[]||||[]|osm_poi:way/1428870530
Паляўнічы комплекс «На Віліі»|гостиница|||54.7926455|25.8881611|||[]||||[]|osm_poi:way/1443582221
Остановка|остановка транспорта|||54.0661014|25.4019208|||[]||||[]|osm_poi:way/1499443349
Остановка|остановка транспорта|||54.0654761|25.4020298|||[]||||[]|osm_poi:way/1499443351
Аг. Трокели|остановка транспорта|||54.038416|25.4109426|||[]||||[]|osm_poi:way/1510392957
Остановка|остановка транспорта|||54.0384935|25.4436103|||[]||||[]|osm_poi:way/1510392960
Остановка|остановка транспорта|||54.0381883|25.4448587|||[]||||[]|osm_poi:way/1510392965
Остановка|остановка транспорта|||53.7489163|24.3211807|||[]||||[]|osm_poi:way/1511550628
Остановка|остановка транспорта|||53.748902|24.3213028|||[]||||[]|osm_poi:way/1511550629
Остановка|остановка транспорта|||54.0083392|25.3956851|||[]||||[]|osm_poi:way/1522300152
Причал-беседка|гостиница|||53.814143|24.2372019|||[]||||[]|osm_poi:way/1526819724
Остановка|остановка транспорта|||54.5502646|26.0087451|||[]||||[]|osm_poi:way/1535988932
Остановка|остановка транспорта|||54.550328|26.008841|||[]||||[]|osm_poi:way/1535988933
Остановка|остановка транспорта|||54.49608|26.2695612|||[]||||[]|osm_poi:way/1535988934
Остановка|остановка транспорта|||54.4961634|26.2696161|||[]||||[]|osm_poi:way/1535988935
Остановка|остановка транспорта|||54.5095285|26.1933144|||[]||||[]|osm_poi:way/1535988937
Verdena|гостиница|||53.6868392|23.798566|||[]||||[]|osm_poi:way/1540867598
Солы|остановка транспорта|||54.5170437|26.1829563|||[]||||[]|osm_poi:relation/11718166
Солы|остановка транспорта|||54.5165299|26.1820735|||[]||||[]|osm_poi:relation/11718167
Наваспаск|остановка транспорта|||54.3787745|26.3814601|||[]||||[]|osm_poi:relation/11718168
Наваспаск|остановка транспорта|||54.3795928|26.3816455|||[]||||[]|osm_poi:relation/11718169
Крэва|остановка транспорта|||54.3109106|26.2845606|||[]||||[]|osm_poi:relation/11718170
Крэва|остановка транспорта|||54.311038|26.2829388|||[]||||[]|osm_poi:relation/11718171
Парэчча|гостиница|||53.8849797|24.1430992|||[]|Mo-Fr 07:30-13:00,13:30-17:00; Sa-Su 07:30-13:00,13:30-15:30|||[]|osm_poi:relation/16017560
