# name|category|district|town|lat|lon|blurb|fun_fact|fun_facts|opening_hours|ticket_price|visit_minutes|links|source_url
Землякам погибшим в ВОВ|памятник|Сморгонский район||54.244522|26.837113|||[]|||10|[]|osm:node/306065723
Церковь Покровская|церковь|Лидский район||53.970047|25.555425|||[]|||20|[]|osm:node/306067437
Памятник погибшим евреям|памятник|Щучинский район||53.600321|24.993194|||[]|||10|[]|osm:node/306067544
Храм во имя Св. Кирилла Туровского|костёл|Зельвенский район||52.984956|25.266670|||[]|||20|[]|osm:node/306067574
Жертвам Фашизма. Расстреляным Евреям Слонима|памятник|Зельвенский район||53.059857|25.416193|||[]|||10|[]|osm:node/306067583
Храм святого преподобного Сергия Радонежского|церковь|Лидский район||53.892210|25.267570|||[]|||20|[]|osm:node/306067673
Костёл Непорочного зачатия Наисвятейшей Панны Марии|костёл|Лидский район||53.872159|25.288898|||[]|||20|[]|osm:node/306067682
Землякам, погибшим в годы ВОВ|памятник|Щучинский район||53.639748|24.479630|||[]|||10|[]|osm:node/306067770
Воин с автоматом и барельеф|памятник|Берестовицкий район||53.327621|23.889461|||[]|||10|[]|osm:node/306067954
Партизанам|памятник|Берестовицкий район||53.188205|23.959626|||[]|||10|[]|osm:node/306067983
Место расстрела жителей фашистами 13.08.1942|памятник|Кореличский район||53.440401|26.473599|||[]|||10|[]|osm:node/306068521
Землякам погибшим в ВОВ|памятник|Сморгонский район||54.379801|26.466016|||[]|||10|[]|osm:node/306068549
Храм в честь Успения Пресвятой Богородицы 1840Г.|костёл|Кореличский район||53.487131|26.147389|||[]|||20|[]|osm:node/306068583
109 Землякам погибшим в ВОВ|памятник|Кореличский район||53.618170|26.176730|||[]|||10|[]|osm:node/306068602
Жертвам фашизма|памятник|Новогрудский район||53.759441|26.037043|||[]|||10|[]|osm:node/306068673
Иосиф Урбанович|памятник|Зельвенский район||52.861291|24.890515|||[]|||10|[]|osm:node/306068952
Братская могила|памятник|Зельвенский район||52.845915|25.335407|||[]|||10|[]|osm:node/306069033
Коленопреклонённый воин|памятник|Кореличский район||53.084977|26.351375|||[]|||10|[]|osm:node/306069583
Памятник партизанам|памятник|Щучинский район||53.730721|24.376170|||[]|||10|[]|osm:node/320409378
Синий Камень|памятник|Щучинский район||53.695398|24.311491|||[]|||10|[]|osm:node/320409525
Аптека-музей|музей|Гродненский район|Гродна|53.678484|23.831129|||[]|Mo-Su 09:00-19:00||40|[]|osm:node/320409653
Нижняя церковь|архитектура|Гродненский район||53.677354|23.822611|||[]|||20|[]|osm:node/320409671
Памятник советским пограничникам|памятник|Гродненский район||53.672481|23.802669|||[]|||10|[]|osm:node/320409740
Стела в честь 850-летия Гродно|памятник|Гродненский район||53.680842|23.816545|||[]|||10|[]|osm:node/379789513
Элизе Ожешко|памятник|Гродненский район||53.683629|23.837231|||[]|||10|[]|osm:node/385978294
Солнечные часы|архитектура|Щучинский район||53.664989|24.876963|||[]|||20|[]|osm:node/391814407
Соколовскому|памятник|Гродненский район||53.680450|23.830195|||[]|||10|[]|osm:node/394582075
Ленин|памятник|Гродненский район||53.683842|23.833936|||[]|||10|[]|osm:node/441732888
Танк ИС-3|памятник|Сморгонский район||54.508549|26.442658|||[]|||10|[]|osm:node/444488527
Часовня придорожная|костёл|Сморгонский район||54.475441|26.426978|||[]|||20|[]|osm:node/444500626
Военное кладбище|памятник|Гродненский район||53.671968|23.848681|||[]|||10|[]|osm:node/457718360
ДОТ|замок|Гродненский район||53.860566|23.658905|||[]|||40|[]|osm:node/473871196
Собаке за неоценимый вклад в развитие медицинской науки|памятник|Гродненский район||53.700112|23.818090|||[]|||10|[]|osm:node/491591305
Щорс Н. А.|памятник|Гродненский район||53.680575|23.845333|||[]|||10|[]|osm:node/506288463
Богатырь|памятник|Свислочский район||53.031492|24.075694|||[]|||10|[]|osm:node/522221151
Воинам-интернационалистам|памятник|Гродненский район||53.705275|23.815539|||[]|||10|[]|osm:node/540468197
Гродно|архитектура|Гродненский район||53.683310|23.834627|||[]|||20|[]|osm:node/540645236
Скорбящая Мать|памятник|Гродненский район||53.717843|23.670356|||[]|||10|[]|osm:node/550879161
Узникам лагеря смерти|памятник|Гродненский район||53.653359|23.777166|||[]|||10|[]|osm:node/559614225
Святого князя Александра Невского|архитектура|Гродненский район|Верцялішкі|53.704172|24.000250|||[]|||20|[]|osm:node/560814015
ЗАХОРОНЕНИЕ ЕВРЕЕВ|памятник|Кореличский район||53.488328|26.718366|||[]|||10|[]|osm:node/612431532
Феликс Дзержинский|памятник|Кореличский район||53.481208|26.720809|||[]|||10|[]|osm:node/612433371
Ленину В. И.|памятник|Кореличский район||53.476379|26.730289|||[]|||10|[]|osm:node/612435537
Ваза|памятник|Кореличский район||53.477869|26.731175|||[]|||10|[]|osm:node/612435788
Воинам-интернационалистам|памятник|Кореличский район||53.479114|26.734973|||[]|||10|[]|osm:node/612436397
Стелла освободителям 2 июля 1944|памятник|Кореличский район||53.481805|26.732178|||[]|||10|[]|osm:node/612446003
Экипажу самолета Су–2|памятник|Сморгонский район||54.531180|26.943455|||[]|||10|[]|osm:node/702029783
Борцам за свободу и независимость|памятник|Сморгонский район||54.531446|26.943659|||[]|||10|[]|osm:node/702029793
Мемориал погибшим во 2-й мировой войне|памятник|Кореличский район||53.453108|26.464859|||[]|||10|[]|osm:node/794527450
Курсантам–Пограничникам. 22 июня 1941 года. Помним …|памятник|Гродненский район||53.681639|23.803812|||[]|||10|[]|osm:node/809930973
Г. А. Горновых|памятник|Гродненский район||53.671344|23.825578|||[]|||10|[]|osm:node/846816642
Дом-музей Франтишка Богушевича|музей|Сморгонский район||54.441268|26.176237|||[]|||40|[]|osm:node/899617317
Ошмяны, 1341 г.|памятник|Ошмянский район||54.432100|25.957300|||[]|||10|[]|osm:node/906950828
Сымон Будный|памятник|Кореличский район||53.220271|26.683377|||[]|||10|[]|osm:node/974408122
Обелиск «Марысин парк 1898»|памятник|Кореличский район||53.223574|26.700797|||[]|||10|[]|osm:node/974421949
Руины спиртзавода Крупских|архитектура|Кореличский район||53.584357|26.825425|||[]|||20|[]|osm:node/1111685942
Вечный огонь|памятник|Волковысский район||53.156875|24.451734|||[]|||10|[]|osm:node/1124666883
В. И. Ленину|памятник|Волковысский район||53.162971|24.464470|||[]|||10|[]|osm:node/1124671288
Памятник воинам-интернационалистам|памятник|Волковысский район||53.159210|24.453990|||[]|||10|[]|osm:node/1124731111
МиГ-15УТИ|архитектура|Волковысский район||53.152703|24.457610|||[]|||20|[]|osm:node/1125898551
Бровар|архитектура|Кореличский район||53.293261|26.231248|||[]|||20|[]|osm:node/1129481514
Храм зимний Николая Чудотворца|церковь|Зельвенский район||53.014770|25.344346|||[]|||20|[]|osm:node/1201885760
Адаму Мицкевичу|памятник|Гродненский район||53.689253|23.835829|||[]|||10|[]|osm:node/1216085788
Форт № 4|памятник|Гродненский район||53.619582|23.670970|||[]|||10|[]|osm:node/1247507995
Памятник жертвам Великой Отечественной войны|памятник|Сморгонский район||54.303185|26.836771|||[]|||10|[]|osm:node/1250750569
Ленин В.И.|памятник|Сморгонский район||54.307681|26.839077|||[]|||10|[]|osm:node/1250750836
памятник Франтишку Богушевичу|памятник|Сморгонский район||54.479968|26.406233|||[]|||10|[]|osm:node/1252319814
Лопаты|памятник|Щучинский район||53.560662|24.869615|||[]|||10|[]|osm:node/1270079564
Памятник погибшим милиционерам|памятник|Гродненский район||53.686303|23.840899|||[]|||10|[]|osm:node/1270901754
Курганный могильник дреговичей, 11 век|памятник|Зельвенский район||52.864722|24.669646|||[]|||10|[]|osm:node/1271761624
Часовня|архитектура|Гродненский район||53.660924|23.869644|||[]|||20|[]|osm:node/1274323761
Памятник|памятник|Ивьевский район||54.005534|25.607332|||[]|||10|[]|osm:node/1280353815
Батыреву П.М.|памятник|Щучинский район||53.599854|24.980619|||[]|||10|[]|osm:node/1280449015
Партизанская землянка|памятник|Щучинский район||53.495473|24.992747|||[]|||10|[]|osm:node/1280460945
Мемориальный обелиск в честь шведских воинов (1708)|памятник|Зельвенский район||53.258948|24.911147|||[]|||10|[]|osm:node/1280489860
Святой источник|архитектура|Зельвенский район||53.011932|25.326063|||[]|||20|[]|osm:node/1280573299
Курбатов М. Т.|памятник|Гродненский район||53.666582|23.827589|||[]|||10|[]|osm:node/1280616804
Зеньковский|архитектура|Зельвенский район||52.977066|24.875218|||[]|||20|[]|osm:node/1285966850
Валун «Фарноконецкий»|архитектура|Щучинский район||53.607901|24.958792|||[]|||20|[]|osm:node/1290255810
Памятник погибшим в ВОВ|памятник|Щучинский район||53.486269|24.991704|||[]|||10|[]|osm:node/1291615888
Погибшим во Второй мировой войне|памятник|Мостовский район||53.410520|24.889889|||[]|||10|[]|osm:node/1291618174
Музей пчеловодства и насекомых|музей|Зельвенский район||53.153108|24.909616|||[]|||40|[]|osm:node/1291622783
Погибшим во Второй мировой войне|памятник|Зельвенский район||53.014232|25.343303|||[]|||10|[]|osm:node/1291632230
Музей Карбышева Д. М.|музей|Гродненский район|Гродна|53.674725|23.808409|||[]|||40|[]|osm:node/1328383764
Карбышев Д. М.|памятник|Гродненский район||53.674560|23.808983|||[]|||10|[]|osm:node/1328413607
Воинам|памятник|Сморгонский район||54.163835|26.765466|||[]|||10|[]|osm:node/1371875364
Часовня-усыпальница (руины)|замок|Кореличский район||53.874992|26.972964|||[]|||40|[]|osm:node/1373787313
Усадебный дом|архитектура|Кореличский район||53.876305|26.955430|||[]|||20|[]|osm:node/1374538371
Церковь святого Георгия (1880) — дерев.|архитектура|Кореличский район||53.771640|26.770976|||[]|||20|[]|osm:node/1374765445
Часовня придорожная|архитектура|Кореличский район||53.884918|26.733867|||[]|||20|[]|osm:node/1374765595
Костел св. Роха /сохр. фундамент/|замок|Сморгонский район||54.218809|26.751298|||[]|||40|[]|osm:node/1374799561
Типография 1917г. (спиртзавод кон.XIX - нач.XX вв., кирпичн. стиль)|архитектура|Сморгонский район||54.314183|26.839503|||[]|||20|[]|osm:node/1374812853
Памятник землякам|памятник|Дятловский район||53.585474|25.377739|||[]|||10|[]|osm:node/1376094380
Каменный крест|архитектура|Сморгонский район||54.235024|26.690991|||[]|||20|[]|osm:node/1376526480
Усадьба: официна (1900 г.)|архитектура|Сморгонский район||54.236112|26.668847|||[]|||20|[]|osm:node/1376544063
Церковь св. Георгия|архитектура|Сморгонский район||54.168539|26.592799|||[]|||20|[]|osm:node/1376545086
Музей-усадьба Якуба Коласа (Мицкевичей) «Окинчицы»|музей|Кореличский район||53.463909|26.775890|||[]|Tu-Su 09:00-18:00|no|40|[]|osm:node/1376621317
Церковь Благовещенская (дерев.)|церковь|Кореличский район||53.320826|26.815098|||[]|||20|[]|osm:node/1376714716
Амбар/бровар при усадьбе Коцеллов (1836)|архитектура|Сморгонский район||54.351300|26.553284|||[]|||20|[]|osm:node/1376715422
Часовня католическая. Сердца Иисуса|костёл|Кореличский район||53.395080|26.644875|||[]|||20|[]|osm:node/1376717053
Часовня (XVIII ст.)|архитектура|Сморгонский район||54.455428|26.670000|||[]|||20|[]|osm:node/1376721718
Часовня придорожная|костёл|Кореличский район||53.449927|26.488255|||[]|||20|[]|osm:node/1376730595
Дворец /сохр. подвалы/|архитектура|Кореличский район||53.449880|26.480448|||[]|||20|[]|osm:node/1376731271
Дом управляющего|архитектура|Кореличский район||53.449449|26.480211|||[]|||20|[]|osm:node/1376731728
Бровар|архитектура|Кореличский район||53.448940|26.480971|||[]|||20|[]|osm:node/1376732195
Синагога купеческая|архитектура|Кореличский район||53.454962|26.465345|||[]|||20|[]|osm:node/1376738164
Хедер|архитектура|Кореличский район||53.454676|26.464341|||[]|||20|[]|osm:node/1376740401
Пансион при хедере|архитектура|Кореличский район||53.454571|26.464099|||[]|||20|[]|osm:node/1376740696
Иешива|архитектура|Кореличский район||53.454880|26.463226|||[]|||20|[]|osm:node/1376743175
Школа и госпиталь|архитектура|Кореличский район||53.452741|26.466119|||[]|||20|[]|osm:node/1376744391
Комплекс боевой славы «Братская могила советских воинов и партизан»|памятник|Зельвенский район||53.147690|24.822058|||[]|||10|[]|osm:node/1380754147
В.И. Ленин|памятник|Зельвенский район||53.149288|24.817056|||[]|||10|[]|osm:node/1380807586
Памятник землякам|памятник|Дятловский район||53.601608|25.379668|||[]|||10|[]|osm:node/1388912589
Пушка|памятник|Дятловский район||53.462894|25.404255|||[]|||10|[]|osm:node/1388993333
Памятник летчикам А. Новокрещёнову и А. Пивовару|памятник|Щучинский район||53.622411|24.769925|||[]|||10|[]|osm:node/1398914602
Ледовня|замок|Кореличский район||53.258302|26.543894|||[]|||40|[]|osm:node/1403795186
Усадьба Обуховичей|замок|Кореличский район||53.242180|26.505324|||[]|||40|[]|osm:node/1403795200
Часовня-усыпальница|костёл|Кореличский район||53.258785|26.544308|||[]|||20|[]|osm:node/1403795203
Пулемет Максим|памятник|Лидский район||53.893169|25.317571|||[]|||10|[]|osm:node/1404468828
Советским воинам-освободителям и партизанам|памятник|Лидский район||53.891189|25.303148|||[]|||10|[]|osm:node/1426748494
Ленин В.И.|памятник|Лидский район||53.892068|25.301649|||[]|||10|[]|osm:node/1426748495
Паровоз|памятник|Сморгонский район||54.314857|26.830607|||[]|||10|[]|osm:node/1430085892
Вишневский|архитектура|Ивьевский район||54.141752|26.209765|||[]|||20|[]|osm:node/1437381250
Арка|памятник|Сморгонский район||54.305198|26.837828|||[]|||10|[]|osm:node/1446111893
памятник Ленину|памятник|Кореличский район||53.219825|26.680750|||[]|||10|[]|osm:node/1478069856
В. И. Чапаев|памятник|Гродненский район||53.680603|23.845704|||[]|||10|[]|osm:node/1548078420
Курган бессмертия Адама Мицкевича|архитектура|Новогрудский район||53.602320|25.826209|||[]|||20|[]|osm:node/1550673684
Здание Синагоги 19в.|архитектура|Кореличский район||53.451257|26.463774|||[]|||20|[]|osm:node/1551892414
Часовня (дерев.)|костёл|Кореличский район||53.454196|26.458903|||[]|||20|[]|osm:node/1551899509
Костел /сохр. частично/|замок|Кореличский район||53.309526|26.688827|||[]|||40|[]|osm:node/1551907185
Братская могила солдат 1-й мировой войны (1915)|памятник|Сморгонский район||54.425214|26.533764|||[]|||10|[]|osm:node/1551919608
Фабричные корпуса (XIX в.)|архитектура|Ивьевский район||54.129334|26.218705|||[]|||20|[]|osm:node/1551935373
Усадебный дом|архитектура|Кореличский район||53.354571|26.541147|||[]|||20|[]|osm:node/1551955413
Усадебный дом|архитектура|Сморгонский район||54.596991|26.874604|||[]|||20|[]|osm:node/1551960467
Хозпостройки|архитектура|Сморгонский район||54.597006|26.872436|||[]|||20|[]|osm:node/1551962454
Часовня|костёл|Кореличский район||53.302972|26.584902|||[]|||20|[]|osm:node/1551968247
Каменный крест|архитектура|Сморгонский район||54.607945|26.867568|||[]|||20|[]|osm:node/1551972151
Флигель XIX в|архитектура|Кореличский район||53.653972|26.170082|||[]|||20|[]|osm:node/1551977540
Каре служебных корпусов (2 половина XVIII-XIX)|архитектура|Кореличский район||53.653507|26.169435|||[]|||20|[]|osm:node/1551978487
Дом управляющего имением (2-я половина XVIII в.)|замок|Кореличский район||53.654644|26.168676|||[]|||40|[]|osm:node/1552022694
Церковь /не достроена/|церковь|Кореличский район||53.551594|26.239751|||[]|||20|[]|osm:node/1552026151
Памятник немецким солдатам|памятник|Ивьевский район||54.166241|26.148622|||[]|||10|[]|osm:node/1552045314
Хозпостройка|замок|Кореличский район||53.229074|26.691302|||[]|||40|[]|osm:node/1555749779
Памятник немецким солдатам|памятник|Кореличский район||53.846455|26.071534|||[]|||10|[]|osm:node/1555752734
Монастырь бенедиктинок|монастырь|Кореличский район||53.215874|26.681779|||[]|||30|[]|osm:node/1555819665
Костёл Св. Евфимии|архитектура|Кореличский район||53.215780|26.681577|||[]|||20|[]|osm:node/1555844249
Часовенка придорожная (XIX в.)|архитектура|Сморгонский район||54.574456|26.621095|||[]|||20|[]|osm:node/1559015357
Памятник немецким солдатам|памятник|Сморгонский район||54.347524|26.249329|||[]|||10|[]|osm:node/1559015874
Кладбище еврейское|памятник|Новогрудский район||53.752486|26.052242|||[]|||10|[]|osm:node/1559016363
Братская могила русских солдат|памятник|Кореличский район||53.659051|26.085277|||[]|||10|[]|osm:node/1559021017
Производственный корпус винокурни Радзивиллов|архитектура|Кореличский район||53.202831|26.640274|||[]|||20|[]|osm:node/1559025419
Церковь старообрядческая Успенская (дерев.)|церковь|Ивьевский район||54.157935|26.056401|||[]|||20|[]|osm:node/1559039857
Часовня-усыпальница (руины)|замок|Кореличский район||53.248543|26.501152|||[]|||40|[]|osm:node/1559040769
Сыроварня (?)|архитектура|Кореличский район||53.454118|26.174732|||[]|||20|[]|osm:node/1559142108
Хозпостройка (руины)|замок|Кореличский район||53.458294|26.169634|||[]|||40|[]|osm:node/1559149252
Место костела|замок|Кореличский район||53.067469|26.986947|||[]|||40|[]|osm:node/1559278813
Часовня-усыпальница|костёл|Кореличский район||53.477563|26.133396|||[]|||20|[]|osm:node/1559287630
Бровар|архитектура|Кореличский район||53.062589|26.983506|||[]|||20|[]|osm:node/1559288191
Памятник немецким солдатам 1-й мировой войны (1915-18гг.)|памятник|Сморгонский район||54.555926|26.406221|||[]|||10|[]|osm:node/1559346534
Мемориальный камень немецкого штаба|памятник|Ивьевский район||54.026809|25.934767|||[]|||10|[]|osm:node/1559349933
Ледовня|архитектура|Кореличский район||53.318392|26.277085|||[]|||20|[]|osm:node/1559360456
Церковь св. Михаила Архангела|церковь|Кореличский район||53.406000|26.160053|||[]|||20|[]|osm:node/1559361376
Дворец Рдултовских|архитектура|Кореличский район||53.223032|26.413024|||[]|||20|[]|osm:node/1559364918
Памятник немецким солдатам|памятник|Ивьевский район||54.248936|26.003080|||[]|||10|[]|osm:node/1559369287
Часовня придорожная|архитектура|Кореличский район||53.413513|26.135438|||[]|||20|[]|osm:node/1559369336
Усадебный дом 19в. (дерев.)|архитектура|Новогрудский район||53.473485|26.022975|||[]|||20|[]|osm:node/1560676014
Гараж-каретная|архитектура|Сморгонский район||54.717554|26.644337|||[]|||20|[]|osm:node/1560676472
Паровая мельница|архитектура|Сморгонский район||54.717738|26.644387|||[]|||20|[]|osm:node/1560676773
Часовня-усыпальница|архитектура|Кореличский район||53.225543|26.317262|||[]|||20|[]|osm:node/1560677448
Часовня католическая (дерев.)|костёл|Новогрудский район||53.414211|26.062492|||[]|||20|[]|osm:node/1560677908
Здание пивоварни и винокурни 1798 г.|архитектура|Новогрудский район||53.420126|26.055946|||[]|||20|[]|osm:node/1560680003
Казарма левая|архитектура|Кореличский район||53.075460|26.642994|||[]|||20|[]|osm:node/1563532368
Казарма центральная|архитектура|Кореличский район||53.074957|26.642840|||[]|||20|[]|osm:node/1563532398
Казарма правая|архитектура|Кореличский район||53.074670|26.641676|||[]|||20|[]|osm:node/1563532407
Жилой корпус монастыря доминиканцев|архитектура|Кореличский район||53.067680|26.635570|||[]|||20|[]|osm:node/1563537424
Корпус №3 бывшего госпиталя|архитектура|Кореличский район||53.068560|26.628655|||[]|||20|[]|osm:node/1575415176
Корпус №1 Бывшего госпиталя|архитектура|Кореличский район||53.068296|26.629192|||[]|||20|[]|osm:node/1575417567
Корпус №2 бывшего госпиталя|архитектура|Кореличский район||53.068173|26.628473|||[]|||20|[]|osm:node/1575418776
Костёл Троицкий фарный /сохр. часть стены/|архитектура|Кореличский район||53.067403|26.625860|||[]|||20|[]|osm:node/1575419844
Иешива «Эц Хаим» (1929г.)|архитектура|Кореличский район||53.066147|26.627517|||[]|||20|[]|osm:node/1575420139
Кладбище еврейское|архитектура|Кореличский район||53.071791|26.604315|||[]|||20|[]|osm:node/1575420621
Часовня придорожная|архитектура|Сморгонский район||54.727929|26.531215|||[]|||20|[]|osm:node/1575453908
Часовня католическая (дерев., 1929 г.)|архитектура|Сморгонский район||54.668495|26.367689|||[]|||20|[]|osm:node/1575457918
Торговые ряды|архитектура|Новогрудский район||53.599116|25.826553|||[]|||20|[]|osm:node/1575479811
Дворец (руины)|замок|Кореличский район||53.009210|26.677270|||[]|||40|[]|osm:node/1575483903
Часовня-усыпальница (1930-е гг.)|архитектура|Сморгонский район||54.674319|26.362213|||[]|||20|[]|osm:node/1575487118
Часовня «Криница у богини» (нач. ХХ в.)|архитектура|Сморгонский район||54.677563|26.356028|||[]|||20|[]|osm:node/1576491224
Брама (нач. ХХ в.)|архитектура|Сморгонский район||54.677985|26.344422|||[]|||20|[]|osm:node/1576491921
Флигель (?)|архитектура|Новогрудский район||53.470882|25.877329|||[]|||20|[]|osm:node/1576504611
Ветряная мельница (дерев.)|архитектура|Кореличский район||52.946851|26.826694|||[]|||20|[]|osm:node/1576521409
Костёл Воздвижения Креста|костёл|Кореличский район||52.960026|26.764928|||[]|||20|[]|osm:node/1576521645
Памятник трем польским походам на восток (?)|памятник|Кореличский район||53.251441|26.077987|||[]|||10|[]|osm:node/1577944505
Церковь (дерев.;руины)|церковь|Кореличский район||52.932118|26.802563|||[]|||20|[]|osm:node/1577954014
Усадебный дом|архитектура|Кореличский район||53.098868|26.280206|||[]|||20|[]|osm:node/1578043984
Усадебный дом Черноцких (дерев.)|архитектура|Кореличский район||53.099177|26.238308|||[]|||20|[]|osm:node/1615542866
Мемориальный камень битве войск Огинского и Суворова|памятник|Новогрудский район||53.212830|26.038589|||[]|||10|[]|osm:node/1615550599
Памятник немецким солдатам ПМВ|памятник|Дятловский район||53.169581|26.028917|||[]|||10|[]|osm:node/1616492284
Часовня-усыпальница|костёл|Дятловский район||53.266309|25.886246|||[]|||20|[]|osm:node/1640417904
Водяная мельница (нач. XX века)|архитектура|Островецкий район||54.612849|25.959868|||[]|||20|[]|osm:node/1640420228
Придорожная часовенка|архитектура|Ошмянский район||54.455095|25.774489|||[]|||20|[]|osm:node/1640443306
Усадебно-парковый комплекс Дембовецких (XIX в.)|архитектура|Лидский район||53.921624|25.504798|||[]|||20|[]|osm:node/1640452938
Кладбище старое католическое|архитектура|Островецкий район||54.724420|26.001089|||[]|||20|[]|osm:node/1642878716
Мемориальная колонна в честь принятия Конституции Речи Посполитой 3 мая 1791 г.|памятник|Дятловский район||53.452809|25.575818|||[]|||10|[]|osm:node/1642892181
Братская Могила|памятник|Дятловский район||53.471091|25.404575|||[]|||10|[]|osm:node/1656294153
Якуб Колас|памятник|Кореличский район||52.760499|26.424892|||[]|||10|[]|osm:node/1677682710
В.И.Ленин|памятник|Островецкий район||54.615448|25.958276|||[]|||10|[]|osm:node/1688728692
Музей истории пчеловодства|музей|Гродненский район||53.686228|23.843549|||[]|||40|[]|osm:node/1697656359
памятник Активистам Советской Власти|памятник|Волковысский район||53.153027|24.496326|||[]|||10|[]|osm:node/1729248397
памятник жертвам Фашизма|памятник|Волковысский район||53.152994|24.496342|||[]|||10|[]|osm:node/1729248406
Форт № 1|памятник|Гродненский район||53.733799|23.712064|||[]|||10|[]|osm:node/1774650485
БТР|памятник|Дятловский район||53.462438|25.404893|||[]|||10|[]|osm:node/1806643399
памятник Ленину|памятник|Дятловский район||53.462001|25.405499|||[]|||10|[]|osm:node/1807214621
памятник Филидовичу|памятник|Дятловский район||53.462827|25.404946|||[]|||10|[]|osm:node/1807244754
Колонна-маяк|архитектура|Гродненский район||53.674379|23.825150|||[]|||20|[]|osm:node/1863593260
Гродненский государственный музей истории религии|музей|Гродненский район|Гродна|53.677827|23.825753|||[]|Mo off; Tu-Su 10:00-18:00||40|[]|osm:node/1863658377
Погибшим землякам|памятник|Островецкий район||54.687885|26.145219|||[]|||10|[]|osm:node/1887930690
Альбуть - мемориальная усадьба Якуба Коласа|музей|Кореличский район||53.447839|26.781067|||[]|||40|[]|osm:node/1918879343
Краеведческий музей|музей|Сморгонский район|Валожын|54.089887|26.514286|||[]|Tu-Su 10:00-19:00||40|[]|osm:node/2038238735
Вечный огонь|памятник|Дятловский район||53.132167|26.021916|||[]|||10|[]|osm:node/2106355438
Св.Антоний|памятник|Берестовицкий район||53.404373|23.763095|||[]|||10|[]|osm:node/2108671903
Братская могила|памятник|Мостовский район||53.454721|24.334376|||[]|||10|[]|osm:node/2163863503
Памятник землякам|памятник|Мостовский район||53.443711|24.371623|||[]|||10|[]|osm:node/2163864592
Ф. Э. Дзержинского|музей|Кореличский район||53.836343|26.541786|||[]|Tu-Su 10:00-19:00||40|[]|osm:node/2172319707
Ленин|памятник|Кореличский район||52.762422|26.427445|||[]|||10|[]|osm:node/2246993048
Дом-музей Максима Богдановича|музей|Гродненский район||53.687277|23.837784|||[]|Tu-Su 10:00-18:00||40|[]|osm:node/2268461206
Дом-музей Элизы Ожешко|музей|Гродненский район||53.684171|23.839514|||[]|Mo-Th 10:00-19:00; Fr-Su 10:00-18:00||40|[]|osm:node/2268463173
Обелиск погибшим землякам|памятник|Дятловский район||52.890949|25.853035|||[]|||10|[]|osm:node/2349802548
Братская могила|памятник|Дятловский район||52.896256|25.849291|||[]|||10|[]|osm:node/2349805270
Катехетический дом Святого Иосифа|костёл|Гродненский район||53.694256|23.813826|||[]|||20|[]|osm:node/2388921967
Старая гидроэлектростанция|архитектура|Кореличский район||53.417950|26.336473|||[]|||20|[]|osm:node/2408756267
В память о погибших земляках в годы войны 1941-1945|памятник|Щучинский район||53.778026|24.848645|||[]|||10|[]|osm:node/2411884893
Самолёт-памятник МиГ-19ПМ|памятник|Дятловский район||53.125745|26.034634|||[]|||10|[]|osm:node/2436861423
Памятник советским воинам|памятник|Кореличский район||53.222534|26.689448|||[]|||10|[]|osm:node/2446018616
Дзержинский Ф.Э.|памятник|Кореличский район||53.889119|26.740708|||[]|||10|[]|osm:node/2450356140
В честь дружбы и единства конфессий Ивьевщины|памятник|Ивьевский район||53.931450|25.770304|||[]|||10|[]|osm:node/2450867668
памятник герою Советского Союза Ф.Г. Маркову|памятник|Сморгонский район||54.303400|26.830006|||[]|||10|[]|osm:node/2456838421
Памятный знак воинам-интернационалистам|памятник|Сморгонский район||54.303260|26.832106|||[]|||10|[]|osm:node/2456839382
Автомобиль-памятник ЗИС-5|памятник|Дятловский район||53.132586|26.067059|||[]|||10|[]|osm:node/2502188967
Законность. Правопорядок.|памятник|Гродненский район||53.692957|23.832783|||[]|||10|[]|osm:node/2611962002
БМП|памятник|Волковысский район||53.159067|24.454061|||[]|||10|[]|osm:node/2616366715
Бессмертный огонь|памятник|Кореличский район||53.479253|26.739816|||[]|||10|[]|osm:node/2621296664
Братская могила|памятник|Ошмянский район||54.426596|25.926381|||[]|||10|[]|osm:node/2645532452
Придорожная часовенка|архитектура|Ивьевский район||54.006337|25.607278|||[]|||20|[]|osm:node/2677685031
Музей истории Городницы|музей|Гродненский район||53.685293|23.843261|||[]|Tu-Su 10:00-18:00|yes|40|[]|osm:node/2690057475
Янка Купала|памятник|Гродненский район||53.684706|23.839731|||[]|||10|[]|osm:node/2690057480
Вечный огонь|памятник|Гродненский район||53.684638|23.836476|||[]|||10|[]|osm:node/2690057553
Памятник Белке|памятник|Берестовицкий район||53.193020|24.017973|||[]|||10|[]|osm:node/2698497080
Белоруская часть Августовского канала|архитектура|Гродненский район||53.865265|23.709401|||[]|||20|[]|osm:node/2788679851
Битва под Клецком|архитектура|Кореличский район||53.053510|26.620860|||[]|||20|[]|osm:node/2788679862
Брама церковная|архитектура|Кореличский район||53.543885|26.662171|||[]|||20|[]|osm:node/2788679883
Валун «Чортаў камень»|архитектура|Кореличский район||53.860276|26.651372|||[]|||20|[]|osm:node/2788679902
Винодельня|архитектура|Зельвенский район||53.033961|25.360437|||[]|||20|[]|osm:node/2788679952
Винодельня|архитектура|Дятловский район||53.192533|25.891909|||[]|||20|[]|osm:node/2788679960
Здание винодельни нач.20в.|архитектура|Кореличский район||53.298899|26.284018|||[]|||20|[]|osm:node/2788679963
Винодельня|архитектура|Дятловский район||53.495197|25.274709|||[]|||20|[]|osm:node/2788679967
Винодельня|архитектура|Щучинский район||53.588218|24.514038|||[]|||20|[]|osm:node/2788679970
Винодельня|архитектура|Вороновский район||54.221661|25.485682|||[]|||20|[]|osm:node/2788679982
Винокурня (1898 г.)|архитектура|Сморгонский район||54.236325|26.672624|||[]|||20|[]|osm:node/2788679983
Водяная мельница (руины)|замок|Кореличский район||53.485811|26.486550|||[]|||40|[]|osm:node/2788680002
Водяная мельница|архитектура|Зельвенский район||52.942848|24.940699|||[]|||20|[]|osm:node/2788680007
Водяная мельница|замок|Зельвенский район||52.983756|24.860543|||[]|||40|[]|osm:node/2788680009
Водяная мельница|архитектура|Зельвенский район||53.151218|24.827589|||[]|||20|[]|osm:node/2788680010
Водяная мельница|архитектура|Кореличский район||53.260918|26.544522|||[]|||20|[]|osm:node/2788680015
Водяная мельница|архитектура|Дятловский район||53.338861|25.515640|||[]|||20|[]|osm:node/2788680016
Водяная мельница|архитектура|Берестовицкий район||53.444071|23.929447|||[]|||20|[]|osm:node/2788680027
Водяная мельница|архитектура|Новогрудский район||53.621679|25.974230|||[]|||20|[]|osm:node/2788680034
Водяная мельница|архитектура|Новогрудский район||53.652158|26.014306|||[]|||20|[]|osm:node/2788680036
Водяная мельница|архитектура|Кореличский район||53.984711|26.888523|||[]|||20|[]|osm:node/2788680056
Водяная мельница|архитектура|Ивьевский район||54.203822|26.098416|||[]|||20|[]|osm:node/2788680070
Бывшая водяная мельница|архитектура|Сморгонский район||54.428611|26.372950|||[]|||20|[]|osm:node/2788680093
Ворота|архитектура|Берестовицкий район||53.342809|23.825238|||[]|||20|[]|osm:node/2788680170
Гербовый столб Раецких|архитектура|Новогрудский район||53.475351|26.019114|||[]|||20|[]|osm:node/2788680175
Гора Миндовга|архитектура|Новогрудский район||53.600302|25.835100|||[]|||20|[]|osm:node/2788680176
Городище|архитектура|Зельвенский район||53.065020|25.031337|||[]|||20|[]|osm:node/2788680186
Городище|архитектура|Волковысский район||53.153163|24.476943|||[]|||20|[]|osm:node/2788680189
Городище|архитектура|Ивьевский район||54.272670|26.035486|||[]|||20|[]|osm:node/2788680202
Дворцово-парковый комплекс Бохвицев|архитектура|Дятловский район||53.027432|25.816908|||[]|||20|[]|osm:node/2788680274
Дворцово-парковый комплекс Быховцев|архитектура|Зельвенский район||52.868597|24.676688|||[]|||20|[]|osm:node/2788680277
Дворцово-парковый комплекс Воловичей|архитектура|Гродненский район||53.797137|23.661232|||[]|Mo-Th 10:00-17:00 Fr-Su 12:00-22:00||20|[]|osm:node/2788680281
Дворцово-парковый комплекс Котлубаев|архитектура|Дятловский район||53.031013|25.960083|||[]|||20|[]|osm:node/2788680293
Дворцово-парковый комплекс Мартиновских-Лопотей|архитектура|Кореличский район||53.098794|26.280241|||[]|||20|[]|osm:node/2788680295
Дворцово-парковый комплекс Лошкевичей|замок|Кореличский район||53.258013|26.187534|||[]|||40|[]|osm:node/2788680296
Дворцово-парковый комплекс Ляхницких|архитектура|Гродненский район||53.657516|23.871823|||[]|||20|[]|osm:node/2788680298
Дворцово-парковый комплекс Огинских|архитектура|Сморгонский район|Залессе|54.420599|26.522663|||[]|||20|[]|osm:node/2788680303
Дворцово-парковый комплекс Радзивиллов|архитектура|Лидский район||53.993390|25.193763|||[]|||20|[]|osm:node/2788680308
Хозяйственный двор Слизней|архитектура|Зельвенский район||52.919057|25.160116|||[]|||20|[]|osm:node/2788680317
Дворцово-парковый комплекс Тышкевичей|архитектура|Кореличский район||53.975973|26.692483|||[]|||20|[]|osm:node/2788680321
Дворцово-парковый комплекс Уместовских «Жемыславль» (XVIII-XIX в.)|архитектура|Ивьевский район||54.131573|25.765340|||[]|||20|[]|osm:node/2788680328
ДОТ|архитектура|Дятловский район||52.921977|26.123163|||[]|||20|[]|osm:node/2788680346
Железнодорожная станция|архитектура|Ивьевский район||53.978423|25.652324|||[]|||20|[]|osm:node/2788680353
Железнодорожная станция (1907 г., модерн)|архитектура|Сморгонский район||54.316009|26.839241|||[]|24/7||20|[]|osm:node/2788680357
Железнодорожный вокзал|архитектура|Лидский район||53.881350|25.295371|||[]|||20|[]|osm:node/2788680370
Железнодорожный вокзал (1907 г.)|архитектура|Сморгонский район||54.502407|26.929764|||[]|||20|[]|osm:node/2788680375
Жилой дом для работников фольварка|архитектура|Зельвенский район||53.050326|25.274844|||[]|||20|[]|osm:node/2788680381
Замчище|архитектура|Кореличский район||53.449169|26.764398|||[]|||20|[]|osm:node/2788680401
Замчище|архитектура|Кореличский район||53.863269|26.645160|||[]|||20|[]|osm:node/2788680405
Замчище|архитектура|Сморгонский район||54.155588|26.917503|||[]|||20|[]|osm:node/2788680412
Застройка XIX - начала ХХ в.|архитектура|Кореличский район||53.039247|26.265007|||[]|||20|[]|osm:node/2788680446
Застройка XIX - начала ХХ в.|архитектура|Ивьевский район||53.931887|25.772159|||[]|||20|[]|osm:node/2788680449
Театр Тизенгауза|архитектура|Гродненский район||53.685483|23.836257|||[]|||20|[]|osm:node/2788680454
Здание бывшей Новогрудской Белорусской гимназии|архитектура|Новогрудский район||53.603099|25.823621|||[]|||20|[]|osm:node/2788680462
Здание бывшей школы|архитектура|Зельвенский район||52.752551|25.423772|||[]|||20|[]|osm:node/2788680467
Здание бывшей гимназии|памятник|Свислочский район||53.034081|24.091949|||[]|||10|[]|osm:node/2788680468
Историческая застройка ул. Замковая|архитектура|Гродненский район||53.677964|23.826027|||[]|||20|[]|osm:node/2788680524
Историческая застройка ул. Ожешко|архитектура|Гродненский район||53.685169|23.842419|||[]|||20|[]|osm:node/2788680543
Историческая застройка улицы Советская|архитектура|Гродненский район||53.680887|23.830848|||[]|||20|[]|osm:node/2788680554
Казармы|архитектура|Кореличский район||53.075082|26.642576|||[]|||20|[]|osm:node/2788680565
Каменные могилы|архитектура|Зельвенский район||53.059332|24.900369|||[]|||20|[]|osm:node/2788680573
Камни с надписями 1683 г.|памятник|Кореличский район||53.046938|26.296399|||[]|||10|[]|osm:node/2788680584
Памятник солдатам 1-й мировой войны|памятник|Дятловский район||52.872833|26.130449|||[]|||10|[]|osm:node/2788680638
Кладбище военное времен 1-й мировой войны|архитектура|Дятловский район||53.004458|26.047466|||[]|||20|[]|osm:node/2788680639
Кладбище военное времен 1-й мировой войны|архитектура|Кореличский район||53.055906|26.251229|||[]|||20|[]|osm:node/2788680641
Кладбище военное времен 1-й мировой войны|архитектура|Волковысский район||53.060691|24.479302|||[]|||20|[]|osm:node/2788680642
Кладбище военное времен 1-й мировой войны|архитектура|Кореличский район||53.239211|26.406968|||[]|||20|[]|osm:node/2788680646
Кладбище военное времен 1-й мировой войны|архитектура|Волковысский район||53.283505|24.405019|||[]|||20|[]|osm:node/2788680647
Кладбище немецких солдат 1-й мировой войны|архитектура|Кореличский район||53.582764|26.150350|||[]|||20|[]|osm:node/2788680650
Кладбище военное времен 1-й мировой войны|архитектура|Кореличский район||53.846563|26.071424|||[]|||20|[]|osm:node/2788680654
Кладбище военное времен 1-й мировой войны|архитектура|Ивьевский район||53.988458|26.052854|||[]|||20|[]|osm:node/2788680658
Кладбище военное времен 1-й мировой войны|архитектура|Ивьевский район||54.221217|26.198569|||[]|||20|[]|osm:node/2788680671
Кладбище военное времен 1-й мировой войны|архитектура|Сморгонский район||54.547612|26.648052|||[]|||20|[]|osm:node/2788680684
Кладбище военное времен 1-й мировой войны|архитектура|Островецкий район||54.776453|25.926808|||[]|||20|[]|osm:node/2788680694
Кладбище еврейское|архитектура|Зельвенский район||52.870814|25.503087|||[]|||20|[]|osm:node/2788680747
Кладбище еврейское|архитектура|Зельвенский район||53.072086|25.010570|||[]|||20|[]|osm:node/2788680753
Кладбище еврейское|архитектура|Волковысский район||53.091176|24.548365|||[]|||20|[]|osm:node/2788680757
Кладбище еврейское|архитектура|Дятловский район||53.146232|25.901534|||[]|||20|[]|osm:node/2788680762
Кладбище еврейское|архитектура|Берестовицкий район||53.453431|24.270446|||[]|||20|[]|osm:node/2788680814
Кладбище еврейское|архитектура|Кореличский район||53.459189|26.476155|||[]|||20|[]|osm:node/2788680823
Кладбище еврейское|архитектура|Кореличский район||53.482221|26.714145|||[]|||20|[]|osm:node/2788680837
Кладбище еврейское|архитектура|Кореличский район||53.526874|26.304235|||[]|||20|[]|osm:node/2788680851
Кладбище еврейское|архитектура|Щучинский район||53.557881|24.513154|||[]|||20|[]|osm:node/2788680855
Кладбище еврейское|архитектура|Новогрудский район||53.594981|25.833195|||[]|||20|[]|osm:node/2788680859
Кладбище еврейское|архитектура|Новогрудский район||53.716493|25.795462|||[]|||20|[]|osm:node/2788680882
Кладбище еврейское|архитектура|Лидский район||54.045789|24.979641|||[]|||20|[]|osm:node/2788680922
Кладбище еврейское (1538 на одной из надгр. плит, заброшено)|архитектура|Сморгонский район||54.404894|26.607639|||[]|||20|[]|osm:node/2788680978
Кладбище еврейское|архитектура|Сморгонский район||54.512200|26.186540|||[]|||20|[]|osm:node/2788680991
Кладбище католическое|архитектура|Кореличский район||53.447224|26.454993|||[]|||20|[]|osm:node/2788681104
Кладбище католическое|архитектура|Кореличский район||53.757479|26.471048|||[]|||20|[]|osm:node/2788681112
Кладбище католическое|архитектура|Лидский район||53.830253|24.968658|||[]|||20|[]|osm:node/2788681121
Кладбище католическое|архитектура|Ивьевский район||54.092793|25.763584|||[]|||20|[]|osm:node/2788681135
Кладбище католическое|архитектура|Ошмянский район||54.427613|25.934407|||[]|||20|[]|osm:node/2788681148
Кладбище католическое|архитектура|Кореличский район||53.696490|26.557092|||[]|||20|[]|osm:node/2788681189
Кладбище католическое|архитектура|Ивьевский район||53.997054|25.593395|||[]|||20|[]|osm:node/2788681190
Кладбище католическое. Часовня|архитектура|Сморгонский район||54.486043|26.404056|||[]|||20|[]|osm:node/2788681192
Кладбище польских солдат погибших в 1920г.|архитектура|Кореличский район||53.208816|26.695539|||[]|||20|[]|osm:node/2788681208
Кладбище рода Войниловичей|архитектура|Кореличский район||53.085218|26.875794|||[]|||20|[]|osm:node/2788681278
Кладбище старое католическое|архитектура|Зельвенский район||52.919455|25.139387|||[]|||20|[]|osm:node/2788681311
Кладбище старое католическое|архитектура|Волковысский район||53.006358|24.457314|||[]|||20|[]|osm:node/2788681313
Кладбище старое католическое|архитектура|Кореличский район||53.113582|26.162971|||[]|||20|[]|osm:node/2788681316
Кладбище старое католическое|архитектура|Кореличский район||53.209432|26.695212|||[]|||20|[]|osm:node/2788681321
Кладбище старое католическое|архитектура|Дятловский район||53.302568|25.330966|||[]|||20|[]|osm:node/2788681329
Кладбище старое католическое|архитектура|Мостовский район||53.325125|24.593836|||[]|||20|[]|osm:node/2788681338
Кладбище старое католическое|архитектура|Дятловский район||53.345046|25.487144|||[]|||20|[]|osm:node/2788681341
Кладбище старое католическое|архитектура|Новогрудский район||53.414747|26.063074|||[]|||20|[]|osm:node/2788681351
Кладбище старое католическое|архитектура|Берестовицкий район||53.454419|23.897579|||[]|||20|[]|osm:node/2788681360
Кладбище старое католическое|архитектура|Мостовский район||53.555207|24.439209|||[]|||20|[]|osm:node/2788681362
Кладбище старое католическое|архитектура|Гродненский район||53.722900|24.187234|||[]|||20|[]|osm:node/2788681372
Кладбище старое католическое|архитектура|Гродненский район||53.736362|23.741419|||[]|||20|[]|osm:node/2788681376
Кладбище старое католическое|архитектура|Гродненский район||53.821438|23.776903|||[]|||20|[]|osm:node/2788681380
Кладбище старое католическое|архитектура|Лидский район||53.880989|25.305871|||[]|||20|[]|osm:node/2788681381
Кладбище старое католическое|архитектура|Ивьевский район||54.179114|25.828292|||[]|||20|[]|osm:node/2788681384
Кладбище старое католическое. Часовня|архитектура|Кореличский район||53.146444|26.359317|||[]|||20|[]|osm:node/2788681434
Кладбище старое православное. Часовня|архитектура|Дятловский район||53.290075|25.505608|||[]|||20|[]|osm:node/2788681469
Кладбище старое христианское|архитектура|Новогрудский район||53.655074|26.061024|||[]|||20|[]|osm:node/2788681484
Кладбище старое|архитектура|Волковысский район||53.093494|24.546049|||[]|||20|[]|osm:node/2788681494
Кладбище старое|архитектура|Ивьевский район||54.038608|26.035463|||[]|||20|[]|osm:node/2788681499
Кладбище старое|архитектура|Вороновский район||54.125372|25.368776|||[]|||20|[]|osm:node/2788681500
Кладбище татарское (Мизар) - 2|архитектура|Лидский район||54.066981|24.915193|||[]|||20|[]|osm:node/2788681506
Кладбище татарское (Мизар)|храм|Кореличский район||53.119184|26.467876|||[]|||20|[]|osm:node/2788681509
Кладбище татарское (Мизар)|архитектура|Новогрудский район||53.591026|25.832557|||[]|||20|[]|osm:node/2788681517
Кладбище татарское (Мизар)|архитектура|Новогрудский район||53.613379|25.754658|||[]|||20|[]|osm:node/2788681518
Кладбище татарское (Мизар)|архитектура|Лидский район||54.071198|24.924056|||[]|||20|[]|osm:node/2788681523
Кладбище христианское|архитектура|Лидский район||53.717912|25.457509|||[]|||20|[]|osm:node/2788681559
Кладбище христианское. Усыпальница|архитектура|Кореличский район||53.248451|26.501250|||[]|||20|[]|osm:node/2788681595
Кладбище христианское. Часовня|архитектура|Новогрудский район||53.589627|25.964423|||[]|||20|[]|osm:node/2788681599
Монастырь доминиканцев|архитектура|Гродненский район||53.680900|23.829219|||[]|||20|[]|osm:node/2788681618
Колокольня (руины)|замок|Новогрудский район||53.424324|25.788070|||[]|||40|[]|osm:node/2788681665
Колокольня|костёл|Новогрудский район||53.452071|25.944824|||[]|||20|[]|osm:node/2788681686
Колокольня|архитектура|Лидский район||53.801219|25.162616|||[]|||20|[]|osm:node/2788681687
Колокольня|архитектура|Ивьевский район||54.179405|25.827712|||[]|||20|[]|osm:node/2788681689
Константина и Елены|церковь|Сморгонский район||54.092942|26.519915|||[]|||20|[]|osm:node/2788681700
Жилой корпус монастыря бернардинок (1764)|архитектура|Зельвенский район||53.094708|25.317721|||[]|||20|[]|osm:node/2788681762
Костёл Святого Иоанна Крестителя|архитектура|Сморгонский район||54.727292|26.439872|||[]|||20|[]|osm:node/2788682152
Костёл|архитектура|Кореличский район||53.309521|26.688802|||[]|||20|[]|osm:node/2788682380
Мельница водяная (руины)|архитектура|Новогрудский район||53.773250|25.796699|||[]|||20|[]|osm:node/2788682488
Мемориальная колонна|архитектура|Зельвенский район||52.865135|24.669978|||[]|||20|[]|osm:node/2788682526
Мемориальная колонна|памятник|Мостовский район||53.352447|24.610879|||[]|||10|[]|osm:node/2788682530
Мемориальная колонна|архитектура|Щучинский район||53.533027|24.623664|||[]|||20|[]|osm:node/2788682538
Мемориальный камень на месте боя 1863г. в урочище Битый Лог|архитектура|Сморгонский район||54.639471|26.776570|||[]|||20|[]|osm:node/2788682547
Мемориальный комплекс «Шталаг 342»|архитектура|Сморгонский район||54.322555|26.873442|||[]|||20|[]|osm:node/2788682561
Могила Андрея Снядецкого|памятник|Ошмянский район||54.371400|25.857887|||[]|||10|[]|osm:node/2788682646
Могила Дунина-Марцинкевича|архитектура|Кореличский район||53.973861|26.856413|||[]|||20|[]|osm:node/2788682651
Склеп семьи Ходько|архитектура|Сморгонский район||54.578165|26.615970|||[]|||20|[]|osm:node/2788682657
Могила Пусловских|памятник|Кореличский район||53.708137|26.102393|||[]|||10|[]|osm:node/2788682669
Могила Франтишка Богушевича (1840-1900)|архитектура|Островецкий район||54.470723|26.085020|||[]|||20|[]|osm:node/2788682701
Могила драматурга Франтишка Карпинского (1741-1825)|архитектура|Зельвенский район||52.856064|24.614816|||[]|||20|[]|osm:node/2788682709
Могила Яна и Цецилии|архитектура|Берестовицкий район||53.511810|24.153636|||[]|||20|[]|osm:node/2788682718
Могила повстанцев 1863-64 гг.|архитектура|Гродненский район||53.722659|24.186422|||[]|||20|[]|osm:node/2788682725
Молельный дом староверов|архитектура|Ивьевский район||54.157891|26.056373|||[]|||20|[]|osm:node/2788682752
Монастырь тринитариев (1762 г., частич. утрачен)|архитектура|Сморгонский район||54.323192|26.874756|||[]|||20|[]|osm:node/2788683052
Оборонные укрепления|архитектура|Кореличский район||53.022735|26.171701|||[]|||20|[]|osm:node/2788683301
Памятник Польским легионерам|памятник|Кореличский район||53.251621|26.078087|||[]|||10|[]|osm:node/2788683364
Памятный крест повстанцам 1830-31 гг.|архитектура|Зельвенский район||53.162230|25.276569|||[]|||20|[]|osm:node/2788683418
Почтовая станция|архитектура|Зельвенский район||52.833927|25.591348|||[]|||20|[]|osm:node/2788683592
Приусадебный парк (остатки)|архитектура|Кореличский район||52.962929|26.352860|||[]|||20|[]|osm:node/2788683620
Приусадебный парк (остатки), урочище Серковщина|архитектура|Кореличский район||53.039547|26.381651|||[]|||20|[]|osm:node/2788683621
Приусадебный парк (остатки)|архитектура|Кореличский район||53.051684|26.788269|||[]|||20|[]|osm:node/2788683622
Приусадебный парк Кремяница Дольная|архитектура|Волковысский район||53.221494|24.619982|||[]|||20|[]|osm:node/2788683644
Приусадебный парк при бывшей усадьбе Антонович-Четвертинских|архитектура|Берестовицкий район||53.596533|24.260202|||[]|||20|[]|osm:node/2788683648
Приусадебный парк при бывшей усадьбе Бутовт-Андрейковичей|архитектура|Берестовицкий район||53.259904|24.118743|||[]|||20|[]|osm:node/2788683655
Приусадебный парк при бывшей усадьбе Вендорфов|архитектура|Кореличский район||53.296466|26.284170|||[]|||20|[]|osm:node/2788683659
Приусадебный парк при бывшей усадьбе Верещаков|архитектура|Новогрудский район||53.350299|26.032789|||[]|||20|[]|osm:node/2788683660
Приусадебный парк при бывшей усадьбе Давидовской|архитектура|Новогрудский район||53.318894|25.941572|||[]|||20|[]|osm:node/2788683688
Приусадебный парк при бывшей усадьбе Капылинских|архитектура|Кореличский район||53.876130|26.956029|||[]|||20|[]|osm:node/2788683699
Приусадебный парк при бывшей усадьбе Корсаков|архитектура|Дятловский район||53.529524|25.356084|||[]|||20|[]|osm:node/2788683703
Приусадебный парк при бывшей усадьбе Леев|архитектура|Дятловский район||53.184707|25.964029|||[]|||20|[]|osm:node/2788683712
Приусадебный парк при бывшей усадьбе Марковских|архитектура|Сморгонский район||54.446168|26.177254|||[]|||20|[]|osm:node/2788683718
Приусадебный парк при бывшей усадьбе Мещерских|архитектура|Зельвенский район||52.926210|24.638940|||[]|||20|[]|osm:node/2788683720
Приусадебный парк при бывшей усадьбе Незабытовских|архитектура|Дятловский район||53.372353|25.777581|||[]|||20|[]|osm:node/2788683724
Приусадебный парк при бывшей усадьбе Орд|архитектура|Зельвенский район||53.048444|25.277580|||[]|||20|[]|osm:node/2788683731
Приусадебный парк при бывшей усадьбе Полубинских|архитектура|Зельвенский район||52.829099|25.224657|||[]|||20|[]|osm:node/2788683737
Приусадебный парк при бывшей усадьбе Рдултовских|архитектура|Кореличский район||53.247358|26.235083|||[]|||20|[]|osm:node/2788683745
Приусадебный парк при бывшей усадьбе Рудинских|архитектура|Кореличский район||53.233184|26.083906|||[]|||20|[]|osm:node/2788683749
Усадебно-парковый комплекс рода Саковичей (1725-1925гг., постройки утрачены)|архитектура|Сморгонский район||54.309294|26.736727|||[]|||20|[]|osm:node/2788683753
Приусадебный парк при бывшей усадьбе Святополк-Завадских|архитектура|Кореличский район||53.202359|26.159464|||[]|||20|[]|osm:node/2788683757
Приусадебный парк при бывшей усадьбе Слизней|архитектура|Кореличский район||53.295176|26.233465|||[]|||20|[]|osm:node/2788683765
Прысядзібны парк пры былой сядзібе Станкевічаў|архитектура|Дятловский район||53.230683|25.842816|||[]|||20|[]|osm:node/2788683766
Приусадебный парк при бывшей усадьбе Стравинских|архитектура|Дятловский район||53.460457|25.323023|||[]|||20|[]|osm:node/2788683768
Приусадебный парк при бывшей усадьбе Стравинских|архитектура|Дятловский район||53.489663|25.215057|||[]|||20|[]|osm:node/2788683770
Приусадебный парк при бывшей усадьбе Толлочко|архитектура|Свислочский район||53.032648|24.269667|||[]|||20|[]|osm:node/2788683772
Приусадебный парк при бывшей усадьбе Тышкевичей|архитектура|Свислочский район||53.031599|24.084116|||[]|||20|[]|osm:node/2788683778
Приусадебный парк при бывшей усадьбе Тышкевичей|архитектура|Вороновский район||54.094161|25.133509|||[]|||20|[]|osm:node/2788683779
Приусадебный парк при бывшей усадьбе Халецкий|архитектура|Зельвенский район||52.815629|25.233308|||[]|||20|[]|osm:node/2788683782
Приусадебный парк при бывшей усадьбе Чапских|архитектура|Кореличский район||53.142690|26.345058|||[]|||20|[]|osm:node/2788683800
Приусадебный парк при бывшей усадьбе Чапских|архитектура|Кореличский район||53.171926|26.474546|||[]|||20|[]|osm:node/2788683805
Приусадебный парк при бывшей усадьбе Шалевичей|архитектура|Новогрудский район||53.280450|26.062190|||[]|||20|[]|osm:node/2788683836
Приусадебный парк при бывшей усадьбе Юндилов|архитектура|Зельвенский район||52.781639|25.684727|||[]|||20|[]|osm:node/2788683844
Приусадебный парк|архитектура|Зельвенский район||52.867504|25.684584|||[]|||20|[]|osm:node/2788683975
Приусадебный парк|архитектура|Волковысский район||53.090539|24.505482|||[]|||20|[]|osm:node/2788684009
Приусадебный парк|архитектура|Кореличский район||53.099290|26.237576|||[]|||20|[]|osm:node/2788684014
Приусадебный парк|архитектура|Новогрудский район||53.247919|26.017761|||[]|||20|[]|osm:node/2788684052
Приусадебный парк|архитектура|Кореличский район||53.352175|26.081183|||[]|||20|[]|osm:node/2788684067
Приусадебный парк|архитектура|Новогрудский район||53.423825|26.057418|||[]|||20|[]|osm:node/2788684071
Приусадебный парк|архитектура|Кореличский район||53.478610|26.135207|||[]|||20|[]|osm:node/2788684083
Приусадебный парк|архитектура|Щучинский район||53.629550|24.570715|||[]|||20|[]|osm:node/2788684133
Приусадебный парк|архитектура|Гродненский район||53.704251|23.992007|||[]|||20|[]|osm:node/2788684138
Приусадебный парк|архитектура|Новогрудский район||53.758814|26.028511|||[]|||20|[]|osm:node/2788684158
Приусадебный парк XVIII-XIX в.|архитектура|Ивьевский район||53.943766|25.777232|||[]|||20|[]|osm:node/2788684163
Приусадебный парк|архитектура|Лидский район||53.996433|25.386109|||[]|||20|[]|osm:node/2788684167
Рынок|архитектура|Новогрудский район||53.598655|25.825216|||[]|||20|[]|osm:node/2788684258
Синагога|архитектура|Кореличский район||53.475371|26.728823|||[]|||20|[]|osm:node/2788684314
Синагога|архитектура|Кореличский район||53.799027|26.818036|||[]|||20|[]|osm:node/2788684320
Синагогальны двор|архитектура|Кореличский район||53.454761|26.465256|||[]|||20|[]|osm:node/2788684342
Синагогальный двор|архитектура|Ивьевский район||53.932183|25.768910|||[]|||20|[]|osm:node/2788684343
Столб|архитектура|Лидский район||53.909209|24.857906|||[]|||20|[]|osm:node/2788684383
Сядзібна-паркавы комплекс ОʼРуркаў|архитектура|Новогрудский район||53.719496|25.802701|||[]|||20|[]|osm:node/2788684387
Усадебно-парковый комплекс Блажевичов|замок|Островецкий район||54.630886|25.830523|||[]|||40|[]|osm:node/2788684405
Усадебно-парковый комплекс Богуш-Шишков|архитектура|Островецкий район||54.754285|25.886362|||[]|||20|[]|osm:node/2788684410
Усадебно-парковый комплекс Богушевичей|архитектура|Сморгонский район||54.440625|26.176446|||[]|||20|[]|osm:node/2788684411
Дворцово-парковый комплекс Бохвицев|замок|Кореличский район||53.092131|26.269201|||[]|||40|[]|osm:node/2788684414
Усадебно-парковый комплекс Брохоцких|замок|Новогрудский район||53.756207|25.904555|||[]|||40|[]|osm:node/2788684418
Усадебно-парковый комплекс Ваньковичей|архитектура|Кореличский район||53.875501|26.969997|||[]|||20|[]|osm:node/2788684426
Усадебно-парковый комплекс Водейко|архитектура|Щучинский район||53.726237|24.766827|||[]|||20|[]|osm:node/2788684431
Усадебно-парковый комплекс Войниловичей|архитектура|Кореличский район||52.925752|26.913309|||[]|||20|[]|osm:node/2788684433
Усадебно-парковый комплекс Гробовских|архитектура|Волковысский район||53.221384|24.432628|||[]|||20|[]|osm:node/2788684446
Усадебно-парковый комплекс Бжозовских-Еленских|архитектура|Кореличский район||52.997494|26.639593|||[]|||20|[]|osm:node/2788684454
Усадебно-парковый комплекс Кашицев|замок|Кореличский район||53.549058|26.332857|||[]|||40|[]|osm:node/2788684461
Усадебно-парковый комплекс Костровицких|архитектура|Щучинский район||53.710266|24.820024|||[]|||20|[]|osm:node/2788684466
Усадебно-парковый комплекс Крупских|архитектура|Кореличский район||53.583829|26.825332|||[]|||20|[]|osm:node/2788684469
Усадебно-парковый комплекс Лабоцкий|архитектура|Кореличский район||52.977458|26.761892|||[]|||20|[]|osm:node/2788684471
Усадебно-парковый комплекс Лясковичей (руины)|архитектура|Щучинский район||53.668343|24.884873|||[]|||20|[]|osm:node/2788684472
Усадебно-парковый комплекс Любанских|архитектура|Сморгонский район||54.596878|26.875869|||[]|||20|[]|osm:node/2788684483
Усадебно-парковый комплекс Милошевских|замок|Сморгонский район||54.620801|26.443826|||[]|||40|[]|osm:node/2788684496
Усадебно-парковый комплекс Минейко (XIX в.)|архитектура|Островецкий район||54.719845|25.911162|||[]|||20|[]|osm:node/2788684498
Усадебно-парковый комплекс Путткамеров|архитектура|Новогрудский район||53.473538|26.023424|||[]|||20|[]|osm:node/2788684525
Усадебно-парковый комплекс Путткамеров|архитектура|Вороновский район||54.238327|25.304980|||[]|||20|[]|osm:node/2788684526
Усадебно-парковый комплекс Радзивиллов|архитектура|Кореличский район||53.009900|26.677363|||[]|||20|[]|osm:node/2788684531
Усадебно-парковый комплекс Рдултовских|архитектура|Кореличский район||53.151833|26.180705|||[]|||20|[]|osm:node/2788684532
Усадебно-парковый комплекс Рейтанов|архитектура|Кореличский район||53.025253|26.339990|||[]|||20|[]|osm:node/2788684533
Усадебно-парковый комплекс Римшей|архитектура|Вороновский район||54.238966|25.370963|||[]|||20|[]|osm:node/2788684536
Усадебно-парковый комплекс Ромеров|архитектура|Щучинский район|Мажэйкава|53.721891|24.986179|||[]|||20|[]|osm:node/2788684538
Усадеб.-парково-промысл. компл. Сулистровских/Свенторжецких (XIX в., главн. усад. и неск. хоз. здан.- не сохр.)|архитектура|Сморгонский район||54.235752|26.669091|||[]|||20|[]|osm:node/2788684545
Усадебно-парковый комплекс Свентицкий|архитектура|Кореличский район||53.007497|26.451896|||[]|||20|[]|osm:node/2788684546
Усадебно-парковый комплекс Соколович|замок|Кореличский район||53.169286|26.250446|||[]|||40|[]|osm:node/2788684551
Усадебно-парковый комплекс Солтанов|архитектура|Берестовицкий район||53.292866|23.900890|||[]|||20|[]|osm:node/2788684553
Усадебно-парковый комплекс Сянявских|архитектура|Ивьевский район||54.183428|26.209162|||[]|||20|[]|osm:node/2788684555
Усадебно-парковый комплекс Тарасовичей|архитектура|Волковысский район||53.121191|24.357126|||[]|||20|[]|osm:node/2788684557
Усадебно-парковый комплекс Тукалло|архитектура|Гродненский район||53.802269|23.810525|||[]|||20|[]|osm:node/2788684559
Усадебно-парковый комплекс Хрептовичей «Одровонж» (XIX в.)|архитектура|Ивьевский район||54.146275|26.177096|||[]|||20|[]|osm:node/2788684565
Усадебно-парковый комплекс Ярмолинских|замок|Кореличский район||53.111585|26.573242|||[]|||40|[]|osm:node/2788684584
Усадебно-парковый комплекс|архитектура|Зельвенский район||52.927760|24.726594|||[]|||20|[]|osm:node/2788684593
Усадебно-парковый комплекс Суходольских|замок|Зельвенский район||53.273490|24.669767|||[]|||40|[]|osm:node/2788684608
Усадебно-парковый комплекс де Вирионов «Лишки»|архитектура|Берестовицкий район||53.297199|23.837983|||[]|||20|[]|osm:node/2788684609
Усадебно-парковый комплекс Домейко «Жибортовщина» (XIX в.)|архитектура|Дятловский район||53.484263|25.390419|||[]|||20|[]|osm:node/2788684616
Усадебно-парковый комплекс|архитектура|Берестовицкий район||53.501887|23.969001|||[]|||20|[]|osm:node/2788684617
Усадебно-парковый комплекс Чечотов «Осташин» (2-я пол. XVIII - XIX вв.)|архитектура|Новогрудский район||53.695235|26.038529|||[]|||20|[]|osm:node/2788684621
Усадебно-парковый комплекс Вольских (2 половина XIX в.)|архитектура|Ивьевский район||54.015264|25.608022|||[]|||20|[]|osm:node/2788684625
Усадебно-парковый комплекс|архитектура|Сморгонский район||54.050336|26.650189|||[]|||20|[]|osm:node/2788684626
Усадебно-парковый комплекс|архитектура|Сморгонский район||54.209479|26.338515|||[]|||20|[]|osm:node/2788684627
Усадьба (руины)|архитектура|Кореличский район||53.992443|26.804785|||[]|||20|[]|osm:node/2788684657
Место Усадьбы «Хорошевичи II»|архитектура|Волковысский район||52.944429|24.530375|||[]|||20|[]|osm:node/2788684664
Усадьба «Хорошевичи 3»|архитектура|Волковысский район||52.955656|24.535605|||[]|||20|[]|osm:node/2788684666
Дворцово-парковый комплекс Абрамовичей (XVIII-XIX вв.)|архитектура|Островецкий район||54.728794|26.015745|||[]|||20|[]|osm:node/2788684667
Место бывшей усадьба Важинских|архитектура|Лидский район||53.705391|25.108369|||[]|||20|[]|osm:node/2788684680
Усадьба Войниловичей|архитектура|Кореличский район||52.942144|26.869895|||[]|||20|[]|osm:node/2788684687
Усадьба Минейко|архитектура|Щучинский район|Дзікушкі|53.627171|25.027122|||[]|||20|[]|osm:node/2788684693
Усадьба Дорочинских|архитектура|Зельвенский район||52.948394|24.698961|||[]|||20|[]|osm:node/2788684696
Усадебно-парковый комплекс Друцких-Любецких «Черлёна»|архитектура|Берестовицкий район||53.483986|24.280297|||[]|||20|[]|osm:node/2788684698
Усадебно-парковый комплекс Еленских|архитектура|Кореличский район||52.960994|26.544105|||[]|||20|[]|osm:node/2788684700
Сядзіба Каралеўскіх|замок|Дятловский район||53.132840|25.989787|||[]|||40|[]|osm:node/2788684710
Усадьба Корчевских|архитектура|Ивьевский район|Бянюны|54.237826|26.172800|||[]|||20|[]|osm:node/2788684711
Усадьба Косаковских|замок|Берестовицкий район||53.196452|24.019474|||[]|||40|[]|osm:node/2788684713
Усадьба Ляхницких|замок|Берестовицкий район||53.415860|23.949915|||[]|||40|[]|osm:node/2788684725
Усадьба Магнушевских|замок|Кореличский район||53.386778|26.632288|||[]|||40|[]|osm:node/2788684727
Усадебно-парковый комплекс «Мештовичи»|архитектура|Зельвенский район||53.073495|24.796035|||[]|||20|[]|osm:node/2788684731
Усадьба Морачевский|архитектура|Щучинский район||53.661961|24.630196|||[]|||20|[]|osm:node/2788684737
Усадьба Новицких|замок|Дятловский район||52.922823|26.139386|||[]|||40|[]|osm:node/2788684743
Усадьба Протасевичов|архитектура|Дятловский район||53.333448|25.510948|||[]|||20|[]|osm:node/2788684753
Усадьба Пусловских|замок|Дятловский район||53.070809|25.536390|||[]|||40|[]|osm:node/2788684755
Усадьба Радкевичей XIX в.|архитектура|Ивьевский район||54.027289|25.935008|||[]|||20|[]|osm:node/2788684756
Усадьба Свентаржэцких|архитектура|Сморгонский район||54.328803|26.655628|||[]|||20|[]|osm:node/2788684759
Усадьба Свислочь Горная|архитектура|Берестовицкий район||53.462481|24.028819|||[]|||20|[]|osm:node/2788684760
Усадьба Сеглицев|архитектура|Волковысский район||52.960732|24.557724|||[]||yes|20|[]|osm:node/2788684762
Усадьба Столле|архитектура|Лидский район||53.717534|25.499440|||[]|||20|[]|osm:node/2788684764
Усадьба Стралково|архитектура|Кореличский район||52.986193|26.637983|||[]|||20|[]|osm:node/2788684766
Усадьба Черноцких|архитектура|Кореличский район||52.927538|26.561244|||[]|||20|[]|osm:node/2788684788
Усадебно-парковый комплекс|архитектура|Волковысский район||53.160107|24.579918|||[]|||20|[]|osm:node/2788684801
Особняк городской (18в.)|архитектура|Волковысский район||53.161578|24.473338|||[]|||20|[]|osm:node/2788684802
Усадьба|архитектура|Берестовицкий район||53.327114|23.823576|||[]|||20|[]|osm:node/2788684810
Усадьба|архитектура|Мостовский район||53.328039|24.310412|||[]|||20|[]|osm:node/2788684812
Усадьба|архитектура|Берестовицкий район||53.402369|23.975984|||[]|||20|[]|osm:node/2788684815
Усадьба|архитектура|Мостовский район||53.435596|24.539108|||[]|||20|[]|osm:node/2788684816
Усадебно-парковый комплекс Тарасовичей (Кривицких) «Воля»|архитектура|Берестовицкий район||53.444334|24.272588|||[]|||20|[]|osm:node/2788684817
Усадьба|архитектура|Новогрудский район||53.445430|25.947641|||[]|||20|[]|osm:node/2788684819
Усадьба|архитектура|Кореличский район||53.620470|26.095784|||[]|||20|[]|osm:node/2788684829
Усадьба|архитектура|Щучинский район||53.792063|24.490251|||[]|||20|[]|osm:node/2788684836
Усадьба Стояковских|архитектура|Лидский район||53.985483|25.122995|||[]|||20|[]|osm:node/2788684863
Усадьба|архитектура|Лидский район||54.049921|25.215963|||[]|||20|[]|osm:node/2788684868
Усадьба|архитектура|Ивьевский район||54.137271|25.606214|||[]|||20|[]|osm:node/2788684872
Усадьба|архитектура|Ошмянский район||54.345457|25.936262|||[]|||20|[]|osm:node/2788684880
Усадебный дом Стругача|замок|Ошмянский район||54.416532|26.012359|||[]|||40|[]|osm:node/2788684897
Место/остатки усадебного двора «Солы» (нач. XXв., постройки частич. утрачены)|архитектура|Сморгонский район||54.521923|26.192228|||[]|||20|[]|osm:node/2788684906
Усадьба|архитектура|Сморгонский район||54.564614|26.995544|||[]|||20|[]|osm:node/2788684910
Часовня-Усыпальница Абламовичей (1820)|архитектура|Новогрудский район||53.618099|25.889939|||[]|||20|[]|osm:node/2788685061
Усыпальница Неселовских|архитектура|Кореличский район||53.477517|26.133390|||[]|||20|[]|osm:node/2788685089
Усыпальница Орд|архитектура|Зельвенский район||53.050465|25.277803|||[]|||20|[]|osm:node/2788685092
Усыпальница|архитектура|Волковысский район||53.161110|24.473036|||[]|||20|[]|osm:node/2788685118
Часовня-усыпальница|замок|Зельвенский район||53.178702|25.036184|||[]|||40|[]|osm:node/2788685119
Усыпальница|костёл|Дятловский район||53.184238|25.670173|||[]|||20|[]|osm:node/2788685120
Часовня-усыпальница рода Глязеров (сер. 19 в.)|архитектура|Берестовицкий район||53.315791|24.220110|||[]|||20|[]|osm:node/2788685123
Часовня-усыпальница|архитектура|Щучинский район||53.671099|24.863175|||[]|||20|[]|osm:node/2788685125
Усыпальница|архитектура|Кореличский район||53.943880|26.853487|||[]|||20|[]|osm:node/2788685126
Фольварок «Замирье»|архитектура|Кореличский район||53.449597|26.480744|||[]|||20|[]|osm:node/2788685135
Фольварк Гартингов|архитектура|Кореличский район||53.249094|26.285964|||[]|||20|[]|osm:node/2788685137
фольварк Изва Копачевская|архитектура|Новогрудский район||53.643742|25.702831|||[]|||20|[]|osm:node/2788685138
Фольварк Котвичей|архитектура|Островецкий район||54.757945|26.206985|||[]|||20|[]|osm:node/2788685139
Фольварк Полонский|архитектура|Щучинский район|Руткевічы|53.575027|24.732495|||[]|||20|[]|osm:node/2788685165
Фольварк Рожанских|замок|Кореличский район||53.089656|26.163380|||[]|||40|[]|osm:node/2788685167
Дворцово-парковый комплекс Чапских «Новосёлки» (остатки)|архитектура|Ошмянский район||54.419870|26.061213|||[]|||20|[]|osm:node/2788685174
Фольварк|архитектура|Волковысский район||53.023489|24.604165|||[]|||20|[]|osm:node/2788685188
Фольварк|архитектура|Кореличский район||53.032756|26.717574|||[]|||20|[]|osm:node/2788685191
Фольварк|архитектура|Волковысский район||53.036705|24.550720|||[]|||20|[]|osm:node/2788685199
Фольварк|замок|Дятловский район||53.047444|25.883456|||[]|||40|[]|osm:node/2788685205
Фольварк|архитектура|Волковысский район||53.058689|24.568443|||[]|||20|[]|osm:node/2788685211
Фольварк|замок|Кореличский район||53.095020|26.180215|||[]|||40|[]|osm:node/2788685215
Фольварк|архитектура|Свислочский район||53.098526|24.005196|||[]|||20|[]|osm:node/2788685219
Фольварк|архитектура|Волковысский район||53.227852|24.266770|||[]|||20|[]|osm:node/2788685231
Фольварк|архитектура|Кореличский район||53.229578|26.690745|||[]|||20|[]|osm:node/2788685235
Фольварк|архитектура|Берестовицкий район||53.304116|24.137906|||[]|||20|[]|osm:node/2788685242
Фольварк|архитектура|Берестовицкий район||53.324989|24.181283|||[]|||20|[]|osm:node/2788685243
Фольварк|архитектура|Кореличский район||53.526729|26.281035|||[]|||20|[]|osm:node/2788685247
Фольварк|архитектура|Новогрудский район||53.634628|26.043346|||[]|||20|[]|osm:node/2788685250
Фольварк|архитектура|Щучинский район||53.635122|24.468681|||[]|||20|[]|osm:node/2788685251
Фольварк|архитектура|Лидский район||53.796148|25.234034|||[]|||20|[]|osm:node/2788685254
Фольварк|архитектура|Ивьевский район||53.960004|25.770947|||[]|||20|[]|osm:node/2788685256
Фольварк|архитектура|Ивьевский район||54.134276|25.713703|||[]|||20|[]|osm:node/2788685257
Фольварк|архитектура|Ивьевский район||54.225711|26.194762|||[]|||20|[]|osm:node/2788685260
Фольварк|архитектура|Ивьевский район||54.272062|25.929468|||[]|||20|[]|osm:node/2788685261
Хозяйственный двор (руины)|архитектура|Ивьевский район||54.188574|25.828168|||[]|||20|[]|osm:node/2788685277
Хозяйственный двор Булгаков|архитектура|Кореличский район||53.454018|26.175044|||[]|||20|[]|osm:node/2788685280
Хозяйственный двор Грабовских|архитектура|Кореличский район||53.458253|26.172026|||[]|||20|[]|osm:node/2788685289
Хозяйственный двор Гюнтеров|архитектура|Сморгонский район||54.788141|26.398657|||[]|||20|[]|osm:node/2788685291
Хозяйственный двор Еленских|архитектура|Кореличский район||53.016238|26.609026|||[]|||20|[]|osm:node/2788685292
Хозяйственный двор Корвин-Милевских|архитектура|Ивьевский район||54.110175|25.590003|||[]|||20|[]|osm:node/2788685293
Хозяйственный двор Корсаков|архитектура|Сморгонский район||54.126557|26.964609|||[]|||20|[]|osm:node/2788685294
Хозяйственный двор Ленских|архитектура|Кореличский район||53.760834|26.664709|||[]|||20|[]|osm:node/2788685297
Хозяйственный двор Межаевских|замок|Кореличский район||53.318205|26.279619|||[]|||40|[]|osm:node/2788685300
Хозяйственный двор Милачэвских|архитектура|Зельвенский район||52.943295|24.941502|||[]|||20|[]|osm:node/2788685301
Хозяйственный двор Моравских|архитектура|Кореличский район||53.259597|26.544099|||[]|||20|[]|osm:node/2788685302
Хозяйственный двор Незабытовских|архитектура|Мостовский район||53.512316|24.609576|||[]|||20|[]|osm:node/2788685305
Хозяйственный двор Тышкевичей|архитектура|Сморгонский район||54.032952|26.677432|||[]|||20|[]|osm:node/2788685312
Хозяйственный двор Ходкевичей|архитектура|Щучинский район||53.682105|24.935455|||[]|||20|[]|osm:node/2788685318
Хозяйственный двор Хрептовичей|архитектура|Ивьевский район||54.138961|26.210240|||[]|||20|[]|osm:node/2788685319
Хозяйственный двор Чечетов|архитектура|Новогрудский район||53.615860|26.031010|||[]|||20|[]|osm:node/2788685320
Хозяйственный двор|архитектура|Зельвенский район||52.978709|24.667268|||[]|||20|[]|osm:node/2788685329
Хозяйственный двор|архитектура|Зельвенский район||53.005248|24.655473|||[]|||20|[]|osm:node/2788685333
Хозяйственный двор|архитектура|Кореличский район||53.006412|26.682154|||[]|||20|[]|osm:node/2788685334
Хозяйственный двор|архитектура|Волковысский район||53.023481|24.498125|||[]|||20|[]|osm:node/2788685336
Хозяйственный двор|замок|Свислочский район||53.030438|24.269538|||[]|||40|[]|osm:node/2788685338
Хозяйственный двор|архитектура|Волковысский район||53.089256|24.392431|||[]|||20|[]|osm:node/2788685342
"Хоз.постройка ""Мур"" конца 19в."|архитектура|Кореличский район||53.128703|26.903070|||[]|||20|[]|osm:node/2788685344
Хозяйственный двор|архитектура|Зельвенский район||53.158656|24.638601|||[]|||20|[]|osm:node/2788685345
Хозпостройка|архитектура|Зельвенский район||53.218249|24.743996|||[]|||20|[]|osm:node/2788685350
Хозяйственный двор|архитектура|Кореличский район||53.303422|26.586724|||[]|||20|[]|osm:node/2788685359
Хозяйственный двор|архитектура|Мостовский район||53.311721|24.597890|||[]|||20|[]|osm:node/2788685361
Хозяйственный двор|архитектура|Мостовский район||53.331821|24.543220|||[]|||20|[]|osm:node/2788685363
Хозяйственный двор|архитектура|Мостовский район||53.351417|24.624012|||[]|||20|[]|osm:node/2788685364
Хозяйственный двор бывшей усадьбе Незабытовских|архитектура|Дятловский район||53.372390|25.780825|||[]|||20|[]|osm:node/2788685365
Хозяйственный двор|архитектура|Мостовский район||53.438533|24.325426|||[]|||20|[]|osm:node/2788685368
Хозяйственный двор|архитектура|Новогрудский район||53.470339|25.877476|||[]|||20|[]|osm:node/2788685370
Хозяйственный двор|архитектура|Берестовицкий район||53.512239|24.164889|||[]|||20|[]|osm:node/2788685373
Хозяйственный двор|архитектура|Щучинский район||53.523446|24.719948|||[]|||20|[]|osm:node/2788685374
Хозяйственный двор|архитектура|Дятловский район||53.527891|25.359271|||[]|||20|[]|osm:node/2788685375
Хозяйственный двор|архитектура|Кореличский район||53.633757|26.078667|||[]|||20|[]|osm:node/2788685380
Хозяйственный двор|архитектура|Новогрудский район||53.712381|25.934789|||[]|||20|[]|osm:node/2788685382
Хозяйственный двор|архитектура|Лидский район||53.996978|25.387212|||[]|||20|[]|osm:node/2788685389
Хозяйственный двор|архитектура|Ивьевский район||54.039408|26.032147|||[]|||20|[]|osm:node/2788685390
Хозяйственный двор|архитектура|Лидский район||54.042210|25.411706|||[]|||20|[]|osm:node/2788685391
Хозяйственный двор|архитектура|Ивьевский район||54.096787|25.691837|||[]|||20|[]|osm:node/2788685393
Хозяйственный двор|архитектура|Ивьевский район||54.129861|25.766091|||[]|||20|[]|osm:node/2788685395
Хозяйственный двор|архитектура|Сморгонский район||54.195164|26.449138|||[]|||20|[]|osm:node/2788685399
Хозяйственный двор|архитектура|Вороновский район||54.240146|25.305206|||[]|||20|[]|osm:node/2788685400
Усадебно-парковый комплекс Оскерко/Снядецких|архитектура|Ошмянский район||54.379892|25.835006|||[]|||20|[]|osm:node/2788685405
Хозяйственный двор усадьбы «Чурлёны»|архитектура|Сморгонский район||54.717647|26.644343|||[]|||20|[]|osm:node/2788685410
Хозяйственный двор|замок|Сморгонский район||54.792685|26.666235|||[]|||40|[]|osm:node/2788685414
Царква Святога Юрʼя|костёл|Кореличский район||53.739700|26.148000|||[]|||20|[]|osm:node/2788685432
Центр ремесел|музей|Дятловский район||53.086775|26.083120|||[]|||40|[]|osm:node/2788685434
Церковь Благовещения Пресвятой Богородицы|церковь|Сморгонский район||54.187799|26.449629|||[]|||20|[]|osm:node/2788685456
Церковь Божией Матери Казанской|архитектура|Кореличский район||52.944461|26.870365|||[]|||20|[]|osm:node/2788685495
Костёл Воздвижения Креста Господня|архитектура|Дятловский район||53.129212|26.003901|||[]|||20|[]|osm:node/2788685660
Церковь Воздвижения Креста Господня|архитектура|Волковысский район||53.197864|24.417552|||[]|||20|[]|osm:node/2788685668
Церковь Воздвижения Креста Господня|архитектура|Дятловский район||53.262960|25.380332|||[]|||20|[]|osm:node/2788685674
Церковь Воздвижения Креста Господня|архитектура|Лидский район||53.729337|25.160886|||[]|||20|[]|osm:node/2788685714
Церковь Вознесения Господня|архитектура|Кореличский район||52.881556|26.863930|||[]|||20|[]|osm:node/2788685806
Церковь Покрова Пресвятой Богородицы|архитектура|Лидский район||53.970120|25.555164|||[]|||20|[]|osm:node/2788686059
Церковь Покрова Пресвятой Богородицы|костёл|Сморгонский район||54.215724|26.429077|||[]|||20|[]|osm:node/2788686063
Церковь Преображения Господня|архитектура|Кореличский район||53.485556|26.232938|||[]|||20|[]|osm:node/2788686135
Церковь Рождества Пресвятой Богородицы|архитектура|Зельвенский район||52.907208|25.120498|||[]|||20|[]|osm:node/2788686202
Церковь Рождества Пресвятой Богородицы|архитектура|Мостовский район||53.323339|24.692886|||[]|||20|[]|osm:node/2788686212
церковь Сятого Георгия|архитектура|Зельвенский район||52.756019|25.021246|||[]|||20|[]|osm:node/2788686305
Церковь Св. Георгия|замок|Кореличский район||52.932284|26.915378|||[]|||40|[]|osm:node/2788686308
Церковь Святого Георгия|архитектура|Зельвенский район||53.013886|25.099737|||[]|||20|[]|osm:node/2788686312
Церковь Святого Георгия (руины)|замок|Дятловский район||53.382832|25.042278|||[]|||40|[]|osm:node/2788686395
Церковь Святого Иоанна Предтечи|архитектура|Кореличский район||52.951182|26.604131|||[]|||20|[]|osm:node/2788686419
Церковь Святого Николая|костёл|Зельвенский район||52.817601|25.728157|||[]|||20|[]|osm:node/2788686474
Церковь Святой Анны|архитектура|Зельвенский район||52.752144|25.423377|||[]|||20|[]|osm:node/2788686564
Жилой корпус монастыря базилиан (1788)|архитектура|Зельвенский район||52.866131|24.889189|||[]|||20|[]|osm:node/2788686988
Церковь Успения Пресвятой Богородицы|архитектура|Кореличский район||53.487026|26.147744|||[]|||20|[]|osm:node/2788687257
Церковь Успения Пресвятой Богородицы|архитектура|Щучинский район||53.535987|24.623792|||[]|||20|[]|osm:node/2788687258
Часовня-усыпальница Нонхартов (1633, руины)|замок|Вороновский район||54.254092|25.441502|||[]|||40|[]|osm:node/2788687300
Церковь кладбищенская|архитектура|Кореличский район||53.247327|26.838434|||[]|||20|[]|osm:node/2788687313
Церковь|архитектура|Кореличский район||53.034693|26.932494|||[]|||20|[]|osm:node/2788687341
Церковь|архитектура|Зельвенский район||53.067378|24.963813|||[]|||20|[]|osm:node/2788687343
Часовня Матери Божией Остробрамской|архитектура|Кореличский район||53.302947|26.584897|||[]|||20|[]|osm:node/2788687404
Часовня Святого Антония Падуанского|архитектура|Новогрудский район||53.635928|25.722890|||[]|||20|[]|osm:node/2788687406
Часовня-колонна Св. Иоанна Крестителя|архитектура|Лидский район||53.987024|25.203277|||[]|||20|[]|osm:node/2788687412
Часовня Святого Иоанна Богослова|архитектура|Свислочский район||53.158979|23.931005|||[]|||20|[]|osm:node/2788687423
Часовня кладбищенская (руины)|архитектура|Сморгонский район||54.067477|26.916902|||[]|||20|[]|osm:node/2788687462
Часовня кладбищенская|архитектура|Зельвенский район||52.905123|25.159970|||[]|||20|[]|osm:node/2788687484
Часовня кладбищенская|архитектура|Зельвенский район||52.984880|25.266559|||[]|||20|[]|osm:node/2788687485
Часовня Всех Святых|архитектура|Кореличский район||53.176444|26.219558|||[]|||20|[]|osm:node/2788687489
Часовня кладбищенская (Деревянная)|архитектура|Волковысский район||53.201266|24.412333|||[]|||20|[]|osm:node/2788687491
Склеп Светликов|памятник|Дятловский район||53.312613|25.697974|||[]|||10|[]|osm:node/2788687498
Часовня кладбищенская|архитектура|Кореличский район||53.377140|26.624528|||[]|||20|[]|osm:node/2788687502
Часовня кладбищенская|церковь|Дятловский район||53.396892|25.622135|||[]|||20|[]|osm:node/2788687503
Часовня кладбищенская|костёл|Кореличский район||53.512959|26.867766|||[]|||20|[]|osm:node/2788687505
Часовня кладбищенская|архитектура|Кореличский район||53.605905|26.782545|||[]|||20|[]|osm:node/2788687509
Часовня кладбищенская|архитектура|Новогрудский район||53.623688|25.653628|||[]|||20|[]|osm:node/2788687511
Часовня кладбищенская|архитектура|Щучинский район||53.635142|24.616760|||[]|||20|[]|osm:node/2788687512
Часовня кладбищенская|архитектура|Новогрудский район||53.637237|25.730290|||[]|||20|[]|osm:node/2788687513
Часовня кладбищенская|архитектура|Сморгонский район||54.074244|26.549528|||[]|||20|[]|osm:node/2788687522
Часовня православная (нач. XXв.)|архитектура|Сморгонский район||54.418103|26.530703|||[]|||20|[]|osm:node/2788687527
Часовня придорожная|архитектура|Волковысский район||53.087407|24.399209|||[]|||20|[]|osm:node/2788687558
Часовня придорожная|костёл|Кореличский район||53.240420|26.233114|||[]|||20|[]|osm:node/2788687561
Придорожная часовенка|архитектура|Мостовский район||53.330196|24.548694|||[]|||20|[]|osm:node/2788687566
Часовня придорожная|архитектура|Кореличский район||53.407261|26.448180|||[]|||20|[]|osm:node/2788687568
Часовня придорожная|архитектура|Кореличский район||53.481243|26.405322|||[]|||20|[]|osm:node/2788687574
Часовня придорожная|костёл|Кореличский район||53.487462|26.373371|||[]|||20|[]|osm:node/2788687575
Часовня придорожная|архитектура|Кореличский район||53.607163|26.429892|||[]|||20|[]|osm:node/2788687577
Часовня придорожная|архитектура|Новогрудский район||53.648677|25.960009|||[]|||20|[]|osm:node/2788687580
Часовня придорожная|архитектура|Кореличский район||53.655884|26.099030|||[]|||20|[]|osm:node/2788687581
Часовня придорожная|архитектура|Кореличский район||53.963841|26.991328|||[]|||20|[]|osm:node/2788687584
Часовня придорожная|архитектура|Ивьевский район||54.079453|25.880759|||[]|||20|[]|osm:node/2788687589
Придорожная часовенка|архитектура|Ивьевский район||54.096385|25.742884|||[]|||20|[]|osm:node/2788687590
Придорожная часовенка|архитектура|Ивьевский район||54.114252|25.591640|||[]|||20|[]|osm:node/2788687591
Часовня придорожная|архитектура|Ивьевский район||54.117785|25.650848|||[]|||20|[]|osm:node/2788687593
Часовенка придорожная|архитектура|Ивьевский район||54.128363|25.761997|||[]|||20|[]|osm:node/2788687594
Часовня придорожная|архитектура|Сморгонский район||54.482012|26.672825|||[]|||20|[]|osm:node/2788687602
Часовня придорожная|архитектура|Сморгонский район||54.486781|26.707003|||[]|||20|[]|osm:node/2788687603
Часовня придорожная|архитектура|Сморгонский район||54.545278|26.647145|||[]|||20|[]|osm:node/2788687605
Часовенка придорожная|архитектура|Островецкий район||54.636471|26.199039|||[]|||20|[]|osm:node/2788687607
Часовня придорожная|архитектура|Зельвенский район||52.751140|25.166116|||[]|||20|[]|osm:node/2788687633
Часовня|архитектура|Кореличский район||52.942171|26.546949|||[]|||20|[]|osm:node/2788687642
Часовня|архитектура|Зельвенский район||52.955181|25.202976|||[]|||20|[]|osm:node/2788687643
Часовня|архитектура|Зельвенский район||53.016860|25.102468|||[]|||20|[]|osm:node/2788687644
Часовня|архитектура|Кореличский район||53.036742|26.528976|||[]|||20|[]|osm:node/2788687646
Часовня|архитектура|Кореличский район||53.258650|26.545039|||[]|||20|[]|osm:node/2788687651
Каплица|церковь|Кореличский район||53.348671|26.687521|||[]|||20|[]|osm:node/2788687652
Часовня|архитектура|Кореличский район||53.395082|26.644877|||[]|||20|[]|osm:node/2788687654
Часовня|архитектура|Берестовицкий район||53.403321|23.978804|||[]|||20|[]|osm:node/2788687656
Часовня|архитектура|Мостовский район||53.437657|24.324405|||[]|||20|[]|osm:node/2788687658
Часовня-усыпальница (руины)|замок|Новогрудский район||53.612602|25.925341|||[]|||40|[]|osm:node/2788687663
Часовня|архитектура|Кореличский район||53.700058|26.714397|||[]|||20|[]|osm:node/2788687666
Часовня|архитектура|Кореличский район||53.771995|26.773780|||[]|||20|[]|osm:node/2788687671
Часовня|архитектура|Лидский район||53.819241|25.164918|||[]|||20|[]|osm:node/2788687677
Часовня|архитектура|Ивьевский район||54.162763|26.090391|||[]|||20|[]|osm:node/2788687691
Часовня|архитектура|Сморгонский район||54.177156|26.435451|||[]|||20|[]|osm:node/2788687692
Часовня|архитектура|Ивьевский район||54.240703|25.839281|||[]|||20|[]|osm:node/2788687694
Часовня|архитектура|Сморгонский район||54.594230|26.509724|||[]|||20|[]|osm:node/2788687701
Часовня-усыпальница Рдултовских|костёл|Кореличский район||53.243211|26.234024|||[]|||20|[]|osm:node/2788687742
погибших в 1919-20 гг.|архитектура|Волковысский район||53.156125|24.470813|||[]|||20|[]|osm:node/2788687747
погибшим в 1919-20 гг.|памятник|Кореличский район||53.445806|26.740303|||[]|||10|[]|osm:node/2788687749
Пушка 76 мм|памятник|Лидский район||53.906276|25.314461|||[]|||10|[]|osm:node/2850242040
Музей быта|музей|Гродненский район|Гродна|53.685793|23.825521|||[]|Mo-Su 10:00-20:00||40|[]|osm:node/2876829521
Погоня на Грюнвальд 1410|памятник|Гродненский район||53.678490|23.818137|||[]|||10|[]|osm:node/2876829525
Давыду Городенскому|памятник|Гродненский район||53.679088|23.818176|||[]|||10|[]|osm:node/2876829526
Врублевский В. А.|памятник|Гродненский район||53.699867|23.807068|||[]|||10|[]|osm:node/2884874434
50 лет БелТАПАЗ|памятник|Гродненский район||53.713714|23.825284|||[]|||10|[]|osm:node/2888597618
Памятник погибшим в войне 1812г.|памятник|Щучинский район||53.534810|24.733069|||[]|||10|[]|osm:node/2895635040
ДСУ-18|памятник|Гродненский район||53.661279|23.829829|||[]|||10|[]|osm:node/2895838679
Музей строительной техники|музей|Гродненский район||53.659190|23.829628|||[]|||40|[]|osm:node/2895838681
Ленин В.И.|памятник|Гродненский район||53.829801|23.655957|||[]|||10|[]|osm:node/2904960502
Павловский Н. О.|памятник|Гродненский район||53.680026|23.837686|||[]|||10|[]|osm:node/2913453330
Островский Ю. М.|памятник|Гродненский район||53.674321|23.835483|||[]|||10|[]|osm:node/2924957966
Памяти учитилей и учеников|памятник|Гродненский район||53.674668|23.832258|||[]|||10|[]|osm:node/2924957980
Юрий Островский|памятник|Гродненский район||53.695526|23.796019|||[]|||10|[]|osm:node/2935151270
Бертелю А. С.|памятник|Гродненский район||53.665272|23.811089|||[]|||10|[]|osm:node/2935152684
Аллея памяти|памятник|Гродненский район||53.652615|23.839619|||[]|||10|[]|osm:node/2944207923
Строителям кольца|памятник|Гродненский район||53.673833|23.861644|||[]|||10|[]|osm:node/2944207924
Строителям путепровода|памятник|Гродненский район||53.687694|23.853629|||[]|||10|[]|osm:node/2944207925
Героям-освободителям|памятник|Кореличский район||53.221184|26.676765|||[]|||10|[]|osm:node/2945772342
Памятник воинам-афганцам|памятник|Новогрудский район||53.598404|25.826878|||[]|||10|[]|osm:node/2956914042
Памятник Победы|архитектура|Новогрудский район||53.598584|25.826933|||[]|||20|[]|osm:node/2956914043
В. И. Ленин|памятник|Новогрудский район||53.598121|25.824653|||[]|||10|[]|osm:node/2956914044
В. С. Высоцкому|памятник|Новогрудский район||53.592985|25.824095|||[]|||10|[]|osm:node/2956914045
Памятник Я. Коласу|памятник|Новогрудский район||53.591778|25.818687|||[]|||10|[]|osm:node/2956914047
ДОТ 75|архитектура|Кореличский район||53.271739|26.934781|||[]|||20|[]|osm:node/2958319751
ДОТ 74|архитектура|Кореличский район||53.271341|26.932787|||[]|||20|[]|osm:node/2958319752
ДОТ 101|архитектура|Кореличский район||53.260990|26.922314|||[]|||20|[]|osm:node/2958319769
Орудийно-пулемётный полукапонир|архитектура|Кореличский район||53.254967|26.915513|||[]|||20|[]|osm:node/2958319770
ДОТ 2|архитектура|Кореличский район||53.253599|26.915750|||[]|||20|[]|osm:node/2958319771
Орудийно-пулемётный полукапонир|архитектура|Кореличский район||53.248706|26.920707|||[]|||20|[]|osm:node/2958319772
Орудийно-пулемётный полукапонир|архитектура|Кореличский район||53.247327|26.921912|||[]|||20|[]|osm:node/2958319773
Орудийно-пулемётный полукапонир|архитектура|Кореличский район||53.237842|26.967244|||[]|||20|[]|osm:node/2958319774
Орудийно-пулемётный полукапонир|архитектура|Кореличский район||52.982051|26.923061|||[]|||20|[]|osm:node/2958343040
Артилерийский полукапонир № 55 1938 г.|архитектура|Кореличский район||52.979668|26.925685|||[]|||20|[]|osm:node/2958343041
Орудийно-пулемётный полукапонир №54.1 1938г.|архитектура|Кореличский район||52.966347|26.911713|||[]|||20|[]|osm:node/2958343063
Орудийно-пулемётный полукапонир №54.2 1938г.|архитектура|Кореличский район||52.964966|26.910578|||[]|||20|[]|osm:node/2958343064
Орудийно-пулемётный полукапонир № 56 1938 г.|архитектура|Кореличский район||52.953329|26.911520|||[]|||20|[]|osm:node/2958343073
Орудийно-пулемётный полукапонир № 51 1938 г.|архитектура|Кореличский район||52.949234|26.938550|||[]|||20|[]|osm:node/2958343074
Орудийно-пулемётный полукапонир №8 1938 г.|архитектура|Кореличский район||52.952971|26.937685|||[]|||20|[]|osm:node/2958343075
Орудийно-пулемётный полукапонир № 58 1938 г.|архитектура|Кореличский район||52.951608|26.944662|||[]|||20|[]|osm:node/2958343076
Орудийно-пулемётный полукапонир|архитектура|Кореличский район||52.962856|26.940333|||[]|||20|[]|osm:node/2958343088
Музей автозаправочных колонок|музей|Гродненский район||53.708177|23.839407|||[]|24/7|no|40|[]|osm:node/2965508437
Обелиск на братской могиле|памятник|Сморгонский район||54.304413|26.821140|||[]|||10|[]|osm:node/2986048872
Медвежья академия|памятник|Сморгонский район||54.479802|26.404621|||[]|||10|[]|osm:node/3050182770
Памятник неизвестному солдату|памятник|Кореличский район||53.049163|26.265236|||[]|||10|[]|osm:node/3058575218
Советским военнопленным|памятник|Лидский район||53.713887|25.467560|||[]|||10|[]|osm:node/3083303137
Памятник Ленину|памятник|Лидский район||53.717432|25.501148|||[]|||10|[]|osm:node/3083303138
часовня придорожная|костёл|Лидский район||53.716882|25.490852|||[]|||20|[]|osm:node/3085061524
Берёзовка|памятник|Лидский район||53.715858|25.483666|||[]|||10|[]|osm:node/3085080444
Якуб Колас|памятник|Кореличский район||53.403223|26.833265|||[]|||10|[]|osm:node/3126547037
Блиндаж 1-ой мировой войны|архитектура|Сморгонский район||54.460889|26.368295|||[]|||20|[]|osm:node/3159272390
Блиндаж 1-ой мировой войны|архитектура|Сморгонский район||54.443493|26.355061|||[]|||20|[]|osm:node/3170105252
Блиндаж 1-ой мировой войны|архитектура|Сморгонский район||54.463153|26.369384|||[]|||20|[]|osm:node/3170112673
Блиндаж 1-ой мировой войны|архитектура|Сморгонский район||54.458868|26.365130|||[]|||20|[]|osm:node/3170114018
Памятник Ленину|памятник|Зельвенский район||53.091753|25.392190|||[]|||10|[]|osm:node/3172125762
В. И. Ленин|памятник|Дятловский район||53.132553|26.017512|||[]|||10|[]|osm:node/3195440405
Асланов Ази|памятник|Сморгонский район||54.494543|26.918403|||[]|||10|[]|osm:node/3206064762
Мемориальный комплекс ”Урочище Гай”|памятник|Новогрудский район||53.156545|26.053206|||[]|||10|[]|osm:node/3224539752
Автомобиль-памятник пожарный ЗиЛ-157К|памятник|Дятловский район||53.147817|26.039929|||[]|||10|[]|osm:node/3224720583
Ленин В.И.|памятник|Мостовский район||53.413511|24.543078|||[]|||10|[]|osm:node/3226643289
Выставочный зал|музей|Дятловский район||53.130659|26.017689|||[]||yes|40|[]|osm:node/3233670537
памятник Скорбящей матери|памятник|Дятловский район||53.110846|25.961781|||[]|||10|[]|osm:node/3284110535
Памятник деревне королевцы (ранее – Ижа)|памятник|Сморгонский район||54.642790|26.785108|||[]|||10|[]|osm:node/3300214566
Памятник жертвам войны 1812 г.|памятник|Сморгонский район||54.434282|26.878121|||[]|||10|[]|osm:node/3302654966
Памятный камень в честь академика А.Р.Жебрака|памятник|Зельвенский район||53.122749|24.877828|||[]|||10|[]|osm:node/3337980129
Мемориал памяти советских воинов|памятник|Берестовицкий район||53.488009|24.279285|||[]|||10|[]|osm:node/3338130947
Танк Т34-85|памятник|Зельвенский район||52.881298|24.867885|||[]|||10|[]|osm:node/3338308939
Братская могила 154 воинов погибших 10.7.1944г.|памятник|Зельвенский район||53.245998|24.920332|||[]|||10|[]|osm:node/3338697453
Памятник мирным жителям, убитым в д.Шауличи|памятник|Волковысский район||53.210791|24.550381|||[]|||10|[]|osm:node/3344652000
"Валун ""Чертов камень Ратынский"""|архитектура|Кореличский район||53.918399|26.961919|||[]|||20|[]|osm:node/3424386866
Развалины водяной мельницы|замок|Кореличский район||53.956935|26.740218|||[]|||40|[]|osm:node/3464031035
Франтишек Богушевич|памятник|Островецкий район||54.469639|26.086882|||[]|||10|[]|osm:node/3519800122
Братская могила|памятник|Зельвенский район||52.819395|25.308564|||[]|||10|[]|osm:node/3523219804
Мемориал в память воинов-освободителей|памятник|Зельвенский район||53.096390|25.316748|||[]|||10|[]|osm:node/3523220193
Памятник погибшим разведчикам|памятник|Зельвенский район||53.096494|25.316485|||[]|||10|[]|osm:node/3523220194
Братская могила|памятник|Кореличский район||53.588205|26.919665|||[]|||10|[]|osm:node/3585510833
Памятник убитым евреям|памятник|Кореличский район||53.901801|26.738467|||[]|||10|[]|osm:node/3598233924
Камень Матея Бурачка|архитектура|Сморгонский район||54.442114|26.169255|||[]|||20|[]|osm:node/3609646952
Невестин камень|архитектура|Ошмянский район||54.412958|26.037529|||[]|||20|[]|osm:node/3609657993
землянка|архитектура|Щучинский район||53.415405|24.895182|||[]|||20|[]|osm:node/3617299323
Шлюз «Немново»|архитектура|Гродненский район||53.869728|23.757278|||[]|||20|[]|osm:node/3638538981
Братская могила солдат 1-й мировой войны|костёл|Сморгонский район||54.766618|26.982090|||[]|||20|[]|osm:node/3640353126
Мемориал первому герою РБ Подполковнику Карвату Владимиру Николаевичу|памятник|Новогрудский район||53.261637|26.043969|||[]|||10|[]|osm:node/3646635917
ДОТ Первая мировая война|замок|Новогрудский район||53.256531|26.055861|||[]|||40|[]|osm:node/3646635932
Мемориальный комплекс «Партизанские базы»|памятник|Сморгонский район||54.789223|26.888129|||[]|||10|[]|osm:node/3664130289
Державной иконы Божией Матери|архитектура|Зельвенский район||53.116455|25.157012|||[]||no|20|[]|osm:node/3672118171
Костёл Непорочного зачатия Наисвятейшей Панны Марии (старый)|костёл|Лидский район||53.871436|25.286445|||[]|||20|[]|osm:node/3704588810
Кафедральный собор святого Архангела Михаила|церковь|Лидский район||53.893787|25.303102|||[]|||20|[]|osm:node/3707765358
Храм святых Царственных Страстотерпцев|церковь|Лидский район||53.901503|25.262192|||[]|||20|[]|osm:node/3707765360
Храм в честь святого благоверного князя Александра Невского|церковь|Лидский район||53.880525|25.330310|||[]|||20|[]|osm:node/3707765361
Храм иконы Божией Матери Взыскание погибших|церковь|Лидский район||53.914447|25.237188|||[]|||20|[]|osm:node/3707765362
Храм иконы Божией Матери Всецарица|церковь|Лидский район||53.936611|25.266109|||[]|||20|[]|osm:node/3707765363
Богоматерь|памятник|Ивьевский район||54.141691|26.210565|||[]|||10|[]|osm:node/3712426760
Лидский историко-художественный музей|музей|Лидский район||53.891605|25.295913|||[]|||40|[]|osm:node/3713122097
Камень-оберег|памятник|Сморгонский район||54.300299|26.276372|||[]|||10|[]|osm:node/3713225834
Могила священника Михаила Левончука|памятник|Сморгонский район||54.309911|26.288963|||[]|||10|[]|osm:node/3713225873
Великий Кревский Камень|архитектура|Сморгонский район||54.323369|26.302663|||[]|||20|[]|osm:node/3713225952
Памятник землякам, погибшим в ВОВ|памятник|Сморгонский район||54.312877|26.274673|||[]|||10|[]|osm:node/3713226534
Немецкие блиндажи Первой мировой войны|замок|Сморгонский район||54.318297|26.284978|||[]|||40|[]|osm:node/3713299594
Армиллярные солнечные часы|памятник|Лидский район||53.889616|25.298685|||[]|||10|[]|osm:node/3713552918
Воинам-интернационалистам Журавли|памятник|Лидский район||53.891177|25.303548|||[]|||10|[]|osm:node/3713552920
Командированный|памятник|Лидский район||53.888575|25.303629|||[]|||10|[]|osm:node/3713552921
Банщик Вася|памятник|Лидский район||53.890539|25.300778|||[]|||10|[]|osm:node/3713552922
Лев с ключами|памятник|Лидский район||53.890213|25.297480|||[]|||10|[]|osm:node/3713552923
Литейщик|памятник|Лидский район||53.903227|25.316266|||[]|||10|[]|osm:node/3713557925
Нулевой километр|памятник|Лидский район||53.895314|25.293721|||[]|||10|[]|osm:node/3713557927
Пионер-знаменосец|памятник|Лидский район||53.895183|25.288905|||[]|||10|[]|osm:node/3713557928
Сноп|памятник|Лидский район||53.891025|25.308127|||[]|||10|[]|osm:node/3713557929
Символ христианского единства|памятник|Лидский район||53.878659|25.277287|||[]|||10|[]|osm:node/3713557930
Туристка|памятник|Лидский район||53.898020|25.292760|||[]|||10|[]|osm:node/3713557931
Франциск Скорина|памятник|Лидский район||53.889787|25.303285|||[]|||10|[]|osm:node/3713557932
Жертв первых дней войны|памятник|Лидский район||53.893878|25.282227|||[]|||10|[]|osm:node/3714712028
Гордость Лидчины|памятник|Лидский район||53.891751|25.296806|||[]|||10|[]|osm:node/3714712029
Лида 1323|памятник|Лидский район||53.865552|25.237996|||[]|||10|[]|osm:node/3714712030
Солдатские могилы|памятник|Лидский район||53.900965|25.294556|||[]|||10|[]|osm:node/3714712034
Типография|архитектура|Лидский район||53.887710|25.291485|||[]|||20|[]|osm:node/3715042861
Казармы|архитектура|Лидский район||53.893357|25.272957|||[]|||20|[]|osm:node/3715042862
Собор кафедральный святого Михаила Архангела|архитектура|Лидский район||53.893783|25.303236|||[]|||20|[]|osm:node/3715042864
Монастырь пиаров|архитектура|Лидский район||53.893821|25.303612|||[]|||20|[]|osm:node/3715042865
Монастырь пиаров: Жилой корпус|архитектура|Лидский район||53.893816|25.303716|||[]|||20|[]|osm:node/3715042866
Кладбище еврейское|архитектура|Лидский район||53.899196|25.302652|||[]|||20|[]|osm:node/3715042869
Кладбище польских солдат|архитектура|Лидский район||53.879642|25.305841|||[]|||20|[]|osm:node/3715042870
Кладбище польских солдат: Памятник польским солдатам|памятник|Лидский район||53.879649|25.305774|||[]|||10|[]|osm:node/3715042871
Пожарное депо|архитектура|Лидский район||53.897766|25.293872|||[]|||20|[]|osm:node/3715042872
Почта|архитектура|Лидский район||53.894729|25.292513|||[]|||20|[]|osm:node/3715042873
Рядовая застройка|архитектура|Лидский район||53.896090|25.300814|||[]|||20|[]|osm:node/3715042875
Рядовая застройка|архитектура|Лидский район||53.898546|25.290992|||[]|||20|[]|osm:node/3715042876
церковь гарнизонная Троицкая|архитектура|Лидский район||53.892297|25.268130|||[]|||20|[]|osm:node/3715042878
церковь гарнизонная святого Сергия Радонежского|архитектура|Лидский район||53.892252|25.267896|||[]|||20|[]|osm:node/3715042879
костел Непорочного Зачатия|архитектура|Лидский район||53.871341|25.286505|||[]|||20|[]|osm:node/3715042880
костел Непорочного Зачатия|архитектура|Лидский район||53.871967|25.288917|||[]|||20|[]|osm:node/3715042881
памятник Адаму Мицкевичу|памятник|Лидский район||53.895789|25.298258|||[]|||10|[]|osm:node/3715042886
Церковь Святого Георгия|архитектура|Лидский район||53.899824|25.294590|||[]|||20|[]|osm:node/3715042890
церковь святых Царственных Страстотерпцев|архитектура|Лидский район||53.901455|25.262190|||[]|||20|[]|osm:node/3715042891
церковь в честь иконы Богоматери Взыскание погибших|архитектура|Лидский район||53.914389|25.237188|||[]|||20|[]|osm:node/3715042892
Поминальная стела казаку Даниле Шевченко|памятник|Сморгонский район||54.543417|26.733729|||[]|||10|[]|osm:node/3729568531
Павшим солдатам ВОВ|памятник|Сморгонский район||54.028416|26.686376|||[]|||10|[]|osm:node/3773407300
Мемориальный курган|памятник|Сморгонский район||54.124156|26.435048|||[]|||10|[]|osm:node/3773472627
Памятник немецким содатам 1-й мировой войны|памятник|Ивьевский район||54.109849|26.168535|||[]|||10|[]|osm:node/3773965503
Торговые ряды XIX в.|архитектура|Ивьевский район||54.257422|26.011060|||[]|||20|[]|osm:node/3774701345
Памятник русским лётчикам 1-й мировой войны|памятник|Ошмянский район||54.316170|26.134064|||[]|||10|[]|osm:node/3774756479
ДОТ немецкий 1-й мировой войны|замок|Сморгонский район||54.300942|26.214955|||[]|||40|[]|osm:node/3774865096
ДОТ немецкий 1-й мировой войны|замок|Сморгонский район||54.301381|26.214493|||[]|||40|[]|osm:node/3774865097
ДОТ немецкий 1-й мировой войны|замок|Сморгонский район||54.300968|26.213614|||[]|||40|[]|osm:node/3774865115
ДОТ немецкий 1-й мировой войны|замок|Сморгонский район||54.301569|26.213474|||[]|||40|[]|osm:node/3774865116
Усадьба нач. 20в.|замок|Сморгонский район||54.259492|26.426168|||[]|||40|[]|osm:node/3775117230
Блиндаж 1-ой мировой войны|архитектура|Сморгонский район||54.455327|26.364829|||[]|||20|[]|osm:node/3776162717
ДОТ немецкий 1-й мировой войны (разрушен)|замок|Сморгонский район||54.464950|26.370847|||[]|||40|[]|osm:node/3776162722
Памятник жертвам 1-й и 2-й мировых войн|памятник|Сморгонский район||54.453603|26.482861|||[]|||10|[]|osm:node/3776162955
Жоан Ролей (памят. камень гувернеру)|памятник|Сморгонский район||54.420764|26.520446|||[]|||10|[]|osm:node/3776212724
Мемориальный камень: «Теням Костюшки» (восстание 1794 г.)|памятник|Сморгонский район||54.421585|26.521435|||[]|||10|[]|osm:node/3776212725
валун «Камень-горка»|архитектура|Сморгонский район||54.507272|26.473836|||[]|||20|[]|osm:node/3776367149
Погибшим в годы Великой Отечественной войны|памятник|Сморгонский район||54.574570|26.620571|||[]|||10|[]|osm:node/3776367446
Часовня придорожная|костёл|Сморгонский район||54.609572|26.560057|||[]|||20|[]|osm:node/3776413361
18-ти землякам погибшим в ВОВ|памятник|Сморгонский район||54.624928|26.442538|||[]|||10|[]|osm:node/3776582999
Памятник немецким солдатам 1-й мировой войны (1915-18 гг.)|памятник|Сморгонский район||54.510898|26.173391|||[]|||10|[]|osm:node/3777783409
Большой камень|архитектура|Ошмянский район||54.378610|25.885005|||[]|||20|[]|osm:node/3777968366
Руины часовни-усыпальницы|замок|Ошмянский район||54.363498|25.911503|||[]|||40|[]|osm:node/3777968429
Памятник Св. Яну Непомуцкому|памятник|Ошмянский район||54.364978|25.918414|||[]|||10|[]|osm:node/3777968430
Часовня придорожная|костёл|Островецкий район||54.731724|26.073646|||[]|||20|[]|osm:node/3778327195
Валун|архитектура|Сморгонский район||54.797249|26.446647|||[]|||20|[]|osm:node/3779346873
Стеберакские Волы|архитектура|Сморгонский район||54.673547|26.922040|||[]|||20|[]|osm:node/3785921290
Культовый валун с лунками|архитектура|Сморгонский район||54.683534|26.939384|||[]|||20|[]|osm:node/3785921291
Нямецкае вайсковае пахаванне 1-ай Сусветнай вайны|памятник|Сморгонский район||54.694465|26.685099|||[]|||10|[]|osm:node/3785970480
Памятник русским солдатам 1-й мировой войны|памятник|Сморгонский район||54.565375|26.711816|||[]|||10|[]|osm:node/3785994238
"Валун ""Любецкий"""|архитектура|Сморгонский район||54.502795|26.922788|||[]|||20|[]|osm:node/3786231318
Мемориальный камень погибшим в вилейской тюрьме|памятник|Сморгонский район||54.517209|26.911858|||[]|||10|[]|osm:node/3786231320
Гомсин камень|архитектура|Сморгонский район|Куранец|54.557822|26.952244|||[]|||20|[]|osm:node/3786456832
Часовня (ок. 1990 гг.)|костёл|Сморгонский район||54.315774|26.872778|||[]|||20|[]|osm:node/3788804595
Мемориальный камень памяти жертв нацизма|памятник|Сморгонский район||54.152061|26.922528|||[]|||10|[]|osm:node/3789423554
Землякам, погибшим во 2-й мировой войне|памятник|Сморгонский район||54.152920|26.921024|||[]|||10|[]|osm:node/3789424369
Фундамент костёла Св. Иоанна Крестителя|замок|Сморгонский район||54.145718|26.923993|||[]|||40|[]|osm:node/3789476123
Часовня придорожная|костёл|Сморгонский район||54.285975|26.950710|||[]|||20|[]|osm:node/3790675165
Івана Лашуткі|памятник|Сморгонский район||54.484168|26.895364|||[]|||10|[]|osm:node/3794413802
Древнее Селище Немново|архитектура|Гродненский район||53.863721|23.738255|||[]|||20|[]|osm:node/3801775226
96 землякам погибшим в ВОВ и 255 жертвам фашизма|памятник|Кореличский район||53.105673|26.998711|||[]|||10|[]|osm:node/3802264187
Могила 255 жертв фашизма убитых 27.09.1942|памятник|Кореличский район||53.104864|26.984525|||[]|||10|[]|osm:node/3802264191
Орудийно-пулемётный полукапонир|архитектура|Кореличский район||53.093453|26.928805|||[]|||20|[]|osm:node/3802264203
Орудийно-пулемётный полукапонир|архитектура|Кореличский район||53.095060|26.924320|||[]|||20|[]|osm:node/3802264204
Орудийно-пулемётный полукапонир|архитектура|Кореличский район||53.103354|26.921831|||[]|||20|[]|osm:node/3802264205
Орудийно-пулемётный полукапонир|архитектура|Кореличский район||53.108520|26.932597|||[]|||20|[]|osm:node/3802264207
Орудийно-пулемётный полукапонир|архитектура|Кореличский район||53.109840|26.929556|||[]|||20|[]|osm:node/3802264208
Орудийно-пулемётный полукапонир|архитектура|Кореличский район||53.087551|26.877017|||[]|||20|[]|osm:node/3802264209
Орудийно-пулемётный полукапонир|архитектура|Кореличский район||53.088646|26.876030|||[]|||20|[]|osm:node/3802264210
Орудийно-пулемётный полукапонир|архитектура|Кореличский район||53.103850|26.880868|||[]|||20|[]|osm:node/3802264211
Орудийно-пулемётный полукапонир|архитектура|Кореличский район||53.105834|26.875783|||[]|||20|[]|osm:node/3802264212
Орудийно-пулемётный полукапонир|архитектура|Кореличский район||53.106773|26.874855|||[]|||20|[]|osm:node/3802264213
Орудийно-пулемётный полукапонир|архитектура|Кореличский район||53.116975|26.870097|||[]|||20|[]|osm:node/3802264214
Орудийно-пулемётный полукапонир|архитектура|Кореличский район||53.117787|26.870805|||[]|||20|[]|osm:node/3802264215
Орудийно-пулемётный полукапонир|архитектура|Кореличский район||53.123917|26.889962|||[]|||20|[]|osm:node/3802368456
Орудийно-пулемётный полукапонир|архитектура|Кореличский район||53.124405|26.890358|||[]|||20|[]|osm:node/3802369357
Орудийно-пулемётный полукапонир|архитектура|Кореличский район||53.129247|26.867952|||[]|||20|[]|osm:node/3802369358
Орудийно-пулемётный полукапонир|архитектура|Кореличский район||53.131864|26.868275|||[]|||20|[]|osm:node/3802369359
Орудийно-пулемётный полукапонир|архитектура|Кореличский район||53.134521|26.855332|||[]|||20|[]|osm:node/3802369360
Орудийно-пулемётный полукапонир|архитектура|Кореличский район||53.135324|26.855036|||[]|||20|[]|osm:node/3802369361
Орудийно-пулемётный полукапонир|архитектура|Кореличский район||53.140239|26.856264|||[]|||20|[]|osm:node/3802369362
Орудийно-пулемётный полукапонир|архитектура|Кореличский район||53.150968|26.852759|||[]|||20|[]|osm:node/3802388573
Орудийно-пулемётный полукапонир|архитектура|Кореличский район||53.152010|26.852780|||[]|||20|[]|osm:node/3802388574
Орудийно-пулемётный полукапонир|архитектура|Кореличский район||53.151991|26.860194|||[]|||20|[]|osm:node/3802388575
Орудийно-пулемётный полукапонир|архитектура|Кореличский район||53.157524|26.853038|||[]|||20|[]|osm:node/3802388576
И.В. Мичурину|памятник|Гродненский район||53.693451|23.846818|||[]|||10|[]|osm:node/3802425344
Солнечные часы|архитектура|Кореличский район||53.227830|26.695130|||[]|||20|[]|osm:node/3802590154
Бронзовый пень|памятник|Кореличский район||53.227726|26.695729|||[]|||10|[]|osm:node/3802590155
Мемориальный камень в память о свыше 1500 расстрелянных фашистами на этом месте жителях в октябре 1941г.|памятник|Кореличский район||53.227721|26.695654|||[]|||10|[]|osm:node/3802590156
Церковь христиан веры евангельской|костёл|Кореличский район||53.227177|26.392502|||[]|||20|[]|osm:node/3803236676
Капличка|церковь|Кореличский район||53.250739|26.086806|||[]|||20|[]|osm:node/3803434088
Памятный знак событиям 1-й мировой войны|памятник|Кореличский район||53.314208|26.541761|||[]|||10|[]|osm:node/3803670780
Обелиск|памятник|Новогрудский район||53.277974|26.056274|||[]|||10|[]|osm:node/3803874533
Мемориальный камень палеонтологу Владиславу Дыбовскому (1838-1910)|памятник|Новогрудский район||53.715070|25.991028|||[]|||10|[]|osm:node/3804964631
Народный историко-краеведческий музей Любчанского края|музей|Кореличский район||53.750754|26.064260|||[]|||40|[]|osm:node/3805208392
Елисей Лавришевский|памятник|Кореличский район||53.702204|26.189843|||[]|||10|[]|osm:node/3805329544
Придорожный крест (1938)|костёл|Кореличский район||53.652538|26.065984|||[]|||20|[]|osm:node/3805436985
Братская могила русских солдат 1-й мировой войны|памятник|Кореличский район||53.523059|26.311075|||[]|||10|[]|osm:node/3806373275
Колокол|памятник|Кореличский район||53.453831|26.466010|||[]|||10|[]|osm:node/3806488567
Место расстрела жителей Мира фашистами|памятник|Кореличский район||53.452878|26.475947|||[]|||10|[]|osm:node/3806488568
Часовня кладбищенская|церковь|Кореличский район||53.374226|26.562285|||[]|||20|[]|osm:node/3806578902
музей Константина Мицкевича|музей|Кореличский район||53.419520|26.819779|||[]|||40|[]|osm:node/3806757220
АПК №01|архитектура|Кореличский район||53.431501|26.949969|||[]|||20|[]|osm:node/3806757221
ПДОТ №05|архитектура|Кореличский район||53.430911|26.937236|||[]|||20|[]|osm:node/3806757222
ОППК №08|архитектура|Кореличский район||53.422415|26.935099|||[]|||20|[]|osm:node/3806758561
ОППК №011|архитектура|Кореличский район||53.416596|26.940241|||[]|||20|[]|osm:node/3806760499
Жертвам холокоста|памятник|Сморгонский район||54.484120|26.938452|||[]|||10|[]|osm:node/3806799237
ПДОТ №013|архитектура|Кореличский район||53.408741|26.958433|||[]|||20|[]|osm:node/3806804429
Музей-усадьба Якуба Коласа|музей|Кореличский район||53.472875|26.909948|||[]|||40|[]|osm:node/3806850473
Мемориальный комплекс на месте расстрелянных евреев местечка Ивье|памятник|Ивьевский район||53.928285|25.810816|||[]|||10|[]|osm:node/3808179974
Иисус Христос|памятник|Ивьевский район||53.932390|25.780444|||[]|||10|[]|osm:node/3808179980
Водяная мельница (дерев.) (нач.20в.)|архитектура|Лидский район||53.894703|25.750623|||[]|||20|[]|osm:node/3808185910
Часовня|костёл|Лидский район||53.996991|25.376523|||[]|||20|[]|osm:node/3808351641
Криптовый храм великомученика и целителя Пантелеимона|церковь|Лидский район|Ліда|53.883650|25.301640|||[]|||20|[]|osm:node/3808826110
Крестильный храм преподобномученика Галактиона|церковь|Лидский район||53.880389|25.330740|||[]|||20|[]|osm:node/3808826111
Синагога (нач. XX в.)|архитектура|Вороновский район||54.150670|25.314707|||[]|||20|[]|osm:node/3810050872
Колодец|памятник|Вороновский район||54.152497|25.318753|||[]|||10|[]|osm:node/3810050888
Усадебно-парковый комплекс Ивановских «Лебедка Ивановская»|замок|Щучинский район||53.730932|24.770750|||[]|||40|[]|osm:node/3810931885
Усадебный дом Водейко «Головичполье» (1935)|замок|Щучинский район||53.725117|24.768457|||[]|||40|[]|osm:node/3810931886
Усадебный парк «Глубокое» (19в.)|архитектура|Мостовский район||53.545307|24.454321|||[]|||20|[]|osm:node/3811001014
Брама (1899)|архитектура|Берестовицкий район||53.596478|24.258002|||[]|||20|[]|osm:node/3811332689
Комсомолцам-Подпольщикам|памятник|Берестовицкий район||53.590015|24.251308|||[]|||10|[]|osm:node/3811332701
Братская могила русских солдат 1-й мировой войны (1915)|памятник|Гродненский район||53.735781|23.741229|||[]|||10|[]|osm:node/3812317532
Памятник немецким солдатам 1-й мировой войны|памятник|Гродненский район||53.821753|23.777511|||[]|||10|[]|osm:node/3812317539
ДОТ Гродненского УР|замок|Гродненский район||53.847978|23.696837|||[]|||40|[]|osm:node/3812377379
ДОТ Гродненского УР|замок|Гродненский район||53.861650|23.681030|||[]|||40|[]|osm:node/3812377381
ДОТ Гродненского УР|замок|Гродненский район||53.865741|23.676873|||[]|||40|[]|osm:node/3812377382
ДОТ Гродненского УР|замок|Гродненский район||53.868477|23.676759|||[]|||40|[]|osm:node/3812377383
ДОТ Гродненского УР|замок|Гродненский район||53.868718|23.669281|||[]|||40|[]|osm:node/3812377389
ДОТ Гродненского УР|замок|Гродненский район||53.864875|23.666046|||[]|||40|[]|osm:node/3812377390
ДОТ Гродненского УР|замок|Гродненский район||53.862796|23.670569|||[]|||40|[]|osm:node/3812377391
ДОТ Гродненского УР|замок|Гродненский район||53.861508|23.676073|||[]|||40|[]|osm:node/3812377392
ДОТ Гродненского УР|замок|Гродненский район||53.854045|23.667471|||[]|||40|[]|osm:node/3812377393
ДОТ Гродненского УР|замок|Гродненский район||53.839306|23.670697|||[]|||40|[]|osm:node/3812377394
ДОТ Гродненского УР|замок|Гродненский район||53.849817|23.651965|||[]|||40|[]|osm:node/3812377426
ДОТ Гродненского УР|замок|Гродненский район||53.851931|23.647148|||[]|||40|[]|osm:node/3812377427
ДОТ Гродненского УР|замок|Гродненский район||53.846348|23.642325|||[]|||40|[]|osm:node/3812377429
ДОТ Гродненского УР|замок|Гродненский район||53.845700|23.641914|||[]|||40|[]|osm:node/3812377430
ДОТ Гродненского УР|замок|Гродненский район||53.833782|23.665089|||[]|||40|[]|osm:node/3812426158
Придорожный крест-оберег (1905)|архитектура|Гродненский район||53.719845|23.710228|||[]|||20|[]|osm:node/3812445753
Пороховые склады Форта №2|замок|Гродненский район||53.708143|23.677698|||[]|||40|[]|osm:node/3812445754
Усадебный дом (XIX в.)|архитектура|Гродненский район||53.691573|23.690565|||[]|||20|[]|osm:node/3812521641
Опорный пункт №16 Гродненской крепости|замок|Гродненский район||53.597305|23.800828|||[]|||40|[]|osm:node/3812521642
Немецкое убежище 1-й мировой войны|замок|Гродненский район||53.597594|23.809614|||[]|||40|[]|osm:node/3812521643
Немецкое убежище 1-й мировой войны|замок|Гродненский район||53.596790|23.811066|||[]|||40|[]|osm:node/3812521644
Немецкое убежище 1-й мировой войны|замок|Гродненский район||53.597029|23.814934|||[]|||40|[]|osm:node/3812521645
Немецкое убежище 1-й мировой войны (водный резервуар форта №7)|замок|Гродненский район||53.598608|23.831053|||[]|||40|[]|osm:node/3812521646
ДОТ|замок|Гродненский район||53.597309|23.834020|||[]|||40|[]|osm:node/3812521647
ОП №17 Гродненской крепости|замок|Гродненский район||53.597245|23.838872|||[]|||40|[]|osm:node/3812521649
ДОТ|замок|Гродненский район||53.597766|23.839682|||[]|||40|[]|osm:node/3812521650
Пороховые склады Форта №7|замок|Гродненский район||53.610439|23.833722|||[]|||40|[]|osm:node/3812521651
Опорный пункт №18 Гродненской крепости|замок|Гродненский район||53.603819|23.864476|||[]|||40|[]|osm:node/3812521653
Усадебный дом Красинских «Свислочь» (1912)|архитектура|Берестовицкий район||53.494107|24.063829|||[]|||20|[]|osm:node/3812639273
Жилой дом усадьбы «Браково» (нач.20в.)|архитектура|Берестовицкий район||53.482635|24.072160|||[]|||20|[]|osm:node/3812639278
Памятный камень в честь лётчика ВОВ Протасова|памятник|Берестовицкий район||53.485167|24.283507|||[]|||10|[]|osm:node/3812784014
Усадебный дом Азнабишиных (нач.20в.)|замок|Мостовский район||53.424177|24.624224|||[]|||40|[]|osm:node/3813056198
костел Милосердия Божьего|архитектура|Лидский район||53.921766|25.246522|||[]|||20|[]|osm:node/3813552458
в/ч 07032 (ЗРК С-125)|замок|Мостовский район||53.442521|24.553750|||[]|||40|[]|osm:node/3813581656
Мемориальный обелиск (19в.)|памятник|Щучинский район||53.632659|25.124088|||[]|||10|[]|osm:node/3813733368
Церковь христиан веры евангельской Благодать|костёл|Лидский район||53.877782|25.332701|||[]|||20|[]|osm:node/3813733754
Церковь христиан веры евангельской Спасение|костёл|Лидский район||53.887532|25.300510|||[]|||20|[]|osm:node/3813733755
Жертвам фашизма 1944 г.|памятник|Сморгонский район||54.490808|26.860533|||[]|||10|[]|osm:node/3814501918
Жертвам фашизма|памятник|Сморгонский район||54.513078|26.883500|||[]|||10|[]|osm:node/3814703195
Ледниковый конгломерат и песчаник|архитектура|Дятловский район||53.409777|25.522167|||[]|||20|[]|osm:node/3815383894
Фамильное кладбище Протасевичей|архитектура|Дятловский район|Дварэц|53.408085|25.575951|||[]|||20|[]|osm:node/3815424104
Официна|архитектура|Кореличский район||53.092323|26.268244|||[]|||20|[]|osm:node/3817096849
Ледник|архитектура|Кореличский район||53.092075|26.268148|||[]|||20|[]|osm:node/3817097157
Хозпостройка|архитектура|Кореличский район||53.091946|26.269741|||[]|||20|[]|osm:node/3817097163
Памятный знак на месте Ляховичского замка|памятник|Кореличский район||53.040478|26.258341|||[]|||10|[]|osm:node/3817131142
Захоронение Черноцких|памятник|Кореличский район||53.031933|26.439098|||[]|||10|[]|osm:node/3817326224
Усадебный дом Бжозовских-Еленских|архитектура|Кореличский район||52.997415|26.639079|||[]|||20|[]|osm:node/3817568803
Усадебный дом|архитектура|Кореличский район||52.986109|26.638440|||[]|||20|[]|osm:node/3817624281
Жертвам концлагеря|памятник|Сморгонский район||54.501258|26.937598|||[]|||10|[]|osm:node/3827611564
Придорожный крест|костёл|Сморгонский район||54.523187|26.874141|||[]|||20|[]|osm:node/3836440858
Ивану Кондратьеву|памятник|Сморгонский район||54.523530|26.874584|||[]|||10|[]|osm:node/3836440859
Дом скорби|костёл|Лидский район||53.877546|25.277787|||[]|||20|[]|osm:node/3840752289
Часовня-усыпальница Л. Коллупайло (19в.)|архитектура|Зельвенский район||52.913367|25.167225|||[]|||20|[]|osm:node/3843212628
Официна (18в.)|архитектура|Зельвенский район||52.916916|25.161012|||[]|||20|[]|osm:node/3843212637
Пейзажный парк усадьбы Слизней (18в.)|архитектура|Зельвенский район||52.917368|25.159413|||[]|||20|[]|osm:node/3843212650
Каретная (18в.)|архитектура|Зельвенский район||52.916827|25.162377|||[]|||20|[]|osm:node/3843212651
Церковь христиан веры евангельской «Новая Жизнь»|костёл|Зельвенский район||52.858218|24.889528|||[]|||20|[]|osm:node/3844346279
Часовня-усыпальница (руины, XIX в.)|замок|Зельвенский район||52.977202|24.630954|||[]|||40|[]|osm:node/3844452578
Усадебный дом Сегеней (1839)|архитектура|Волковысский район||52.960783|24.557693|||[]||yes|20|[]|osm:node/3844452799
Хозпостройка усадьбы «Хорошевичи 1» (19в.)|архитектура|Волковысский район||52.932309|24.527819|||[]|||20|[]|osm:node/3844521054
Руины синагоги (XIX в.)|замок|Зельвенский район||52.854763|24.618114|||[]|||40|[]|osm:node/3844610125
Лысковское замчище (XV—XVIII вв.)|архитектура|Зельвенский район||52.858782|24.639380|||[]|||20|[]|osm:node/3844610145
Усадебно-парковый комплекс Бутовт-Андрейковичей «Богуденки»|архитектура|Свислочский район||52.946649|24.378163|||[]|||20|[]|osm:node/3844720166
Усадебный дом Бутовт-Андрейковичей (19в.)|архитектура|Волковысский район||52.984906|24.391958|||[]|||20|[]|osm:node/3844720215
Памятник погибшим землякам|памятник|Свислочский район||52.952798|24.127730|||[]|||10|[]|osm:node/3845205528
Кастусь Калиновский|памятник|Свислочский район||53.035864|24.094769|||[]|||10|[]|osm:node/3845415388
Памятник советскому солдату|памятник|Свислочский район||53.035430|24.093330|||[]|||10|[]|osm:node/3845415393
Ленину В. И.|памятник|Свислочский район||53.035191|24.092846|||[]|||10|[]|osm:node/3845415394
Сталин И. В.|памятник|Свислочский район||53.035035|24.092497|||[]|||10|[]|osm:node/3845415395
Ромуальд Траугутт|памятник|Свислочский район||53.034864|24.092173|||[]|||10|[]|osm:node/3845415396
Кастусь Калиновский|памятник|Свислочский район||53.034716|24.091842|||[]|||10|[]|osm:node/3845415397
Церковь христиан веры евангельской «Благодать»|костёл|Свислочский район||53.025467|24.095099|||[]|||20|[]|osm:node/3845415406
Усадебный дом Ромеров (19в.)|архитектура|Волковысский район||53.121128|24.358223|||[]|||20|[]|osm:node/3846475466
Флигель левый|архитектура|Волковысский район||53.121368|24.358087|||[]|||20|[]|osm:node/3846475477
Флигель правый|архитектура|Волковысский район||53.120868|24.357773|||[]|||20|[]|osm:node/3846475478
Конюшня (19в.)|архитектура|Волковысский район||53.121578|24.359605|||[]|||20|[]|osm:node/3846475490
Мемориальный крест в память А. Светчина|памятник|Волковысский район||53.249397|24.182263|||[]|||10|[]|osm:node/3846546063
Бровар (нач. XX в.)|архитектура|Волковысский район||53.225644|24.159101|||[]|||20|[]|osm:node/3846546088
Хозпостройка (1835)|архитектура|Волковысский район||53.226692|24.157932|||[]|||20|[]|osm:node/3846546093
Плебания (18в.)|архитектура|Берестовицкий район||53.193333|24.020887|||[]|||20|[]|osm:node/3846634607
Плебания (1913)|архитектура|Берестовицкий район||53.196547|24.013818|||[]|||20|[]|osm:node/3846634618
Плебания (нач.20в.)|архитектура|Берестовицкий район||53.290284|23.933000|||[]|||20|[]|osm:node/3846690405
Крахмальный завод (1912)|архитектура|Берестовицкий район||53.289400|23.924064|||[]|||20|[]|osm:node/3846690414
Памятник 88 землякам погибшив во второй мировой войне|памятник|Берестовицкий район||53.285340|23.941942|||[]|||10|[]|osm:node/3846690415
Городище (11-12вв)|архитектура|Берестовицкий район||53.290643|24.009966|||[]|||20|[]|osm:node/3846749312
Амбар (19в.)|архитектура|Берестовицкий район||53.310480|24.021662|||[]|||20|[]|osm:node/3846749323
Служебная постройка (19в.)|архитектура|Берестовицкий район||53.309416|24.022286|||[]|||20|[]|osm:node/3846749328
Администрация гмины (нач.20в.)|архитектура|Берестовицкий район||53.368554|24.074657|||[]|||20|[]|osm:node/3846863774
Братская могила 392 воинов второй мировой войны|памятник|Волковысский район||53.283050|24.407976|||[]|||10|[]|osm:node/3847206561
Дом садовника|архитектура|Волковысский район||53.282626|24.410072|||[]|||20|[]|osm:node/3847206566
Дом жилой усадьбы Потоцких (нач.20в.)|архитектура|Волковысский район||53.284560|24.418396|||[]|||20|[]|osm:node/3847206596
Бюст Багратиона|памятник|Волковысский район||53.161530|24.473568|||[]|||10|[]|osm:node/3847603390
Нижний храм мучеников Антония, Иоанна и Евстафия Виленских (2000)|церковь|Волковысский район||53.168588|24.444407|||[]|||20|[]|osm:node/3847603419
Усадьба (19в.)|замок|Зельвенский район||53.188240|25.026793|||[]|||40|[]|osm:node/3848872483
Усадебный дом «Грибово» (19в.)|архитектура|Зельвенский район||53.096345|25.269602|||[]|||20|[]|osm:node/3849003349
Аустерия (18в.)|архитектура|Зельвенский район||53.094135|25.321144|||[]|||20|[]|osm:node/3849264477
Госпиталь (18в)|архитектура|Зельвенский район||53.097759|25.329373|||[]|||20|[]|osm:node/3849264478
Жилой корпус монастыря бенедиктинок (1801)|архитектура|Зельвенский район||53.086792|25.322796|||[]|||20|[]|osm:node/3849264479
Жилой корпус монастыря бернардинцев (1749)|архитектура|Зельвенский район||53.091616|25.321107|||[]|||20|[]|osm:node/3849264483
Мемориал жертвам фашизма|памятник|Зельвенский район||53.108796|25.345968|||[]|||10|[]|osm:node/3849264508
Церковь христиан-баптистов|костёл|Зельвенский район||53.087779|25.320580|||[]|||20|[]|osm:node/3849264521
Усадебный дом Пусловских|замок|Зельвенский район||53.088654|25.396913|||[]|||40|[]|osm:node/3849354373
Жилой корпус монастыря иезуитов (нач.20в.)|архитектура|Зельвенский район||53.077568|25.392850|||[]|||20|[]|osm:node/3849354390
Братская могила русских солдат 1-й мировой войны (1915)|памятник|Дятловский район||53.237138|25.573474|||[]|||10|[]|osm:node/3849827300
Братская могила 12 мирных жителей убитых фашистами на Рождество (25.12.1942г.)|памятник|Зельвенский район||52.835514|25.165176|||[]|||10|[]|osm:node/3851522104
Памятник польским содатам Слуцкого пехотного полка|памятник|Дятловский район||53.028224|25.755848|||[]|||10|[]|osm:node/3851656926
Братская могила 12тыс.793 военнопленных|памятник|Дятловский район||53.027632|25.746236|||[]|||10|[]|osm:node/3851656927
Братская могила 10 воинов|памятник|Дятловский район||53.028564|25.737880|||[]|||10|[]|osm:node/3851656936
Тартаки|архитектура|Дятловский район||53.004003|25.714669|||[]|||20|[]|osm:node/3851656943
Мемориальный камень в честь 125-летия битвы под Миловидами|памятник|Дятловский район||52.882286|25.778767|||[]|||10|[]|osm:node/3851785491
Памятник российским солдатам, погибшим в Битве под Миловидами|памятник|Дятловский район||52.882532|25.777977|||[]|||10|[]|osm:node/3851785492
Мемориальный камень участникам восстания 1863-64 гг.|памятник|Дятловский район||52.863411|26.131015|||[]|||10|[]|osm:node/3851983060
Мемориальный знак Яну Чечоту|памятник|Дятловский район||52.854319|26.144965|||[]|||10|[]|osm:node/3852080037
Городище|архитектура|Кореличский район||52.945655|26.322236|||[]|||20|[]|osm:node/3852132233
Место, где ждали солдат, не вернувшихся с войн 1905 и 1914 гг.|памятник|Кореличский район||52.891411|26.538622|||[]|||10|[]|osm:node/3852603930
Братская могила|памятник|Кореличский район||52.874603|26.547950|||[]|||10|[]|osm:node/3852604061
Церковь Рождества Пресвятой Богородицы|архитектура|Сморгонский район|Палачаны|54.227078|26.720105|||[]|||20|[]|osm:node/3862229077
Усадьба|замок|Гродненский район||53.644112|23.916764|||[]|||40|[]|osm:node/3871002330
Церковь евангельских христиан-баптистов|костёл|Сморгонский район||54.090692|26.525435|||[]|||20|[]|osm:node/3874555874
художнику Никодиму Силивановичу|памятник|Сморгонский район||54.547378|26.830924|||[]|||10|[]|osm:node/3883893361
Культавыя камяні з ямкамі|архитектура|Сморгонский район||54.547446|26.831022|||[]|||20|[]|osm:node/3883893362
Мемориальный комплекс «Обоз»|памятник|Сморгонский район||54.540644|26.739575|||[]|||10|[]|osm:node/3883972460
Перунов камень (Мишутский)|архитектура|Сморгонский район||54.538228|26.623251|||[]|||20|[]|osm:node/3883995806
Альпинарий|архитектура|Кореличский район||53.225400|26.692758|||[]|||20|[]|osm:node/3887698544
ДОТ|замок|Гродненский район||53.849318|23.597633|||[]|||40|[]|osm:node/3888784907
ДОТ 39|замок|Гродненский район||53.850669|23.612023|||[]|||40|[]|osm:node/3888803527
Валун «Расколотый камень»|архитектура|Дятловский район||53.091900|25.446004|||[]|||20|[]|osm:node/3888822257
поэту Круппу А.Я.|памятник|Кореличский район||53.439298|26.764753|||[]|||10|[]|osm:node/3888944045
Дуб Мицкевича (часть дерева)|архитектура|Кореличский район||53.655074|26.171833|||[]|||20|[]|osm:node/3889043741
Кузница|архитектура|Щучинский район||53.596243|24.959706|||[]|||20|[]|osm:node/3889218682
Склеп|архитектура|Щучинский район||53.599829|24.956099|||[]|||20|[]|osm:node/3889228707
Паровоз|памятник|Лидский район||53.882712|25.293782|||[]|||10|[]|osm:node/3890265434
Мельница водяная (руины)|замок|Гродненский район||53.673463|23.777730|||[]|||40|[]|osm:node/3891451678
ДОТ|замок|Гродненский район||53.864321|23.638621|||[]|||40|[]|osm:node/3891701595
ДОТ|замок|Гродненский район||53.867527|23.653326|||[]|||40|[]|osm:node/3891702460
ДОТ|замок|Гродненский район||53.865521|23.646039|||[]|||40|[]|osm:node/3891703230
Пуцевичи|архитектура|Новогрудский район||53.601797|25.773517|||[]|||20|[]|osm:node/3891977704
Руины водяной мельницы|замок|Сморгонский район||54.666661|26.780693|||[]|||40|[]|osm:node/3898572063
Вялікі камень дварэцкі|архитектура|Сморгонский район||54.670735|26.732314|||[]|||20|[]|osm:node/3898601622
Адаму Гурыновічу|памятник|Сморгонский район||54.691688|26.671207|||[]|||10|[]|osm:node/3899000770
Переправа 1941-1945|памятник|Сморгонский район||54.508665|26.443401|||[]|||10|[]|osm:node/3907040652
ОППК №07|архитектура|Кореличский район||53.419730|26.931269|||[]|||20|[]|osm:node/3908044826
Часовня XVIII в.|архитектура|Сморгонский район||54.458954|26.664765|||[]|||20|[]|osm:node/3908575941
Часовня придорожная|архитектура|Сморгонский район|Новае Сяло|54.483761|26.622591|||[]|||20|[]|osm:node/3908624420
Памятник Михаилу Клеофасу Огинскому|памятник|Сморгонский район||54.307566|26.828602|||[]|||10|[]|osm:node/3913229330
Руины часовни|архитектура|Сморгонский район||54.496081|26.704179|||[]|||20|[]|osm:node/3915367566
Орудийно-пулемётный полукапонир|архитектура|Кореличский район||52.991699|26.930104|||[]|||20|[]|osm:node/3930215725
Орудийно-пулемётный полукапонир|архитектура|Кореличский район||52.993111|26.933634|||[]|||20|[]|osm:node/3930215726
Орудийно-пулемётный полукапонир|архитектура|Кореличский район||52.962245|26.927414|||[]|||20|[]|osm:node/3930216456
Серп и Молот|памятник|Щучинский район||53.635449|24.890989|||[]|||10|[]|osm:node/3952513211
Поддельная могила Витовта|памятник|Сморгонский район||54.436958|26.243234|||[]|||10|[]|osm:node/3953049718
Валун «Седловой камень Занарочанский»|архитектура|Сморгонский район||54.794767|26.790417|||[]|||20|[]|osm:node/3958823742
Орудийно-пулемётный полукапонир|архитектура|Кореличский район||53.024524|26.862786|||[]|||20|[]|osm:node/3961770555
Орудийно-пулемётный полукапонир|архитектура|Кореличский район||53.024306|26.865735|||[]|||20|[]|osm:node/3961770556
Орудийно-пулемётный полукапонир|архитектура|Кореличский район||53.018862|26.867676|||[]|||20|[]|osm:node/3961770659
Орудийно-пулемётный полукапонир|архитектура|Кореличский район||53.026288|26.913086|||[]|||20|[]|osm:node/3961770660
Орудийно-пулемётный полукапонир|архитектура|Кореличский район||52.984690|26.941478|||[]|||20|[]|osm:node/3961770661
Орудийно-пулемётный полукапонир|архитектура|Кореличский район||52.943368|26.978597|||[]|||20|[]|osm:node/3961770663
Орудийно-пулемётный полукапонир|архитектура|Кореличский район||52.939014|26.977726|||[]|||20|[]|osm:node/3961770664
Орудийно-пулемётный полукапонир|архитектура|Кореличский район||52.993422|26.930760|||[]|||20|[]|osm:node/3961770665
Орудийно-пулемётный полукапонир|архитектура|Кореличский район||53.017226|26.900021|||[]|||20|[]|osm:node/3961770666
Орудийно-пулемётный полукапонир|архитектура|Кореличский район||53.027626|26.911439|||[]|||20|[]|osm:node/3961770668
Орудийно-пулемётный полукапонир|архитектура|Кореличский район||53.018756|26.894280|||[]|||20|[]|osm:node/3961770672
Орудийно-пулемётный полукапонир|архитектура|Кореличский район||53.022507|26.862418|||[]|||20|[]|osm:node/3961770673
Орудийно-пулемётный полукапонир|архитектура|Кореличский район||53.019757|26.857659|||[]|||20|[]|osm:node/3961770674
Орудийно-пулемётный полукапонир|архитектура|Кореличский район||53.018510|26.847713|||[]|||20|[]|osm:node/3961770675
Орудийно-пулемётный полукапонир|архитектура|Кореличский район||53.020370|26.847223|||[]|||20|[]|osm:node/3961770676
Орудийно-пулемётный полукапонир|архитектура|Кореличский район||53.031944|26.843232|||[]|||20|[]|osm:node/3961770677
Орудийно-пулемётный полукапонир|архитектура|Кореличский район||53.033915|26.846186|||[]|||20|[]|osm:node/3961770691
Орудийно-пулемётный полукапонир|архитектура|Кореличский район||53.042076|26.844513|||[]|||20|[]|osm:node/3961926273
Орудийно-пулемётный полукапонир|архитектура|Кореличский район||53.043307|26.848771|||[]|||20|[]|osm:node/3961926274
Орудийно-пулемётный полукапонир|архитектура|Кореличский район||53.046345|26.863025|||[]|||20|[]|osm:node/3961926294
Орудийно-пулемётный полукапонир|архитектура|Кореличский район||53.054754|26.869781|||[]|||20|[]|osm:node/3961926295
Орудийно-пулемётный полукапонир|архитектура|Кореличский район||53.055924|26.866981|||[]|||20|[]|osm:node/3961926296
Орудийно-пулемётный полукапонир|архитектура|Кореличский район||53.058011|26.876409|||[]|||20|[]|osm:node/3961926297
Орудийно-пулемётный полукапонир|архитектура|Кореличский район||53.046365|26.903838|||[]|||20|[]|osm:node/3961926302
Орудийно-пулемётный полукапонир|архитектура|Кореличский район||53.057437|26.884342|||[]|||20|[]|osm:node/3961926332
Орудийно-пулемётный полукапонир|архитектура|Кореличский район||53.056703|26.899306|||[]|||20|[]|osm:node/3961926333
Орудийно-пулемётный полукапонир|архитектура|Кореличский район||53.063399|26.875156|||[]|||20|[]|osm:node/3961926334
Орудийно-пулемётный полукапонир|архитектура|Кореличский район||53.066174|26.881866|||[]|||20|[]|osm:node/3961926335
Орудийно-пулемётный полукапонир|архитектура|Кореличский район||53.068686|26.883707|||[]|||20|[]|osm:node/3961926336
Орудийно-пулемётный полукапонир|архитектура|Кореличский район||53.093780|26.919696|||[]|||20|[]|osm:node/3961926337
Капанір першай сусветнай вайны|замок|Кореличский район||53.122284|26.950124|||[]|||40|[]|osm:node/3961926338
Курганы|архитектура|Кореличский район||53.127275|26.955702|||[]|||20|[]|osm:node/3961931188
городище (проверить)|архитектура|Кореличский район||53.128401|26.960338|||[]|||20|[]|osm:node/3961963369
Панский усадебный дом|архитектура|Кореличский район||53.127832|26.883993|||[]|||20|[]|osm:node/3961963385
Орудийно-пулемётный полукапонир|архитектура|Кореличский район||53.170162|26.862618|||[]|||20|[]|osm:node/3961963388
Орудийно-пулемётный полукапонир|архитектура|Кореличский район||53.171736|26.863924|||[]|||20|[]|osm:node/3961963389
Орудийно-пулемётный полукапонир|архитектура|Кореличский район||53.172720|26.867077|||[]|||20|[]|osm:node/3961963390
Орудийно-пулемётный полукапонир|архитектура|Кореличский район||53.171508|26.871283|||[]|||20|[]|osm:node/3961963391
Орудийно-пулемётный полукапонир|архитектура|Кореличский район||53.156761|26.918560|||[]|||20|[]|osm:node/3961963392
Орудийно-пулемётный полукапонир|архитектура|Кореличский район||53.158911|26.917832|||[]|||20|[]|osm:node/3961963393
Орудийно-пулемётный полукапонир|архитектура|Кореличский район||53.152233|26.922904|||[]|||20|[]|osm:node/3961963394
Орудийно-пулемётный полукапонир|архитектура|Кореличский район||53.168335|26.917881|||[]|||20|[]|osm:node/3961963395
Орудийно-пулемётный полукапонир|архитектура|Кореличский район||53.169609|26.917746|||[]|||20|[]|osm:node/3961963396
Орудийно-пулемётный полукапонир|архитектура|Кореличский район||53.193493|26.888199|||[]|||20|[]|osm:node/3962006392
Орудийно-пулемётный полукапонир|архитектура|Кореличский район||53.203056|26.887145|||[]|||20|[]|osm:node/3962006393
Орудийно-пулемётный полукапонир|архитектура|Кореличский район||53.203711|26.888487|||[]|||20|[]|osm:node/3962006394
Орудийно-пулемётный полукапонир|архитектура|Кореличский район||53.207383|26.896549|||[]|||20|[]|osm:node/3962006395
Орудийно-пулемётный полукапонир|архитектура|Кореличский район||53.241941|26.922828|||[]|||20|[]|osm:node/3962006419
Орудийно-пулемётный полукапонир|архитектура|Кореличский район||53.242651|26.922808|||[]|||20|[]|osm:node/3962006420
Орудийно-пулемётный полукапонир|архитектура|Кореличский район||53.274572|26.961271|||[]|||20|[]|osm:node/3962006430
Орудийно-пулемётный полукапонир|архитектура|Кореличский район||53.275440|26.961706|||[]|||20|[]|osm:node/3962006431
Орудийно-пулемётный полукапонир|архитектура|Кореличский район||53.281984|26.966980|||[]|||20|[]|osm:node/3962006434
Орудийно-пулемётный полукапонир|архитектура|Кореличский район||53.294300|26.946493|||[]|||20|[]|osm:node/3962006435
Орудийно-пулемётный полукапонир|архитектура|Кореличский район||53.295548|26.939144|||[]|||20|[]|osm:node/3962006436
Орудийно-пулемётный полукапонир|архитектура|Кореличский район||53.296639|26.939566|||[]|||20|[]|osm:node/3962006437
Орудийно-пулемётный полукапонир|архитектура|Кореличский район||53.296203|26.945012|||[]|||20|[]|osm:node/3962006438
Орудийно-пулемётный полукапонир|архитектура|Кореличский район||53.307520|26.970154|||[]|||20|[]|osm:node/3962006439
Орудийно-пулемётный полукапонир|архитектура|Кореличский район||53.305279|26.987636|||[]|||20|[]|osm:node/3962006440
В память о погибших в 1941-1944 гг.|памятник|Сморгонский район||54.485167|26.936921|||[]|||10|[]|osm:node/3970858687
Камень с ямками|архитектура|Сморгонский район||54.595579|26.876628|||[]|||20|[]|osm:node/3995354972
Валун «Каменный вол» кузьмичевский|архитектура|Сморгонский район||54.607008|26.946919|||[]|||20|[]|osm:node/3995354975
Каменны крыж|архитектура|Сморгонский район||54.607406|26.946754|||[]|||20|[]|osm:node/3995354976
Пристанька Якуба Коласа|архитектура|Кореличский район||53.420572|26.881564|||[]|||20|[]|osm:node/3997943876
Памятник польским солдатам, погибшим в ходе советско-польской войны 1919-1920 гг.|памятник|Сморгонский район||54.490613|26.899748|||[]|||10|[]|osm:node/3999457462
Скульптура «Падкова »|архитектура|Сморгонский район||54.488136|26.892168|||[]|||20|[]|osm:node/3999463666
Первый Храм|памятник|Щучинский район||53.511137|24.834212|||[]|||10|[]|osm:node/4005474599
Доска почета|архитектура|Сморгонский район||54.488663|26.913273|||[]|||20|[]|osm:node/4030146765
Дерево дружбы|памятник|Сморгонский район||54.487914|26.915076|||[]|||10|[]|osm:node/4035641785
АПК №02|архитектура|Кореличский район||53.630494|26.918660|||[]|||20|[]|osm:node/4086758504
ОППК №3|архитектура|Кореличский район||53.633117|26.909398|||[]|||20|[]|osm:node/4086758505
ОППК №6|архитектура|Кореличский район||53.623060|26.916948|||[]|||20|[]|osm:node/4086758506
АПК №01|архитектура|Кореличский район||53.629725|26.949376|||[]|||20|[]|osm:node/4086758507
АПК №04|архитектура|Кореличский район||53.603350|26.951651|||[]|||20|[]|osm:node/4086758508
Су-24|памятник|Волковысский район||53.291196|24.398101|||[]|||10|[]|osm:node/4097434486
Хозпостройка 19в.|архитектура|Мостовский район||53.359392|24.313640|||[]|||20|[]|osm:node/4100265248
Городище|архитектура|Берестовицкий район||53.408226|23.756197|||[]|||20|[]|osm:node/4103382330
Самолёт-памятник МиГ-29УБ|памятник|Дятловский район||53.122482|26.038214|||[]|||10|[]|osm:node/4104465894
Братская могила 2 тысяч жителей убитых фашистами в июне 1942г.|памятник|Зельвенский район||53.252405|24.923510|||[]|||10|[]|osm:node/4105584957
Часовенка придорожная со скульптурой Божьей Матери (1883)|архитектура|Ивьевский район||54.130845|25.765288|||[]|||20|[]|osm:node/4107794354
Пилон юго-восточный (XIX в.)|архитектура|Ивьевский район||54.126454|25.768867|||[]|||20|[]|osm:node/4107794356
Пилон юго-западный (XIX в.)|архитектура|Ивьевский район||54.127128|25.760480|||[]|||20|[]|osm:node/4107794357
Пилон северо-западный (XIX в.)|архитектура|Ивьевский район||54.133652|25.762778|||[]|||20|[]|osm:node/4107794358
Крест (1929)|памятник|Ивьевский район||54.133499|25.763427|||[]|||10|[]|osm:node/4107794359
Пилон северо-восточный (XIX в.)|архитектура|Ивьевский район||54.133127|25.774966|||[]|||20|[]|osm:node/4107794360
Братская могила 26 воинов и партизан|памятник|Ивьевский район||54.131936|25.765305|||[]|||10|[]|osm:node/4107798573
50 летию советской власти|памятник|Ивьевский район||54.126962|25.758921|||[]|||10|[]|osm:node/4107840062
Памятник павшим салдатам Второй мировой Войны|памятник|Ивьевский район||54.032791|25.925507|||[]|||10|[]|osm:node/4108053751
Воин|памятник|Новогрудский район||53.755987|25.833213|||[]|||10|[]|osm:node/4108351546
Воин с автоматом|памятник|Новогрудский район||53.786590|25.824849|||[]|||10|[]|osm:node/4109921912
Придорожная каплица (1-я пол. XXв.)|архитектура|Ошмянский район||54.422091|26.062841|||[]|||20|[]|osm:node/4110077893
Городище|архитектура|Сморгонский район||54.741947|26.626766|||[]|||20|[]|osm:node/4111313345
Тамара Дудко|памятник|Сморгонский район||54.299035|26.881852|||[]|||10|[]|osm:node/4138144432
Вялікі камень лыцавіцкі|архитектура|Сморгонский район||54.714336|26.643288|||[]|||20|[]|osm:node/4140775657
Часовня: 1415 (1990 г.)|памятник|Сморгонский район||54.332396|26.597736|||[]|||10|[]|osm:node/4149678491
Братская могила воинов советской армии и партизан|памятник|Ивьевский район||53.983244|26.303042|||[]|||10|[]|osm:node/4176095637
Блиндаж 1-ой мировой войны|архитектура|Сморгонский район||54.437763|26.345343|||[]|||20|[]|osm:node/4178307305
Блиндаж 1-ой мировой войны|архитектура|Сморгонский район||54.446292|26.359180|||[]|||20|[]|osm:node/4178307306
Блиндаж 1-ой мировой войны|архитектура|Сморгонский район||54.447405|26.360588|||[]|||20|[]|osm:node/4178307307
Разрушенный блиндаж 1-ой мировой войны|замок|Сморгонский район||54.449389|26.357751|||[]|||40|[]|osm:node/4178307308
Блиндаж 1-ой мировой войны|архитектура|Сморгонский район||54.452298|26.363161|||[]|||20|[]|osm:node/4178307309
Орудийно-пулемётный полукапонир|архитектура|Кореличский район||53.173744|26.879730|||[]|||20|[]|osm:node/4217209417
Плебания|архитектура|Островецкий район||54.471390|26.085251|||[]|||20|[]|osm:node/4225568716
ДОТ|замок|Гродненский район||53.738085|23.810536|||[]|||40|[]|osm:node/4226883366
Бровар (XIX в.)|архитектура|Гродненский район||53.849027|23.703206|||[]|||20|[]|osm:node/4230438363
Усадебно-парковый комплекс Гурских «Святск Гурских» (XIX-нач. XX вв.)|архитектура|Гродненский район||53.848443|23.700219|||[]|||20|[]|osm:node/4230438506
Гродненский иезуитский коллегиум|костёл|Гродненский район|Гродна|53.678197|23.831519|||[]|||20|[]|osm:node/4230956795
Тонкосуконный комбинат Шерешевского|архитектура|Гродненский район||53.672907|23.829379|||[]|||20|[]|osm:node/4231015589
Жилой дом|архитектура|Щучинский район|Мажэйкава|53.722015|24.987212|||[]|||20|[]|osm:node/4235131205
Конюшня|архитектура|Щучинский район||53.721987|24.985425|||[]|||20|[]|osm:node/4235132098
Дворец Ромеров (XIX в.)|архитектура|Щучинский район||53.722426|24.986386|||[]|||20|[]|osm:node/4235135892
Маслобойня|архитектура|Щучинский район||53.722263|24.985744|||[]|||20|[]|osm:node/4235155389
Железнодорожный вокзал Гудагай (нач. XX в.)|архитектура|Островецкий район||54.596293|25.892893|||[]|||20|[]|osm:node/4235168195
Камень желаний|архитектура|Кореличский район||53.223915|26.693409|||[]|||20|[]|osm:node/4264440244
Братская могила советских воинов|памятник|Дятловский район||53.146461|25.713394|||[]|||10|[]|osm:node/4265998539
Мемориальный камень на месте битвы 1660 г.|памятник|Дятловский район||53.145418|25.737171|||[]|||10|[]|osm:node/4266013189
Дуб желаний|архитектура|Сморгонский район||54.497504|26.741495|||[]|||20|[]|osm:node/4266331253
Солдатам погибшим в ВОВ|памятник|Кореличский район||53.548071|26.815673|||[]|||10|[]|osm:node/4282004889
Музей Первой мировой войны|музей|Сморгонский район||54.542597|26.726477|||[]|||40|[]|osm:node/4292767749
Деревянный крест|архитектура|Сморгонский район||54.676766|26.359231|||[]|||20|[]|osm:node/4295708784
памятник Петькану Станиславу Станиславовичу 27.08.1931-31.03.2015|памятник|Новогрудский район||53.861224|25.979865|||[]|||10|[]|osm:node/4296714190
Гродненский государственный историко-археологический музей|музей|Гродненский район|Гродна|53.676021|23.825107|||[]|Tu-Su 10:00-18:00||40|[]|osm:node/4301841763
Место гибели Героя Советского Союза Гнидаша Кузьмы Савельевича и радистки Клары Давидюк|памятник|Дятловский район||53.164818|25.548384|||[]|||10|[]|osm:node/4305154433
Чапаев|памятник|Кореличский район||53.347749|26.259689|||[]|||10|[]|osm:node/4307786908
Колдычевский лагерь смерти|памятник|Новогрудский район||53.281723|26.065161|||[]|||10|[]|osm:node/4307822546
В.И. Ленин с книгой|памятник|Зельвенский район||53.096566|25.322691|||[]|||10|[]|osm:node/4310515290
Место массового расстрела еврейского населения немецко-фашистскими захватчиками|памятник|Дятловский район||53.312995|25.715666|||[]|||10|[]|osm:node/4319070290
Грицевец С.И.|памятник|Дятловский район||53.131015|26.011983|||[]|||10|[]|osm:node/4319362357
Памятный знак в честь 600-летия Грюнвальдской битвы и воинов Волковысской хоругви|памятник|Волковысский район||53.161779|24.473368|||[]|||10|[]|osm:node/4323139599
Кастусь Калиновский|памятник|Свислочский район||53.066114|23.879481|||[]|||10|[]|osm:node/4323219093
Кладбище|храм|Сморгонский район||54.485039|26.979380|||[]|||20|[]|osm:node/4331346134
Великой отечественной войне|памятник|Ошмянский район||54.441968|25.992242|||[]|||10|[]|osm:node/4338732090
Памятник пограничникам|памятник|Гродненский район||53.857501|23.561838|||[]|||10|[]|osm:node/4347723674
Место гибели лейтенанта Виктора Усова|памятник|Гродненский район||53.857262|23.561706|||[]|||10|[]|osm:node/4347723675
Санктуарий|костёл|Кореличский район||53.962119|26.718102|||[]|||20|[]|osm:node/4349743265
Мемарыял «Памяці былых вёсак»|памятник|Сморгонский район||54.530976|26.942611|||[]|||10|[]|osm:node/4350329286
Здание дворцово-паркового ансамбля, 1803-1806 г.|архитектура|Сморгонский район||54.088671|26.527756|||[]|||20|[]|osm:node/4359025393
Мемориальный комплекс ПМВ|памятник|Сморгонский район||54.490590|26.420309|||[]|||10|[]|osm:node/4360761108
Воин крылатого|памятник|Сморгонский район||54.490564|26.420204|||[]|||10|[]|osm:node/4360761110
Памятник погибшим солдатам|памятник|Кореличский район||52.963369|26.468089|||[]|||10|[]|osm:node/4363561717
500-т летию основания агрогородка Синявка|памятник|Кореличский район||52.963647|26.474619|||[]|||10|[]|osm:node/4363561718
Братское захоронение, умерших в госпитале 1944-1945|архитектура|Зельвенский район||53.082226|25.367242|||[]|||20|[]|osm:node/4366360593
Аллея Матери|архитектура|Дятловский район||53.470049|25.414014|||[]|||20|[]|osm:node/4367374091
Мельница|замок|Дятловский район||53.279073|25.503866|||[]|||40|[]|osm:node/4381041123
Часовня Пресвятой Богородицы|костёл|Дятловский район||53.190492|25.491539|||[]|||20|[]|osm:node/4387310336
Дом Зенона Пазняка|архитектура|Ивьевский район||54.095620|25.753299|||[]|||20|[]|osm:node/4412162492
Застройка XIX-XX в.|архитектура|Ивьевский район||53.932755|25.769279|||[]|||20|[]|osm:node/4412235793
Помнік паўстанцам 1863-84 гг.|памятник|Сморгонский район||54.556081|26.961939|||[]|||10|[]|osm:node/4416407463
Руіны стэлы паўстанцам 1863 г.|памятник|Сморгонский район||54.559072|26.971841|||[]|||10|[]|osm:node/4416914671
Памятная доска Льву Альперовичу|памятник|Сморгонский район||54.554711|26.963202|||[]|||10|[]|osm:node/4416918138
Руины водяной мельницы|замок|Сморгонский район||54.455712|26.670936|||[]|||40|[]|osm:node/4419110305
Медведь-пивная бочка|памятник|Лидский район||53.894223|25.302757|||[]|||10|[]|osm:node/4423310317
Часовня придорожная|архитектура|Сморгонский район||54.613991|26.611594|||[]|||20|[]|osm:node/4424346735
Часовня придорожная|архитектура|Сморгонский район||54.584198|26.620717|||[]|||20|[]|osm:node/4424349304
Помнік партызанскай брыгадзе|памятник|Сморгонский район||54.664505|26.852739|||[]|||10|[]|osm:node/4439363544
Мемарыял партызанскай брыгадзе «За Савецкую Беларусь»|памятник|Сморгонский район||54.663691|26.852995|||[]|||10|[]|osm:node/4439363552
Мемориал жертвам Холокоста|памятник|Сморгонский район||54.563333|26.956208|||[]|||10|[]|osm:node/4465478316
Автономная Церковь евангельских христиан-баптистов|костёл|Гродненский район||53.692840|23.815149|||[]|||20|[]|osm:node/4466320309
В честь конституции Польши|памятник|Островецкий район||54.794437|25.856781|||[]|||10|[]|osm:node/4471589162
Памятник убитым католикам|памятник|Зельвенский район||53.148645|24.821088|||[]|||10|[]|osm:node/4471768780
400-летию Вилейки|памятник|Сморгонский район||54.487419|26.913910|||[]|||10|[]|osm:node/4487015053
Памятник воинам интернационалистам|памятник|Сморгонский район||54.489090|26.917093|||[]|||10|[]|osm:node/4487020793
Руины памятника участникам восстания 1863-1864 гг.|памятник|Островецкий район||54.743070|25.857827|||[]|||10|[]|osm:node/4492280591
Вялікі камень дзядзіцкі|архитектура|Сморгонский район|Дзядзічы|54.593822|26.891105|||[]|||20|[]|osm:node/4498468818
Эйфелева башня|архитектура|Зельвенский район||53.092591|25.319056|||[]|||20|[]|osm:node/4502594278
Курган Славы|памятник|Кореличский район||53.040724|26.254903|||[]|||10|[]|osm:node/4502811482
Часовня придорожная|архитектура|Сморгонский район||54.585505|26.632906|||[]|||20|[]|osm:node/4513948120
Часовня придорожная|архитектура|Сморгонский район||54.603011|26.633115|||[]|||20|[]|osm:node/4513948157
Часовня придорожная|архитектура|Сморгонский район||54.622432|26.576318|||[]|||20|[]|osm:node/4514007007
Часовня придорожная|архитектура|Сморгонский район||54.632706|26.558972|||[]|||20|[]|osm:node/4514007036
Часовня придорожная|архитектура|Сморгонский район||54.636071|26.557924|||[]|||20|[]|osm:node/4514007041
Часовня придорожная|архитектура|Сморгонский район||54.619154|26.548298|||[]|||20|[]|osm:node/4514007042
38 землякам погибшим в ВОВ|памятник|Берестовицкий район||53.372306|24.176793|||[]|||10|[]|osm:node/4519525866
Ленин|памятник|Щучинский район||53.730801|24.531568|||[]|||10|[]|osm:node/4521963594
Городище Валькевичское|архитектура|Зельвенский район||53.183981|24.874599|||[]|||20|[]|osm:node/4532600042
Памятник евреям погибшим во времена 2-й мировой войны|памятник|Щучинский район||53.785046|24.849930|||[]|||10|[]|osm:node/4541031190
Братское захоронение жителей деревни Бережки|памятник|Зельвенский район||53.139309|24.867207|||[]|||10|[]|osm:node/4541367782
Памятник матери|памятник|Ивьевский район||54.032970|25.925041|||[]|||10|[]|osm:node/4575054490
Памятный знак|памятник|Лидский район||53.899219|25.302670|||[]|||10|[]|osm:node/4594622095
Неизвестный солдат|памятник|Лидский район||53.892304|25.315095|||[]|||10|[]|osm:node/4597931676
Брама-колокольня|архитектура|Зельвенский район||53.215297|24.681691|||[]|||20|[]|osm:node/4597975379
Церковь евангельских христиан-баптистов «Свет жизни»|костёл|Кореличский район||53.406249|26.835451|||[]|||20|[]|osm:node/4598463690
Орудие-памятник ЗиС-3|памятник|Дятловский район||53.112883|25.969067|||[]|||10|[]|osm:node/4635080835
Памятная доска жертвам холокоста|памятник|Дятловский район||53.148610|26.021063|||[]|||10|[]|osm:node/4636953080
Памятник жертвам барановичского гетто|памятник|Дятловский район||53.129695|26.013106|||[]|||10|[]|osm:node/4636953083
Памятник жертвам эпидемий 20-е годы ХХ в.|памятник|Дятловский район||53.118071|26.015095|||[]|||10|[]|osm:node/4636953092
Часовня Петра и Павла|церковь|Гродненский район||53.748892|24.211314|||[]|||20|[]|osm:node/4659548518
Помнік памяці ахвяр гвалту 1937-1953|костёл|Дятловский район||53.128979|26.025204|||[]|||20|[]|osm:node/4668102376
Самолёт-памятник Ту-22|памятник|Дятловский район||53.123723|26.039901|||[]|||10|[]|osm:node/4676288292
Самолёт-памятник Пе-8|памятник|Дятловский район||53.123191|26.040534|||[]|||10|[]|osm:node/4676288293
Памятник Яну Янавичу Фогелю|памятник|Кореличский район||53.500804|26.094501|||[]|||10|[]|osm:node/4698737197
Ивьевский музей национальных культур|музей|Ивьевский район|Іўе|53.928768|25.769092|||[]|Tu-Su 09:00-18:00||40|[]|osm:node/4732455225
Мемориал памяти бойцов Великой Отечественной войны|памятник|Сморгонский район||54.052837|26.576170|||[]|||10|[]|osm:node/4760232828
Деревянный крест|архитектура|Сморгонский район||54.678370|26.352254|||[]|||20|[]|osm:node/4772154127
Памятник воинам 433 стрелкового полка|памятник|Берестовицкий район||53.464723|24.285182|||[]|||10|[]|osm:node/4782332108
Памятник воинам-интернационалистам|памятник|Кореличский район||52.759028|26.428170|||[]|||10|[]|osm:node/4795176327
Воинское захоронение №2462|памятник|Гродненский район||53.661837|23.770231|||[]|||10|[]|osm:node/4798677890
Агаленне «Папоўцы»|архитектура|Сморгонский район||54.576993|26.704901|||[]|||20|[]|osm:node/4806425641
Правый кофр|замок|Гродненский район||53.738240|23.813607|||[]|||40|[]|osm:node/4816377703
Камень в память об юбилее католического прихода в Крево|памятник|Сморгонский район||54.311166|26.284539|||[]|||10|[]|osm:node/4816617377
Жертвам Второй мировой войны|памятник|Свислочский район||52.906476|24.032543|||[]|||10|[]|osm:node/4823346137
Дворцовый комплекс князей Сапег|замок|Зельвенский район|Ружаны|52.860661|24.895943|||[]|||40|[]|osm:node/4841544337
Дот|архитектура|Ивьевский район||54.141368|26.183634|||[]|||20|[]|osm:node/4844145223
Усадебный дом Романы|архитектура|Сморгонский район||54.031747|26.662367|||[]|||20|[]|osm:node/4845501921
Адам Мицкевич|памятник|Новогрудский район||53.600926|25.825756|||[]|||10|[]|osm:node/4845975287
11 монахиням-назаритянкам|памятник|Новогрудский район||53.601173|25.830012|||[]|||10|[]|osm:node/4845976511
Колесо истории Ивье|архитектура|Ивьевский район||53.931965|25.766813|||[]|||20|[]|osm:node/4853065223
Сыроварня (руины)|архитектура|Ивьевский район|Бянюны|54.236678|26.173897|||[]|||20|[]|osm:node/4854131921
Орудийно-пулемётный полукапонир|архитектура|Кореличский район||52.955286|26.919455|||[]|||20|[]|osm:node/4854143953
Орудийно-пулемётный полукапонир|архитектура|Кореличский район||52.939246|26.976775|||[]|||20|[]|osm:node/4856066322
Культовый валун с ямками|архитектура|Сморгонский район||54.482343|26.618386|||[]|||20|[]|osm:node/4862650817
Культовый валун с ямками|архитектура|Сморгонский район||54.481411|26.617088|||[]|||20|[]|osm:node/4862650818
Вялікі валун навасельскі|архитектура|Сморгонский район||54.487829|26.611922|||[]|||20|[]|osm:node/4862650819
Капліца прыдарожная (1907 г.)|архитектура|Сморгонский район||54.539563|26.558781|||[]|||20|[]|osm:node/4862720227
Часовня придорожная (ок. 1990 гг.)|архитектура|Сморгонский район||54.550714|26.556367|||[]|||20|[]|osm:node/4862720228
Руины хозяйственной каменицы|архитектура|Сморгонский район||54.557130|26.555520|||[]|||20|[]|osm:node/4862720254
Культовый валун с ямками|архитектура|Сморгонский район||54.560462|26.560384|||[]|||20|[]|osm:node/4862720260
Вольер для передержки оленьих|архитектура|Кореличский район||53.975057|26.377456|||[]|||20|[]|osm:node/4869251711
Вольер|архитектура|Кореличский район||53.944859|26.563580|||[]|||20|[]|osm:node/4869778831
Культовый валун с ямками|архитектура|Сморгонский район||54.538934|26.561078|||[]|||20|[]|osm:node/4890567719
Часовня придорожная|архитектура|Сморгонский район||54.600830|26.612999|||[]|||20|[]|osm:node/4890655252
Вечный огонь|памятник|Лидский район||53.892340|25.315118|||[]|||10|[]|osm:node/4893451726
Братская могила|памятник|Лидский район||53.899789|25.294875|||[]|||10|[]|osm:node/4894093413
Орудийно-пулеметный полукомпонир 1916г.|замок|Дятловский район||52.838211|26.187136|||[]|||40|[]|osm:node/4896036966
Орудийно-пулеметный полукомпонир 1916г.|замок|Дятловский район||52.839025|26.190172|||[]|||40|[]|osm:node/4896036967
Орудийно-пулеметный полукомпонир 1916г.|замок|Кореличский район||52.910304|26.189531|||[]|||40|[]|osm:node/4896037046
Руины водяной мельницы|замок|Сморгонский район||54.688614|26.939768|||[]|||40|[]|osm:node/4908150881
Партызанскай брыгадзе|памятник|Сморгонский район||54.686089|26.921863|||[]|||10|[]|osm:node/4908151016
Культовый валун с ямками|архитектура|Сморгонский район||54.685483|26.956356|||[]|||20|[]|osm:node/4908151035
Вялікі камень рускасельскі|архитектура|Сморгонский район||54.526082|26.667280|||[]|||20|[]|osm:node/4909719469
Культавы камень з ямкамі канстанпольскі|архитектура|Сморгонский район||54.522857|26.657055|||[]|||20|[]|osm:node/4909719470
Иоанн Павел II|памятник|Кореличский район||53.892515|26.735792|||[]|||10|[]|osm:node/4914242621
Гродненская телевизионная вышка|архитектура|Гродненский район||53.701681|23.822065|||[]|||20|[]|osm:node/4933673521
Кораблёв М. В.|памятник|Гродненский район||53.682521|23.830642|||[]|||10|[]|osm:node/4945294348
Братская могила|памятник|Гродненский район||53.633237|23.757479|||[]|||10|[]|osm:node/4975582963
В. И. Ленин|памятник|Берестовицкий район||53.403962|23.760836|||[]|||10|[]|osm:node/4977282698
В честь юбилея Одельска|памятник|Берестовицкий район||53.403970|23.763055|||[]|||10|[]|osm:node/4977282700
Мемориальный крест|памятник|Гродненский район||53.619169|23.671616|||[]|||10|[]|osm:node/4982566169
Пороховой погреб форта IV Гродненской крепости|замок|Гродненский район||53.621082|23.681073|||[]|||40|[]|osm:node/4982735057
Малый форт 3б|замок|Гродненский район||53.664805|23.682835|||[]|||40|[]|osm:node/4982874898
Форт Д|замок|Гродненский район||53.685310|23.651900|||[]|||40|[]|osm:node/4983020692
Форт Г|замок|Гродненский район||53.697991|23.632777|||[]|||40|[]|osm:node/4983070190
Братская могила|памятник|Гродненский район||53.700445|23.641706|||[]|||10|[]|osm:node/4983070191
Памятные кресты|памятник|Гродненский район||53.717261|23.669427|||[]|||10|[]|osm:node/4985127253
ЗКП|замок|Гродненский район||53.794486|23.553681|||[]|||40|[]|osm:node/4985127782
ДОТ|замок|Гродненский район||53.794338|23.563888|||[]|||40|[]|osm:node/4985127783
ДОТ|замок|Гродненский район||53.800055|23.559498|||[]|||40|[]|osm:node/4985127784
Вестун|памятник|Сморгонский район||54.318735|26.870469|||[]|||10|[]|osm:node/4987756123
Усадебно-парковый комплекс Чуловских «Ковалевщина»|архитектура|Кореличский район||53.501345|26.773242|||[]|||20|[]|osm:node/4987780223
ДОТ|замок|Гродненский район||53.803481|23.583568|||[]|||40|[]|osm:node/4988072409
ДОТ|замок|Гродненский район||53.805983|23.589326|||[]|||40|[]|osm:node/4988072427
ДОТ|замок|Гродненский район||53.805730|23.586974|||[]|||40|[]|osm:node/4988072428
ДОТ|замок|Гродненский район||53.811699|23.586100|||[]|||40|[]|osm:node/4988072429
ДОТ|замок|Гродненский район||53.811439|23.584407|||[]|||40|[]|osm:node/4988072430
ДОТ|замок|Гродненский район||53.814376|23.584273|||[]|||40|[]|osm:node/4988072435
ДОТ №91|замок|Гродненский район||53.819710|23.585116|||[]|||40|[]|osm:node/4995085501
ДОТ №42|замок|Гродненский район||53.826130|23.582537|||[]|||40|[]|osm:node/4995089441
ДОТ|замок|Гродненский район||53.832869|23.578318|||[]|||40|[]|osm:node/4995089459
ДОТ|замок|Гродненский район||53.832226|23.579635|||[]|||40|[]|osm:node/4995089460
ДОТ|замок|Гродненский район||53.836112|23.580124|||[]|||40|[]|osm:node/4995089461
ДОТ|замок|Гродненский район||53.836156|23.585056|||[]|||40|[]|osm:node/4995089462
ДОТ|замок|Гродненский район||53.836564|23.595535|||[]|||40|[]|osm:node/4995089463
ДОТ|замок|Гродненский район||53.841628|23.581767|||[]|||40|[]|osm:node/4995089464
ДОТ|замок|Гродненский район||53.842622|23.581611|||[]|||40|[]|osm:node/4995089465
ДОТ|замок|Гродненский район||53.842747|23.584980|||[]|||40|[]|osm:node/4995089466
ДОТ|замок|Гродненский район||53.842923|23.596354|||[]|||40|[]|osm:node/4995089467
ДОТ|замок|Гродненский район||53.850452|23.603217|||[]|||40|[]|osm:node/4995089488
ДОТ|замок|Гродненский район||53.844447|23.605074|||[]|||40|[]|osm:node/4995089489
ДОТ|замок|Гродненский район||53.846574|23.607671|||[]|||40|[]|osm:node/4995089490
ДОТ|замок|Гродненский район||53.847854|23.616190|||[]|||40|[]|osm:node/4995089491
ДОТ|замок|Гродненский район||53.845624|23.619539|||[]|||40|[]|osm:node/4995089492
ДОТ|замок|Гродненский район||53.844478|23.621323|||[]|||40|[]|osm:node/4995089493
ДОТ|замок|Гродненский район||53.844404|23.626035|||[]|||40|[]|osm:node/4995089494
ДОТ|замок|Гродненский район||53.840635|23.627239|||[]|||40|[]|osm:node/4995089495
ДОТ|замок|Гродненский район||53.832719|23.604902|||[]|||40|[]|osm:node/4995089496
ДОТ|замок|Гродненский район||53.828803|23.607201|||[]|||40|[]|osm:node/4995089497
ДОТ|замок|Гродненский район||53.852536|23.607857|||[]|||40|[]|osm:node/4995089577
ДОТ|замок|Гродненский район||53.852747|23.609825|||[]|||40|[]|osm:node/4995089578
ДОТ|замок|Гродненский район||53.863672|23.635395|||[]|||40|[]|osm:node/4995089611
ДОТ|замок|Гродненский район||53.857909|23.636085|||[]|||40|[]|osm:node/4995089612
ДОТ|замок|Гродненский район||53.860034|23.639495|||[]|||40|[]|osm:node/4995089613
ДОТ|замок|Гродненский район||53.862163|23.647464|||[]|||40|[]|osm:node/4995089614
ДОТ|замок|Гродненский район||53.864190|23.649295|||[]|||40|[]|osm:node/4995089615
ДОТ|замок|Гродненский район||53.860490|23.652686|||[]|||40|[]|osm:node/4995089617
Полковнику французского войска Яну Сильвестровичу|памятник|Гродненский район||53.817598|23.863616|||[]|||10|[]|osm:node/4997212678
Памятный знак на месте деревянного костёла|памятник|Гродненский район||53.817938|23.863589|||[]|||10|[]|osm:node/4997212679
Блиндаж|замок|Гродненский район||53.738553|23.809401|||[]|||40|[]|osm:node/5000237405
Войне 1812 года (1977 г.)|памятник|Сморгонский район||54.330836|26.869874|||[]|||10|[]|osm:node/5001845125
Гнездо дракона|архитектура|Новогрудский район||53.635843|25.812396|||[]|24/7||20|[]|osm:node/5005333728
Камень желаний|архитектура|Новогрудский район||53.456049|25.808304|||[]|||20|[]|osm:node/5005333730
Водопад|архитектура|Щучинский район||53.573084|25.034623|||[]|||20|[]|osm:node/5007087987
Памятный знак в честь воинов-интернационалистов|памятник|Зельвенский район||53.147109|24.822059|||[]|||10|[]|osm:node/5017679736
Помнік расстраляным|памятник|Лидский район||53.936058|25.570773|||[]|||10|[]|osm:node/5021445121
Форт 1 Гродненской крепости|замок|Гродненский район||53.647854|23.854632|||[]|||40|[]|osm:node/5022388241
Тупальшчынскі вялікі камень|памятник|Сморгонский район||54.665453|26.398442|||[]|||10|[]|osm:node/5037617253
Войнам освободителям|памятник|Сморгонский район||54.025991|26.869678|||[]|||10|[]|osm:node/5047980434
Памятник погибшим воинам|памятник|Щучинский район||53.727266|24.978851|||[]|||10|[]|osm:node/5052182638
Дом-Музей белорусского быта|музей|Сморгонский район||54.544579|26.729866|||[]|Mo-Su 10:00-19:00||40|[]|osm:node/5053344733
Выставка ретро техники|музей|Сморгонский район||54.543205|26.728347|||[]|||40|[]|osm:node/5053344734
Белорусские Мальдивы|архитектура|Волковысский район||53.255329|24.422092|||[]|||20|[]|osm:node/5053344929
Землякам погибшим в ВОВ|памятник|Дятловский район||53.024416|25.756331|||[]|||10|[]|osm:node/5058055407
Пивзавод Ландо и Каменецкого|памятник|Лидский район||53.892302|25.297530|||[]|||10|[]|osm:node/5058176815
Памятник бойцам отряда Карбышева|памятник|Зельвенский район||53.144462|24.830470|||[]|||10|[]|osm:node/5076733809
Разрушенная водяная мельница|архитектура|Дятловский район||53.319400|25.693462|||[]|||20|[]|osm:node/5091959822
Памятник неизвестным польским солдатам (11.XI.1918 - 11.XI.1928 гг.)|архитектура|Сморгонский район||54.485794|26.404285|||[]|||20|[]|osm:node/5112812725
Пакутнікам за волю і незалежнасць Беларусі|памятник|Сморгонский район||54.303010|26.834330|||[]|||10|[]|osm:node/5148009809
Погибшим землякам|памятник|Островецкий район||54.639616|26.199887|||[]|||10|[]|osm:node/5150377438
Памятник Витовту|памятник|Гродненский район||53.676823|23.824354|||[]|||10|[]|osm:node/5171000080
Памяти узников гетто|памятник|Гродненский район||53.678417|23.827123|||[]|||10|[]|osm:node/5171067546
Городище|архитектура|Ивьевский район||54.267805|26.064709|||[]|||20|[]|osm:node/5176238540
В.И. Ленин|памятник|Зельвенский район||53.160522|24.817906|||[]|||10|[]|osm:node/5177830643
Погибшим в Великой Отечественной войне|памятник|Щучинский район||53.690508|24.988831|||[]|||10|[]|osm:node/5183469169
главная брама|архитектура|Щучинский район||53.682989|24.934007|||[]|||20|[]|osm:node/5183569157
брама боковая|архитектура|Щучинский район||53.684406|24.934618|||[]|||20|[]|osm:node/5183569190
Парк Вялікае Мажэйкава|памятник|Щучинский район||53.684437|24.936090|||[]|||10|[]|osm:node/5183632150
Дзынговый камень|архитектура|Щучинский район||53.649414|24.972280|||[]|||20|[]|osm:node/5187200243
Экологическая тропа «Языческая дубрава»|архитектура|Свислочский район||52.798921|24.005331|||[]|||20|[]|osm:node/5208309749
БМД-1П|памятник|Зельвенский район||53.147073|24.822470|||[]|||10|[]|osm:node/5216898527
Памятник-обелиск на могиле Михаила Свенторжецкого (обел. 1912 г., перезахор. в 1898г.)|памятник|Сморгонский район||54.330090|26.652720|||[]|||10|[]|osm:node/5232644224
1944г. уничтожение деревни полицаями|памятник|Щучинский район||53.776824|24.414632|||[]|||10|[]|osm:node/5238384081
Ремонтное депо 1п XXв|архитектура|Мостовский район||53.429454|24.546868|||[]|||20|[]|osm:node/5239207921
Основанию пешеходного моста|памятник|Мостовский район||53.410905|24.544821|||[]|||10|[]|osm:node/5239208221
Камень-валун Пасутичский|архитектура|Волковысский район||53.141768|24.631224|||[]|||20|[]|osm:node/5257419136
Фундамент деревенской школы|памятник|Волковысский район||53.212130|24.547641|||[]|||10|[]|osm:node/5287595516
Памятник жителям Зельвы, убитым 21 сентября 1939 г.|памятник|Зельвенский район||53.151718|24.868817|||[]|||10|[]|osm:node/5292191656
Ворота|архитектура|Зельвенский район||52.978063|24.621727|||[]|||20|[]|osm:node/5320324835
Магіла Ларысы і Янкі Геніюшаў|памятник|Зельвенский район||53.140987|24.800545|||[]|||10|[]|osm:node/5325259051
Дом управляющего|архитектура|Волковысский район||53.173316|24.351472|||[]|||20|[]|osm:node/5325605326
Дуб «Якуб»|архитектура|Кореличский район||53.160847|26.526239|||[]|||20|[]|osm:node/5335325894
Воинам землякам погибшим во время Великой Отечественной Войны|памятник|Сморгонский район||54.214622|26.441515|||[]|||10|[]|osm:node/5371936249
Усадебно-парковый ансамбль Величковских|замок|Дятловский район||53.312985|25.746514|||[]|||40|[]|osm:node/5378122646
Памятник ВОВ|памятник|Дятловский район||53.181104|25.870318|||[]|||10|[]|osm:node/5392204358
Старый хлев|архитектура|Дятловский район||53.265090|25.855079|||[]|||20|[]|osm:node/5392204560
Руины усадьбы|замок|Дятловский район||53.183385|25.962305|||[]|||40|[]|osm:node/5392204604
Место бывшей усадьбы Валицких|замок|Дятловский район||53.315688|25.704389|||[]|||40|[]|osm:node/5392772071
Памятник погибшим евреям|памятник|Дятловский район||53.149002|25.934295|||[]|||10|[]|osm:node/5392797042
ледовня (погреб)|архитектура|Дятловский район||53.312190|25.703652|||[]|||20|[]|osm:node/5397864861
Усадьба|замок|Свислочский район||52.877160|24.084556|||[]|||40|[]|osm:node/5401283826
Мурованка|архитектура|Дятловский район||53.129712|25.984620|||[]|||20|[]|osm:node/5401283838
Солдат|памятник|Дятловский район||53.311836|25.701963|||[]|||10|[]|osm:node/5407397978
памятник Ленину|памятник|Кореличский район||53.201746|26.157444|||[]|||10|[]|osm:node/5407438651
Валун|архитектура|Кореличский район||53.199317|26.160771|||[]|||20|[]|osm:node/5407438681
Особняк|архитектура|Зельвенский район||53.013104|25.346303|||[]|||20|[]|osm:node/5414546525
Молчадский краеведческий школьный музей|музей|Дятловский район||53.316703|25.679307|||[]|||40|[]|osm:node/5416718485
Разбитые жернова|архитектура|Дятловский район||53.315468|25.706620|||[]|||20|[]|osm:node/5420274297
В.И. Ленин|памятник|Кореличский район||53.650668|26.172738|||[]|||10|[]|osm:node/5423341328
Н.А. Щорс|памятник|Кореличский район||53.650966|26.172056|||[]|||10|[]|osm:node/5423341329
Мемориал ВОВ|памятник|Новогрудский район||53.213487|26.038753|||[]|||10|[]|osm:node/5433702633
Крошинский краеведческий музей|музей|Кореличский район||53.197630|26.145387|||[]|||40|[]|osm:node/5433704081
Католический храм|костёл|Лидский район||53.894615|25.283188|||[]|||20|[]|osm:node/5436840358
Барановичи 1871|памятник|Дятловский район||53.136873|26.012829|||[]|||10|[]|osm:node/5450932759
3 камня|архитектура|Новогрудский район||53.156568|26.054037|||[]|||20|[]|osm:node/5450932817
Стена, у которой расстреливали чехословакских граждан|памятник|Новогрудский район||53.157226|26.052450|||[]|||10|[]|osm:node/5450932818
Памятник погибшим евреям|памятник|Дятловский район||53.121937|26.008509|||[]|||10|[]|osm:node/5451414577
Синагогальный двор (бывший)|архитектура|Дятловский район||53.122179|26.009515|||[]|||20|[]|osm:node/5451414580
Погреб|архитектура|Дятловский район||53.192146|25.934516|||[]|||20|[]|osm:node/5456834087
Ян Чечот|памятник|Дятловский район||53.138572|25.909199|||[]|||10|[]|osm:node/5456987520
Братская могила № 419|памятник|Дятловский район||53.137877|25.908869|||[]|||10|[]|osm:node/5456988521
Водяная мельница|архитектура|Дятловский район||53.366819|25.600610|||[]|||20|[]|osm:node/5462475243
Здание пекарни конца 19в.|архитектура|Дятловский район||53.312783|25.698646|||[]|||20|[]|osm:node/5466648704
Место съемки фильма «Падарожжы дылетанта»|архитектура|Дятловский район||53.348076|25.486697|||[]|||20|[]|osm:node/5468756643
Карат|музей|Гродненский район||53.695309|23.817112|||[]|Mo-Fr 09:00-17:30; Sa,Su off||40|[]|osm:node/5471259152
Мурованка|архитектура|Дятловский район||53.136223|26.015437|||[]|||20|[]|osm:node/5475666473
Официна|архитектура|Дятловский район||53.132796|25.990862|||[]|||20|[]|osm:node/5477998344
Воинам 1090 стрелкового полка|памятник|Мостовский район||53.408192|24.691134|||[]|||10|[]|osm:node/5482770359
Могила|памятник|Дятловский район||53.121936|26.008355|||[]|||10|[]|osm:node/5483276472
Музей геральдики|музей|Новогрудский район||53.599369|25.825220|||[]|||40|[]|osm:node/5483276522
часовня|замок|Мостовский район||53.437609|24.324443|||[]|||40|[]|osm:node/5484526494
Пирамида|костёл|Зельвенский район||52.984578|25.544195|||[]|||20|[]|osm:node/5485991660
Сгоревшая усадьба О`Рурков|архитектура|Новогрудский район||53.720882|25.802911|||[]|||20|[]|osm:node/5488769536
Памятник погибшим землякам|памятник|Новогрудский район||53.719514|25.792718|||[]|||10|[]|osm:node/5488769687
"Валун ""Мигматит"""|архитектура|Сморгонский район||54.192929|26.383288|||[]|||20|[]|osm:node/5501361322
Максимцев К.И.|памятник|Дятловский район||53.129926|26.013826|||[]|||10|[]|osm:node/5501464538
Каплица|костёл|Кореличский район||53.373522|26.326428|||[]|||20|[]|osm:node/5505752998
Погреб|архитектура|Дятловский район||53.297196|25.750269|||[]|||20|[]|osm:node/5515794350
Погреб|архитектура|Дятловский район||53.305951|25.734500|||[]|||20|[]|osm:node/5515794357
Памятная доска|памятник|Дятловский район||53.311904|25.701994|||[]|||10|[]|osm:node/5522527437
Дом с крестами|архитектура|Дятловский район||53.127910|25.989298|||[]|||20|[]|osm:node/5531244167
Вялікі камень Кеўлаўскі|архитектура|Сморгонский район||54.374103|26.427037|||[]|||20|[]|osm:node/5537997622
Ворота|архитектура|Щучинский район||53.761666|24.827319|||[]|||20|[]|osm:node/5561342497
Пирамидальные дубы|памятник|Дятловский район||53.127774|26.000496|||[]|||10|[]|osm:node/5564657367
Усадьба Развадовских|памятник|Дятловский район||53.127698|26.000893|||[]|||10|[]|osm:node/5564657368
Склеп|архитектура|Дятловский район||53.128066|26.000906|||[]|||20|[]|osm:node/5564657371
Усадебный дом|архитектура|Дятловский район||53.127876|26.001691|||[]|||20|[]|osm:node/5564657372
Конюшня (снесена)|архитектура|Дятловский район||53.128048|26.001963|||[]|||20|[]|osm:node/5564657373
Старый еврейский дом|архитектура|Дятловский район||53.127828|26.001045|||[]|||20|[]|osm:node/5564657376
Бывшая телефонная станция|архитектура|Дятловский район||53.135724|26.012860|||[]|||20|[]|osm:node/5564657411
Место бывшей типографии , типография газеты «Deutsche Kriegszeitung von Baranowitschi»|архитектура|Дятловский район||53.133031|26.025764|||[]|||20|[]|osm:node/5564658429
Место бывшей усадьбы|архитектура|Дятловский район||53.407081|25.561028|||[]|||20|[]|osm:node/5569478722
Памятник собаке, спугнувшей медведя в 1896 году|памятник|Кореличский район||53.225836|26.693222|||[]|||10|[]|osm:node/5573560921
Колдычевский лагерь смерти|памятник|Новогрудский район||53.299712|26.034166|||[]|||10|[]|osm:node/5576444108
Памятник партизанам и воинам|памятник|Кореличский район||54.013230|26.607991|||[]|||10|[]|osm:node/5588417714
Ленину В. И.|памятник|Дятловский район||53.293660|25.754233|||[]|||10|[]|osm:node/5592751813
Мурованка|архитектура|Дятловский район||53.295780|25.751227|||[]|||20|[]|osm:node/5592752831
усадьба Завадских|замок|Кореличский район||53.202702|26.158183|||[]|||40|[]|osm:node/5592848240
Почтовая станция|архитектура|Кореличский район||52.962778|26.467859|||[]|||20|[]|osm:node/5595634250
В честь демонстрации 1927г.|памятник|Зельвенский район||52.756730|25.153204|||[]|||10|[]|osm:node/5595855922
Памятник погибшим евреям|памятник|Кореличский район||52.954867|26.451874|||[]|||10|[]|osm:node/5596974125
Памятник землякам (скульптура воина)|памятник|Кореличский район||52.763022|26.843349|||[]|||10|[]|osm:node/5598779722
Памятный знак в честь 500-летия первого упоминания деревни Будча в письменных источниках|памятник|Кореличский район||52.759540|26.841505|||[]|||10|[]|osm:node/5598780924
В.Голубку|памятник|Дятловский район||52.980083|25.767768|||[]|||10|[]|osm:node/5599022701
В честь основания деревни Нарешевичи|архитектура|Кореличский район||52.957316|26.457327|||[]|||20|[]|osm:node/5601760822
Место усадьбы Сунгловщина|архитектура|Дятловский район||53.316106|25.677635|||[]|||20|[]|osm:node/5609426099
Камень-следовик|архитектура|Зельвенский район||52.997415|25.532865|||[]|||20|[]|osm:node/5609966427
Городище|замок|Зельвенский район||52.997799|25.533444|||[]|||40|[]|osm:node/5609966428
Умацаванне І сусветнай вайны|архитектура|Сморгонский район||54.795280|26.664966|||[]|||20|[]|osm:node/5611579821
Тадеуш Костюшко|памятник|Зельвенский район||52.767319|25.125554|||[]|||10|[]|osm:node/5613318100
Противотанковая пушка|архитектура|Свислочский район||53.031794|24.075216|||[]|||20|[]|osm:node/5613818036
БМД-1|памятник|Свислочский район||53.031588|24.075136|||[]|||10|[]|osm:node/5613818037
Валун|архитектура|Дятловский район||53.288247|25.823053|||[]|||20|[]|osm:node/5615121687
Фердинанд Рущиц|памятник|Ивьевский район||54.172103|26.147698|||[]|||10|[]|osm:node/5615149922
Руины водяной мельницы|замок|Дятловский район||53.390794|25.612563|||[]|||40|[]|osm:node/5615216255
Помнік Леніну|памятник|Щучинский район||53.604696|24.742512|||[]|||10|[]|osm:node/5617254919
Место усадьбы|замок|Кореличский район||53.142777|26.343655|||[]|||40|[]|osm:node/5617669169
62 землякам павшим в ВОВ|памятник|Кореличский район||52.763385|26.841511|||[]|||10|[]|osm:node/5624751755
Дом директора конезавода 1930-х гг.|архитектура|Лидский район||53.921727|25.506983|||[]|||20|[]|osm:node/5625175176
Бердовский народный историкокраеведческий музей|музей|Лидский район||53.926277|25.511056|||[]|||40|[]|osm:node/5625175207
Музей Ленских|музей|Кореличский район||53.743410|26.877196|||[]|||40|[]|osm:node/5630315845
Этнографический музей|музей|Новогрудский район||53.141997|26.073333|||[]|||40|[]|osm:node/5630516324
Музей семьи|музей|Лидский район||53.921379|25.504384|||[]|||40|[]|osm:node/5632927220
Софье Гольшанской|памятник|Ивьевский район||54.257725|26.010446|||[]|||10|[]|osm:node/5638023223
Здание синагоги|архитектура|Дятловский район||53.312422|25.704615|||[]|||20|[]|osm:node/5639727290
Сыроварня|замок|Кореличский район||53.548122|26.331487|||[]|||40|[]|osm:node/5644362436
Каплица|костёл|Кореличский район||53.694115|26.868810|||[]|||20|[]|osm:node/5645377156
Порог «Кошмарный»|архитектура|Кореличский район||53.970530|26.853803|||[]|||20|[]|osm:node/5654846304
Синагога|памятник|Волковысский район||53.092072|24.553783|||[]|||10|[]|osm:node/5660175922
Ленин|памятник|Ошмянский район||54.425259|25.938578|||[]|||10|[]|osm:node/5661573130
Место усадьбы|замок|Кореличский район||53.173640|26.182561|||[]|||40|[]|osm:node/5663493162
Место каплицы|костёл|Дятловский район||53.080456|25.953541|||[]|||20|[]|osm:node/5663493165
Мемориальный комплекс Застаринье|памятник|Дятловский район||53.336446|25.848787|||[]|||10|[]|osm:node/5663630980
Особняки|архитектура|Дятловский район||53.463597|25.579998|||[]|||20|[]|osm:node/5664355021
Обелиск|памятник|Сморгонский район||54.788676|26.885877|||[]|||10|[]|osm:node/5679359257
Ангел|памятник|Кореличский район||53.113724|26.164164|||[]|||10|[]|osm:node/5682151541
Сыроварня|архитектура|Кореличский район||53.092393|26.269710|||[]|||20|[]|osm:node/5687266100
Щучин|памятник|Щучинский район||53.625084|24.727831|||[]|||10|[]|osm:node/5687526828
Памяти погибшим в Великой Отечественной Войне|памятник|Щучинский район||53.618347|24.731007|||[]|||10|[]|osm:node/5687538922
Самолёт МиГ-19С|архитектура|Щучинский район||53.610424|24.746830|||[]|||20|[]|osm:node/5687585721
Вечный огонь|памятник|Щучинский район||53.605615|24.742442|||[]|||10|[]|osm:node/5688069322
Кладбище старое православное|архитектура|Вороновский район||54.152838|25.306803|||[]|||20|[]|osm:node/5694474070
Водопроводчик|памятник|Дятловский район||53.127161|26.000494|||[]|||10|[]|osm:node/5695420823
Часовня-надмогилье Д. Рейтана|архитектура|Кореличский район||53.041171|26.251491|||[]|||20|[]|osm:node/5698575784
Памятник неизвестному солдату|памятник|Вороновский район||54.149754|25.316532|||[]|||10|[]|osm:node/5702419964
могила святога Контуся|храм|Новогрудский район||53.613656|25.754635|||[]|||20|[]|osm:node/5705058030
место мечети|храм|Сморгонский район||54.348408|26.438707|||[]|||20|[]|osm:node/5705058037
В. М. Усов|памятник|Гродненский район||53.657864|23.813720|||[]|||10|[]|osm:node/5707236221
Мурованка|архитектура|Кореличский район||53.039330|26.264664|||[]|||20|[]|osm:node/5709169643
Мурованка|архитектура|Кореличский район||53.038953|26.265264|||[]|||20|[]|osm:node/5709169644
Бывшая синагога|архитектура|Дятловский район||53.311403|25.703836|||[]|||20|[]|osm:node/5709293002
городище Родогоща|архитектура|Новогрудский район||53.478379|25.865998|||[]|||20|[]|osm:node/5714241721
Чапаев|памятник|Лидский район||53.833204|24.965771|||[]|||10|[]|osm:node/5714617964
Городище Монтантишки|архитектура|Сморгонский район||54.362461|26.192855|||[]|||20|[]|osm:node/5715589837
Конюшня|архитектура|Щучинский район||53.643626|24.941090|||[]|||20|[]|osm:node/5718001137
Хозпостройка|архитектура|Сморгонский район||54.129746|26.852261|||[]|||20|[]|osm:node/5718001138
школа|архитектура|Сморгонский район||54.277372|26.316900|||[]|||20|[]|osm:node/5718001139
хозпостройка|архитектура|Сморгонский район||54.277558|26.316317|||[]|||20|[]|osm:node/5718001140
Амбар|архитектура|Кореличский район||53.042739|26.264032|||[]|||20|[]|osm:node/5719620781
Флигель-кухня|архитектура|Кореличский район||53.318255|26.276407|||[]|||20|[]|osm:node/5720315724
Ворота|архитектура|Зельвенский район||53.019497|25.340816|||[]|||20|[]|osm:node/5722433452
Памятник ВОВ|памятник|Кореличский район||53.586815|26.108462|||[]|||10|[]|osm:node/5725143871
Скульптура|памятник|Кореличский район||53.033647|26.421930|||[]|||10|[]|osm:node/5731789747
городище Пурневичи|архитектура|Новогрудский район||53.390924|25.888654|||[]|||20|[]|osm:node/5738731445
Большой камень смовжитский|архитектура|Зельвенский район||52.964696|24.961769|||[]|||20|[]|osm:node/5744763710
Камень Кракотский|архитектура|Зельвенский район||53.016258|24.980538|||[]|||20|[]|osm:node/5744766362
Большой камень кракотский|архитектура|Зельвенский район||53.018229|24.991238|||[]|||20|[]|osm:node/5744769110
Глыба кракотская|архитектура|Зельвенский район||53.018795|24.976473|||[]|||20|[]|osm:node/5744774507
Место Ляховичского замка|архитектура|Кореличский район||53.042383|26.261585|||[]|||20|[]|osm:node/5748850405
Развалины моста|замок|Кореличский район||53.592466|26.732643|||[]|||40|[]|osm:node/5760814848
Погреб|замок|Кореличский район||53.590609|26.754914|||[]|||40|[]|osm:node/5760815012
Неизвестным повстанцам 1863|памятник|Лидский район||53.824652|25.184583|||[]|||10|[]|osm:node/5763603345
Зевс-громовержец|памятник|Лидский район||53.864513|25.267289|||[]|||10|[]|osm:node/5765106630
Памятник жертвам холохоста|памятник|Вороновский район||54.140317|25.310943|||[]|||10|[]|osm:node/5769804501
Пианино|архитектура|Гродненский район||53.682635|23.833219|||[]|||20|[]|osm:node/5794536104
Братская могила 40 участников восстания 1863-64 гг.|памятник|Зельвенский район||52.763784|24.875839|||[]|||10|[]|osm:node/5798877153
Мемориал захоронения воинов I мировой войны|памятник|Дятловский район||52.856034|26.144068|||[]|||10|[]|osm:node/5799080299
Знак «Памятник природы»|памятник|Дятловский район||52.856884|26.143190|||[]|||10|[]|osm:node/5799084666
Давыд Городенский|памятник|Гродненский район||53.677580|23.825148|||[]|||10|[]|osm:node/5802262972
74 землякам погибшим в ВОВ|памятник|Новогрудский район||53.536239|26.029772|||[]|||10|[]|osm:node/5813850702
Руины старой мельницы|архитектура|Вороновский район||54.129016|25.347393|||[]|||20|[]|osm:node/5820184174
Здание бывшего магазина Лейбы нач.20в.|архитектура|Новогрудский район||53.328216|26.004504|||[]|||20|[]|osm:node/5821053794
Погибшим во Второй мировой войне|памятник|Щучинский район||53.593497|24.960654|||[]|||10|[]|osm:node/5827530488
Музей-усадьба М.К. Огинского (1802-22 гг., классицизм, арх. М.Шульц/И.Пусье )|музей|Сморгонский район|Залессе|54.420265|26.523089|||[]|Tu-Su 09:00-18:00|yes|40|[]|osm:node/5829158669
Молчаливый двухвековой вяз|архитектура|Сморгонский район||54.420682|26.520790|||[]|||20|[]|osm:node/5829158676
Святой Сенежицкий камень|архитектура|Новогрудский район||53.540823|25.960276|||[]|||20|[]|osm:node/5830551990
Мост|архитектура|Кореличский район||53.221832|26.687183|||[]|||20|[]|osm:node/5832402985
Могила повстанцев|памятник|Новогрудский район||53.329706|26.011507|||[]|||10|[]|osm:node/5838112899
Часовня|костёл|Новогрудский район||53.329738|26.011164|||[]|||20|[]|osm:node/5838112900
Дворец Друцких-Любецких|замок|Щучинский район||53.610765|24.740788|||[]|||40|[]|osm:node/5858769491
Парафия Святого Язофата|костёл|Лидский район||53.884490|25.276550|||[]|||20|[]|osm:node/5860283635
Игнат Домейко|памятник|Кореличский район||53.380125|26.365705|||[]|||10|[]|osm:node/5863723472
Игнат Домейко|памятник|Кореличский район||53.381972|26.365156|||[]|||10|[]|osm:node/5863723473
Памятник погибшим сельчанам в ВОВ|памятник|Кореличский район||53.381277|26.365520|||[]|||10|[]|osm:node/5864241821
Братская могила 5 воинов|памятник|Новогрудский район||53.278427|25.939883|||[]|||10|[]|osm:node/5866326306
Музей истории еврейской культуры|музей|Гродненский район||53.678904|23.825010|||[]|||40|[]|osm:node/5875647386
Дом архитектора Обнинского 1928г.|архитектура|Дятловский район||53.132408|26.029044|||[]|||20|[]|osm:node/5876586555
Гимназия имени Рейтана 1931г.|архитектура|Дятловский район||53.136303|26.010722|||[]|||20|[]|osm:node/5876632240
Приход храма великомученика Георгия Победоносца|церковь|Кореличский район||53.520125|26.924066|||[]|||20|[]|osm:node/5941129628
Каменные могилы|архитектура|Волковысский район||53.247190|24.479984|||[]|||20|[]|osm:node/5973278077
Бункер ВОВ|замок|Ивьевский район||54.185962|26.153601|||[]|||40|[]|osm:node/6019207285
Еврейское кладбище|памятник|Сморгонский район||54.404574|26.607576|||[]|||10|[]|osm:node/6037670615
Абеліск Тышкевічаў|памятник|Свислочский район||53.036741|24.094190|||[]|||10|[]|osm:node/6075389606
Юртов В. В.|памятник|Гродненский район||53.682517|23.840368|||[]|||10|[]|osm:node/6093772191
Міхась Васілёк|памятник|Гродненский район||53.678601|23.836737|||[]|||10|[]|osm:node/6093772195
Столыпин П. А.|памятник|Гродненский район||53.682608|23.833171|||[]|||10|[]|osm:node/6106971004
Йонас Яблонскис|памятник|Гродненский район||53.680357|23.830178|||[]|||10|[]|osm:node/6106972724
Феликс Дзержинский|памятник|Гродненский район||53.682761|23.833806|||[]|||10|[]|osm:node/6106972726
Карбышев Д. М.|памятник|Гродненский район||53.680449|23.840916|||[]|||10|[]|osm:node/6107235094
Краеведческий музей|музей|Дятловский район||53.134240|26.014735|||[]|Tu-Su 10:00-16:30||40|[]|osm:node/6125446880
в честь подпольщиков и партизан|памятник|Новогрудский район||53.845282|25.802739|||[]|||10|[]|osm:node/6126797413
Памятник расстрелянным на этой  возвышенности людям во время второй мировой войны|памятник|Кореличский район||53.576668|26.340430|||[]|||10|[]|osm:node/6128932064
Памятник|памятник|Кореличский район||53.569552|26.342896|||[]|||10|[]|osm:node/6128976598
Цётцы (Алаизе Пашкевич)|памятник|Щучинский район||53.729923|24.524851|||[]|||10|[]|osm:node/6135558680
Ф.Э. Дзержинский|памятник|Гродненский район||53.702277|23.844650|||[]|||10|[]|osm:node/6138152146
Иоанн Павел II|памятник|Щучинский район||53.777372|24.848855|||[]|||10|[]|osm:node/6181913662
Мурованка|архитектура|Кореличский район||53.366238|26.118699|||[]|||20|[]|osm:node/6238202554
Шахматы|памятник|Дятловский район||53.138299|25.877846|||[]|||10|[]|osm:node/6238296870
Музей Васіля Быкава|музей|Гродненский район||53.687301|23.837906|||[]|||40|[]|osm:node/6260608331
Старая дамба|замок|Кореличский район||53.476222|26.357031|||[]|||40|[]|osm:node/6269603107
Музей почты|музей|Гродненский район||53.676766|23.837767|||[]|||40|[]|osm:node/6270111738
Cоветским солдатам|памятник|Зельвенский район||52.855411|24.614686|||[]|||10|[]|osm:node/6280628686
Центр ремесел Спадчына|музей|Лидский район||53.891650|25.303372|||[]|||40|[]|osm:node/6297002992
Управление акцизное (1902 г.)|архитектура|Дятловский район||53.132761|26.040638|||[]|||20|[]|osm:node/6329099409
Приусадебный парк Мижевских|архитектура|Дятловский район||53.292987|25.781330|||[]|||20|[]|osm:node/6344922366
Бык Дон Жуан|памятник|Дятловский район||53.127780|25.891828|||[]|||10|[]|osm:node/6351779065
Братская могила|памятник|Ивьевский район||53.938552|26.192776|||[]|||10|[]|osm:node/6352108660
Здание Реального училища|архитектура|Гродненский район|Гродна|53.687133|23.839749|||[]|||20|[]|osm:node/6355165275
Музей потребительской кооперации Беларуси и истории учебного заведения|музей|Дятловский район||53.132925|26.021462|||[]|||40|[]|osm:node/6367446289
Музей воды и истории предприятия|музей|Дятловский район||53.126959|25.999923|||[]|||40|[]|osm:node/6367452990
Музей истории национально-революционной войны в Испании|музей|Дятловский район||53.120568|25.959613|||[]|||40|[]|osm:node/6367462723
иконы|костёл|Дятловский район||53.080719|25.501500|||[]|||20|[]|osm:node/6367704875
Место усадьбы Антоново|архитектура|Дятловский район||53.324722|25.670875|||[]|||20|[]|osm:node/6369983434
Памятник погибшим солдатам|памятник|Дятловский район||53.072181|25.678655|||[]|||10|[]|osm:node/6370045120
Воинам интернационалистам 1979 - 1989|памятник|Сморгонский район||54.089558|26.526953|||[]|||10|[]|osm:node/6372859719
Погреб-ледник|архитектура|Дятловский район||53.278909|25.830726|||[]|||20|[]|osm:node/6373922038
Погреб-ледник|архитектура|Дятловский район||53.278249|25.832263|||[]|||20|[]|osm:node/6375698107
Водяная мельница|архитектура|Дятловский район||53.313353|25.607721|||[]|||20|[]|osm:node/6380439402
Алексей Карпюк|памятник|Гродненский район||53.686132|23.846398|||[]|||10|[]|osm:node/6407082950
Место усадьбы Дедковичи|замок|Дятловский район||53.099055|25.688597|||[]|||40|[]|osm:node/6411404195
Место усадьбы Мижевских|замок|Дятловский район||53.302419|25.782085|||[]|||40|[]|osm:node/6413533805
Место усадьбы Вольских|замок|Дятловский район||53.261563|25.890548|||[]|||40|[]|osm:node/6413533807
Место усадьбы Ваштавляны|замок|Дятловский район||53.253618|25.830981|||[]|||40|[]|osm:node/6413533808
Место усадьбы Чешевля|замок|Дятловский район||53.232703|25.841674|||[]|||40|[]|osm:node/6413533809
Место усадьбы|замок|Дятловский район||53.240933|25.946826|||[]|||40|[]|osm:node/6413533810
Место усадьбы|архитектура|Дятловский район||53.184020|25.872687|||[]|||20|[]|osm:node/6413533811
Место усадьбы Пацыяны|замок|Дятловский район||53.141328|25.737512|||[]|||40|[]|osm:node/6413533812
Усадьба Юревичей|архитектура|Новогрудский район||53.264489|25.961763|||[]|||20|[]|osm:node/6416004592
Усадьба|замок|Дятловский район||53.184441|25.963347|||[]|||40|[]|osm:node/6416004594
Место усадьбы|замок|Дятловский район||53.164243|25.932956|||[]|||40|[]|osm:node/6416004599
Место усадьбы Седлиско|замок|Дятловский район||53.151831|25.758929|||[]|||40|[]|osm:node/6416004600
Здание сыроварни 19в.|архитектура|Дятловский район||53.261438|25.889998|||[]|||20|[]|osm:node/6416171962
Прысядзібны парк пры былой сядзібе Міжэўскіх|архитектура|Дятловский район||53.276713|25.821142|||[]|||20|[]|osm:node/6418246768
Панские пруды|архитектура|Дятловский район||53.302865|25.779074|||[]|||20|[]|osm:node/6426433989
Святого Якуба|архитектура|Островецкий район||54.552347|26.119778|||[]|||20|[]|osm:node/6432225668
Памятник Мичурину|памятник|Лидский район||53.894491|25.389570|||[]|||10|[]|osm:node/6435575575
Памятник ВОВ|памятник|Сморгонский район||54.421164|26.546896|||[]|||10|[]|osm:node/6436620312
Место еврейского кладбища|архитектура|Кореличский район||53.042590|26.264807|||[]|||20|[]|osm:node/6449596095
Водяная мельница|замок|Кореличский район||53.612833|26.624403|||[]|||40|[]|osm:node/6467749068
музей сечкарни|музей|Сморгонский район||54.316453|26.575157|||[]|||40|[]|osm:node/6467877207
Братэрская магіла мірных жыхароў (чэрвень 1942 г.)|памятник|Зельвенский район||53.004554|24.647743|||[]|||10|[]|osm:node/6467939459
Битва у Могильно|памятник|Кореличский район||53.430917|26.989733|||[]|||10|[]|osm:node/6469612545
Жертвам фашизма|памятник|Сморгонский район||54.313251|26.681394|||[]|||10|[]|osm:node/6473632594
Трактор|памятник|Мостовский район||53.348529|24.635355|||[]|||10|[]|osm:node/6476447189
Летний амфитеатр|архитектура|Сморгонский район||54.302779|26.839685|||[]|||20|[]|osm:node/6484334958
Мемориал памяти воинов-пограничников|памятник|Гродненский район||53.823109|23.576269|||[]|||10|[]|osm:node/6492039789
Старый мост (разрушен)|замок|Гродненский район||53.911432|23.629236|||[]|||40|[]|osm:node/6492708159
Монумент 50-летию СССР|памятник|Сморгонский район||54.088183|26.547054|||[]|||10|[]|osm:node/6506587341
Музей интересностей|музей|Гродненский район||53.677642|23.825443|||[]|Mo-Su 09:00-19:00||40|[]|osm:node/6521934486
Чэслаў Немэн|памятник|Гродненский район||53.677709|23.840691|||[]|||10|[]|osm:node/6531581117
Пороховые склады Форта №1|замок|Гродненский район||53.720269|23.732405|||[]|||40|[]|osm:node/6542318033
Гродненскому подпольному РК КПБ|памятник|Берестовицкий район||53.494295|24.063862|||[]|||10|[]|osm:node/6548374452
Паровая мельница|архитектура|Кореличский район||53.193731|26.160676|||[]|||20|[]|osm:node/6551269683
усыпальница|костёл|Кореличский район||53.201934|26.159702|||[]|||20|[]|osm:node/6551269992
Официна|архитектура|Кореличский район||53.202315|26.157307|||[]|||20|[]|osm:node/6551269993
Музей истории УО «ГГПЭК имени И. Счастного»|музей|Гродненский район||53.697235|23.840702|||[]|||40|[]|osm:node/6555278700
Исторический памятник|памятник|Кореличский район||52.947734|26.441582|||[]|||10|[]|osm:node/6556096885
Дом 1913г.|архитектура|Волковысский район||53.139735|24.419922|||[]|||20|[]|osm:node/6564453621
Дом 1913г.|архитектура|Волковысский район||53.138990|24.419193|||[]|||20|[]|osm:node/6564453622
Школа 1921г.|архитектура|Волковысский район||53.139469|24.418522|||[]|||20|[]|osm:node/6564485699
Руины водяной мельницы|архитектура|Кореличский район||53.918887|26.769316|||[]|||20|[]|osm:node/6566153820
400-летний Дуб|архитектура|Кореличский район||53.964041|26.706791|||[]|||20|[]|osm:node/6566195931
Месца нараджэння Элізы Ажэшкі (1841-1910)|памятник|Мостовский район||53.559907|24.402019|||[]|||10|[]|osm:node/6567656531
Дерево дружбы|памятник|Лидский район||53.888883|25.303378|||[]|||10|[]|osm:node/6579525081
Основатель замка — князь Гедимин|памятник|Лидский район||53.888409|25.303065|||[]|||10|[]|osm:node/6579525082
Польские дома|архитектура|Дятловский район||53.304071|25.800586|||[]|||20|[]|osm:node/6580293895
Место усадьбы Кайдаловка|замок|Дятловский район||53.330486|25.771650|||[]|||40|[]|osm:node/6584008026
Иван Лебедев|памятник|Гродненский район||53.687133|23.837098|||[]|||10|[]|osm:node/6585091099
Усадьба Обуховичей|замок|Кореличский район||53.267404|26.408741|||[]|||40|[]|osm:node/6588849387
Альфонс Лавринович|памятник|Ивьевский район||54.256961|26.011503|||[]|||10|[]|osm:node/6595287539
800-летний Дуб|архитектура|Кореличский район||53.964213|26.708169|||[]|||20|[]|osm:node/6615818663
600-летний Дуб|архитектура|Кореличский район||53.976560|26.694666|||[]|||20|[]|osm:node/6616004105
700-летний дуб|памятник|Сморгонский район||54.668594|26.367455|||[]|||10|[]|osm:node/6636975762
В.И. Ленин|памятник|Зельвенский район||53.160241|24.787077|||[]|||10|[]|osm:node/6684368505
Часовня католическая|костёл|Кореличский район||53.685863|26.598369|||[]|||20|[]|osm:node/6721261788
Революционный комитет|памятник|Ошмянский район||54.425704|25.937366|||[]|||10|[]|osm:node/6741802949
Могілкі вайсковыя часоў 1-й сусветнай вайны|памятник|Сморгонский район||54.346159|26.219706|||[]|||10|[]|osm:node/6745674485
Леў Сапега|памятник|Зельвенский район||53.092750|25.319294|||[]|||10|[]|osm:node/6759437939
Памятник затопленным деревням|памятник|Сморгонский район||54.487684|26.977015|||[]|||10|[]|osm:node/6781269785
Пруд|архитектура|Кореличский район||54.023676|26.753667|||[]|||20|[]|osm:node/6781375704
Церковь ХВЕ «Благодать»|костёл|Берестовицкий район||53.192943|24.015718|||[]|Su 10:00-16:00; Tu, Th 19:00-21:00||20|[]|osm:node/6813923385
Брама и сторожка|архитектура|Кореличский район||53.451664|26.475154|||[]|||20|[]|osm:node/6832690938
Вековой вяз|архитектура|Сморгонский район||54.314607|26.592965|||[]|||20|[]|osm:node/6895925985
В честь партизанского объединения барановичской области 1943-1944|памятник|Кореличский район||53.989165|26.729768|||[]|||10|[]|osm:node/6929915949
На месте арианской академии|памятник|Ивьевский район||53.932393|25.779859|||[]|||10|[]|osm:node/6957134102
В.И.Ленин|памятник|Ивьевский район||53.929054|25.769035|||[]|||10|[]|osm:node/6969932390
Я.Колас|памятник|Ивьевский район||53.929059|25.769062|||[]|||10|[]|osm:node/6969932391
К.С.Заслонов|памятник|Ивьевский район||53.929062|25.769087|||[]|||10|[]|osm:node/6969932392
С.М.Киров|памятник|Ивьевский район||53.929065|25.769111|||[]|||10|[]|osm:node/6969932393
Погибшим в Афганистане 1979-1989|памятник|Ивьевский район||53.930524|25.770370|||[]|||10|[]|osm:node/6969932396
Жертвам нацизма. Тут в 1941-1942 годах были расстреляны более 2000 евреев из Бытенского гетто|памятник|Зельвенский район||52.885593|25.469683|||[]|||10|[]|osm:node/6989723285
Хрумстик|памятник|Лидский район||53.893607|25.305536|||[]|||10|[]|osm:node/7022961817
Антонову А. И.|памятник|Гродненский район||53.673438|23.840298|||[]|||10|[]|osm:node/7042151185
Усову В. М.|памятник|Гродненский район||53.662260|23.845039|||[]|||10|[]|osm:node/7044488668
Шарипов А. Г.|памятник|Гродненский район||53.661926|23.844992|||[]|||10|[]|osm:node/7044506738
Волкову Н. А.|памятник|Гродненский район||53.630418|23.813098|||[]|||10|[]|osm:node/7044785249
Кириченко Ф. П.|памятник|Гродненский район||53.653130|23.838813|||[]|||10|[]|osm:node/7044862738
Зернов С. А.|памятник|Гродненский район||53.686880|23.824295|||[]|||10|[]|osm:node/7044910796
Божук В. В.|памятник|Гродненский район||53.666088|23.819336|||[]|||10|[]|osm:node/7044942119
Близнец Д. В.|памятник|Гродненский район||53.666083|23.819356|||[]|||10|[]|osm:node/7044942120
Злотник Я. И.|памятник|Гродненский район||53.666021|23.819596|||[]|||10|[]|osm:node/7044942121
Ничипоруку И. В.|памятник|Гродненский район||53.672485|23.820892|||[]|||10|[]|osm:node/7047479238
Розанов В. Д.|памятник|Гродненский район||53.665493|23.816635|||[]|||10|[]|osm:node/7047602119
Бабко В. В.|памятник|Гродненский район||53.667223|23.807501|||[]|||10|[]|osm:node/7047638507
Пучков Н. П.|памятник|Гродненский район||53.656292|23.810799|||[]|||10|[]|osm:node/7047676785
Соломовой О. И.|памятник|Гродненский район||53.669157|23.795178|||[]|||10|[]|osm:node/7047786483
Барановский В. Э.|памятник|Гродненский район||53.668953|23.795094|||[]|||10|[]|osm:node/7047792404
церковь «новая жизнь»|костёл|Лидский район||53.872893|25.340714|||[]|We, Sa-Su 00:00-24:00||20|[]|osm:node/7053265785
Часовня Крестовоздвиженская (1991)|костёл|Кореличский район||53.452331|26.937598|||[]|||20|[]|osm:node/7053715552
Карпюк В. Н.|памятник|Гродненский район||53.666133|23.924972|||[]|||10|[]|osm:node/7055302117
Курилловичу Антонию|памятник|Гродненский район||53.675015|23.830776|||[]|||10|[]|osm:node/7055333898
Захаров Г. Ф.|памятник|Гродненский район||53.678741|23.846764|||[]|||10|[]|osm:node/7055348477
Семеняко Ю. В.|памятник|Гродненский район||53.678137|23.838415|||[]|||10|[]|osm:node/7055394627
Казимир Огинский|памятник|Зельвенский район||53.092459|25.321066|||[]|||10|[]|osm:node/7062524080
Дегтярня|архитектура|Мостовский район||53.411979|24.886589|||[]|||20|[]|osm:node/7062946051
Шидловский А. К.|памятник|Гродненский район||53.680742|23.829704|||[]|||10|[]|osm:node/7063049341
Памяти сотрудников КГБ|памятник|Гродненский район||53.681487|23.834073|||[]|||10|[]|osm:node/7063051099
Счастный И. А и Ролик А. К.|памятник|Гродненский район||53.682529|23.830654|||[]|||10|[]|osm:node/7063084220
Ожешко Элизе|памятник|Гродненский район||53.684242|23.839591|||[]|||10|[]|osm:node/7063103277
Воинам погибшим в Афганистане|памятник|Гродненский район||53.684388|23.841383|||[]|||10|[]|osm:node/7063109952
Пушков И. В.|памятник|Гродненский район||53.685810|23.843925|||[]|||10|[]|osm:node/7063220115
Волкович Д. И.|памятник|Гродненский район||53.686222|23.842980|||[]|||10|[]|osm:node/7063220116
Ян Кохановский|памятник|Гродненский район||53.687970|23.847987|||[]|||10|[]|osm:node/7063247970
Соломовой О. И.|памятник|Гродненский район||53.689673|23.843432|||[]|||10|[]|osm:node/7063274110
Зофья Налковская|памятник|Гродненский район||53.688676|23.839613|||[]|||10|[]|osm:node/7064439149
Ширма Г. Р.|памятник|Гродненский район||53.687016|23.835795|||[]|||10|[]|osm:node/7064439176
Ляшенко Л. Д. Чопчиц А. С.|памятник|Гродненский район||53.686602|23.835192|||[]|||10|[]|osm:node/7073204959
Волынчик А. М.|памятник|Гродненский район||53.688477|23.835651|||[]|||10|[]|osm:node/7073229122
Могильницкий А. И.|памятник|Гродненский район||53.692600|23.832721|||[]|||10|[]|osm:node/7084526509
Скрынник И. Н.|памятник|Гродненский район||53.692485|23.817773|||[]|||10|[]|osm:node/7084538681
Сухамбаев А.|памятник|Гродненский район||53.694602|23.814585|||[]|||10|[]|osm:node/7084538682
Болдин И. В.|памятник|Гродненский район||53.693386|23.805062|||[]|||10|[]|osm:node/7084577461
Ткачёв М. А.|памятник|Гродненский район||53.693033|23.808769|||[]|||10|[]|osm:node/7084592093
Барановский В. Э. Пискун А. И.|памятник|Гродненский район||53.702823|23.816100|||[]|||10|[]|osm:node/7084633634
Будынак былой стайні|архитектура|Сморгонский район||54.194756|26.448825|||[]|||20|[]|osm:node/7084640585
Счастный И. А|памятник|Гродненский район||53.698133|23.841069|||[]|||10|[]|osm:node/7091670071
Доватор Л. М.|памятник|Гродненский район||53.696830|23.827209|||[]|||10|[]|osm:node/7091789379
Ивацевичский район|памятник|Зельвенский район||52.946836|25.426907|||[]|||10|[]|osm:node/7095140618
Заменгоф Л. Л.|памятник|Гродненский район||53.679072|23.833809|||[]|||10|[]|osm:node/7107928659
Счастный И. А.|памятник|Гродненский район||53.666854|23.827955|||[]|||10|[]|osm:node/7107951785
Помнік пісьменніку Вячаславу Адамчыку|памятник|Дятловский район||53.467824|25.609227|||[]|||10|[]|osm:node/7108562640
Городище|архитектура|Кореличский район||53.523068|26.157372|||[]|||20|[]|osm:node/7142801680
Памятник землякам|памятник|Кореличский район||52.813059|26.553427|||[]|||10|[]|osm:node/7175596570
Воин|памятник|Сморгонский район||54.225471|26.609115|||[]|||10|[]|osm:node/7218305973
Яблоновка 1837|памятник|Кореличский район||53.520114|26.829252|||[]|||10|[]|osm:node/7259069441
Древнее Селище|архитектура|Кореличский район||53.539262|26.571921|||[]|||20|[]|osm:node/7278226465
Усадебный дом Дзеконских|замок|Зельвенский район||52.869388|24.676393|||[]|||40|[]|osm:node/7281060285
Костел св. Юрия (1933)|костёл|Сморгонский район||54.035456|26.681135|||[]|||20|[]|osm:node/7287762153
Михась Рудковский|памятник|Кореличский район||52.848672|26.600556|||[]|||10|[]|osm:node/7287789445
Виктор Павлович Шаповал|памятник|Кореличский район||52.751187|26.418685|||[]|||10|[]|osm:node/7287792036
Василий Фёдорович Проскуров|памятник|Кореличский район||52.763247|26.425847|||[]|||10|[]|osm:node/7287794894
Литературный музей М.Рудковского|музей|Кореличский район|Востраў|52.852728|26.608071|||[]|||40|[]|osm:node/7287803278
Михась Рудковский|памятник|Кореличский район||52.852593|26.608319|||[]|||10|[]|osm:node/7287818925
Захоронение Романовских|памятник|Лидский район||53.694232|25.455122|||[]|||10|[]|osm:node/7298126963
ДОТ Первой мировой войны|архитектура|Лидский район||53.729140|25.461594|||[]|||20|[]|osm:node/7298142589
Владимир Антонович Марук|памятник|Кореличский район||52.852006|26.631340|||[]|||10|[]|osm:node/7298670812
ГАЗ-52|памятник|Кореличский район||53.029396|26.237116|||[]|||10|[]|osm:node/7298916197
Хозпостройки|архитектура|Кореличский район||53.249059|26.237086|||[]|||20|[]|osm:node/7314611035
Коптильня|архитектура|Кореличский район||53.246394|26.234635|||[]|||20|[]|osm:node/7314611036
Памятник расстрелянным жителям|памятник|Сморгонский район||54.550900|26.975204|||[]|||10|[]|osm:node/7316611778
Жилой дом 19в.|архитектура|Ивьевский район||54.134041|25.714486|||[]|||20|[]|osm:node/7352184454
Памятник советским воинам и партизанам|памятник|Кореличский район||52.769078|26.523249|||[]|||10|[]|osm:node/7367356979
Место массового уничтожения|памятник|Кореличский район||52.752992|26.435327|||[]|||10|[]|osm:node/7367366672
Погибшим комсомольцам-подпольщикам, воинам, партизанам, землякам-активистам|памятник|Лидский район||53.739803|25.373303|||[]|||10|[]|osm:node/7367620073
Памятник немецким солдатам|памятник|Дятловский район||53.234996|25.945548|||[]|||10|[]|osm:node/7380151333
Братская могила 196 жертв фашизма убитых 9.02.1943|памятник|Кореличский район||53.132083|26.937674|||[]|||10|[]|osm:node/7396421619
Погибшим во Второй мировой войне|памятник|Свислочский район||53.058510|23.981491|||[]|||10|[]|osm:node/7399187023
Советский памятник|памятник|Ошмянский район||54.451515|25.867379|||[]|||10|[]|osm:node/7406071772
Козловскому Игнату Игнатьевичу|памятник|Кореличский район||53.105596|26.998405|||[]|||10|[]|osm:node/7417031754
Усадьба Брохоцких «Городий»|замок|Кореличский район||53.354654|26.541171|||[]|||40|[]|osm:node/7422332012
Дом управляющего|архитектура|Кореличский район||53.354410|26.543808|||[]|||20|[]|osm:node/7422332040
Музейная экспозиция судебных экспертов|музей|Гродненский район||53.674476|23.864451|||[]|||40|[]|osm:node/7450061841
84 землякам погибшим в ВОВ|памятник|Дятловский район||53.358293|25.825809|||[]|||10|[]|osm:node/7468417224
Женщина в трауре с ребенком|памятник|Лидский район||53.718050|25.501400|||[]|||10|[]|osm:node/7469330388
Скорбящая мать|памятник|Лидский район||53.713906|25.467639|||[]|||10|[]|osm:node/7469330389
Погибшим землякам|памятник|Лидский район||53.734340|25.418026|||[]|||10|[]|osm:node/7469330390
В память о погибших земляках|памятник|Лидский район||53.804058|25.502821|||[]|||10|[]|osm:node/7469330391
Женщина в трауре и суворовец|памятник|Дятловский район||53.646853|25.312209|||[]|||10|[]|osm:node/7469330393
Лидским подпольщикам|памятник|Лидский район||53.876783|25.300562|||[]|||10|[]|osm:node/7472748184
Братская могила 9 партизан|памятник|Дятловский район||53.361386|25.812568|||[]|||10|[]|osm:node/7473110620
Иоселевичу И.В.|памятник|Дятловский район||52.989005|25.627378|||[]|||10|[]|osm:node/7483952307
Антонаў Ілля Сямёнавіч|памятник|Гродненский район||53.681162|23.836989|||[]|||10|[]|osm:node/7500883325
Здание конца 19в.|архитектура|Дятловский район||53.313187|25.703884|||[]|||20|[]|osm:node/7502787585
Памятник Войнам Великой Отечественной Войны|памятник|Лидский район||54.039893|25.410621|||[]|||10|[]|osm:node/7506113317
Скорбящая мать|памятник|Гродненский район||53.702734|24.007374|||[]|||10|[]|osm:node/7508780060
Музей Алоизы Пашкевич (Тётки)|музей|Щучинский район||53.730082|24.525983|||[]|||40|[]|osm:node/7514857361
Курбатов М. Т.|памятник|Гродненский район||53.667643|23.827458|||[]|||10|[]|osm:node/7518536877
Музей Боевой Славы|музей|Гродненский район||53.691657|23.805579|||[]|||40|[]|osm:node/7518616338
Партизанский лагерь|замок|Кореличский район||53.852061|26.441394|||[]|||40|[]|osm:node/7522528184
Музей мотоциклов|музей|Гродненский район||53.883855|24.136962|||[]|||40|[]|osm:node/7603836502
Церковь «Благодать»|костёл|Лидский район||53.713333|25.507067|||[]|||20|[]|osm:node/7631484255
Геннадий Обухов|памятник|Гродненский район||53.686072|23.846686|||[]|||10|[]|osm:node/7633233082
Памяти Павших 1941-1945|памятник|Сморгонский район||54.594105|26.876791|||[]|||10|[]|osm:node/7656828872
Братская могила|памятник|Зельвенский район||53.088945|25.289119|||[]|||10|[]|osm:node/7663727304
Музей хлеба и зерна|музей|Сморгонский район|Жодзішкі|54.620379|26.446951|||[]|||40|[]|osm:node/7667263097
90 лет окончания Первой мировой войны|памятник|Кореличский район||53.199933|26.091736|||[]|||10|[]|osm:node/7673001196
Церковь евангельских христиан баптистов|костёл|Лидский район||53.723091|25.496363|||[]|||20|[]|osm:node/7676104861
Кладбище немецких военнопленных 2-й мировой войны|памятник|Дятловский район||53.031260|25.761823|||[]|||10|[]|osm:node/7692321023
Валун «Богатырь»|архитектура|Дятловский район||53.381969|25.521677|||[]|||20|[]|osm:node/7695473508
Германский форт|архитектура|Сморгонский район||54.455109|26.354727|||[]|||20|[]|osm:node/7703687985
Вёчен ваш подвиг|памятник|Сморгонский район||54.204644|26.304494|||[]|||10|[]|osm:node/7718120685
Музей Сапегов|музей|Зельвенский район|Ружаны|52.860020|24.895573|||[]|We-Fr 09:00-13:00, 14:00-18:00; Sa, Su 10:00-18:00|yes|40|[]|osm:node/7729053228
Флигель в составе комплекса бывшей усадьбы «Альбертин»|замок|Зельвенский район||53.089125|25.397054|||[]|||40|[]|osm:node/7729053340
Белорусским философам и поэтам|памятник|Кореличский район||53.537326|26.577295|||[]|||10|[]|osm:node/7730189214
Памятник партизанам|памятник|Сморгонский район||54.770898|26.893912|||[]|||10|[]|osm:node/7731412454
Дуб-тройник «Свитязанский»|архитектура|Новогрудский район||53.444199|25.914938|||[]|24/7||20|[]|osm:node/7736834092
Братская могила 34 погибших в ВОВ|памятник|Дятловский район||53.037999|25.858383|||[]|||10|[]|osm:node/7743698373
Камень Филаретов|архитектура|Кореличский район||53.373606|26.112114|||[]|||20|[]|osm:node/7746667085
В память погибших в Великой Отечественной войне|памятник|Кореличский район||52.898104|26.778676|||[]|||10|[]|osm:node/7756339799
В.И.Ленин|памятник|Зельвенский район||53.047421|25.141253|||[]|||10|[]|osm:node/7764900316
Дуб зелёный|архитектура|Кореличский район||53.983648|26.931193|||[]|||20|[]|osm:node/7775614685
Памятник жертв холокоста|памятник|Кореличский район||52.975547|26.307219|||[]|||10|[]|osm:node/7795288936
Старый катамаран|архитектура|Кореличский район||53.200451|26.158882|||[]|||20|[]|osm:node/7826670781
ПДОТ №012|архитектура|Кореличский район||53.413050|26.948059|||[]|||20|[]|osm:node/7830726173
ПДОТ №024|архитектура|Кореличский район||53.417559|26.938059|||[]|||20|[]|osm:node/7830726174
ОППК №06|архитектура|Кореличский район||53.423695|26.935040|||[]|||20|[]|osm:node/7830726175
ОПДОТ №09|архитектура|Кореличский район||53.426266|26.944621|||[]|||20|[]|osm:node/7830726176
ОППК №03|архитектура|Кореличский район||53.433932|26.937985|||[]|||20|[]|osm:node/7830726177
Богатырь|архитектура|Сморгонский район||54.456743|26.493976|||[]|||20|[]|osm:node/7839968795
Место усадьбы Ведьма|архитектура|Кореличский район||53.120157|26.300497|||[]|||20|[]|osm:node/7853365219
Место усадьбы|архитектура|Дятловский район||53.299522|25.852213|||[]|||20|[]|osm:node/7853365220
Односельчанам, погибшим во Второй мировой войне|памятник|Дятловский район||53.364525|25.701468|||[]|||10|[]|osm:node/7877489868
Партизан Ковалевский И.И.|памятник|Дятловский район||53.347510|25.777331|||[]|||10|[]|osm:node/7877489869
Братская могила|памятник|Дятловский район||53.367296|25.817482|||[]|||10|[]|osm:node/7877489870
Братская могила|памятник|Дятловский район||53.336161|25.847631|||[]|||10|[]|osm:node/7877489871
Партизан Скоморох П.В.|памятник|Дятловский район||53.336131|25.847565|||[]|||10|[]|osm:node/7877489872
Братская могила|памятник|Дятловский район||53.232133|25.842831|||[]|||10|[]|osm:node/7877489873
Братская могила|памятник|Новогрудский район||53.351588|25.895290|||[]|||10|[]|osm:node/7877489875
Братская могила|памятник|Новогрудский район||53.352002|25.910698|||[]|||10|[]|osm:node/7877489876
Братская могила|памятник|Новогрудский район||53.330217|26.011439|||[]|||10|[]|osm:node/7877489877
Партизанам|памятник|Новогрудский район||53.330046|26.011371|||[]|||10|[]|osm:node/7877489878
Братская могила|памятник|Дятловский район||53.069003|25.689557|||[]|||10|[]|osm:node/7877489883
Музей христианства|музей|Дятловский район||53.143538|26.005611|||[]|||40|[]|osm:node/7900429821
Иоан Павел II|памятник|Сморгонский район||54.089786|26.528182|||[]|||10|[]|osm:node/7900674979
Богородица|памятник|Сморгонский район||54.089449|26.527763|||[]|||10|[]|osm:node/7900674980
Место народного училища|архитектура|Дятловский район||53.318281|25.693902|||[]|||20|[]|osm:node/7902282605
Место костела 16 в.|костёл|Дятловский район||53.311728|25.701096|||[]|||20|[]|osm:node/7902282606
Жертвам фашизма|памятник|Зельвенский район||53.010834|25.303326|||[]|||10|[]|osm:node/7902333585
Партизанская стоянка|памятник|Новогрудский район||53.827265|25.891950|||[]|||10|[]|osm:node/7902718620
Багриму|памятник|Кореличский район||53.200207|26.156903|||[]|||10|[]|osm:node/7903060337
Памятник погибшим в 1-й Мировой войне|памятник|Кореличский район||53.250722|26.086779|||[]|||10|[]|osm:node/7919461592
Руины|архитектура|Кореличский район||53.295620|26.236145|||[]|||20|[]|osm:node/7920298699
Место усадьбы|архитектура|Кореличский район||53.342157|26.273875|||[]|||20|[]|osm:node/7922018306
слоник|памятник|Кореличский район||53.557616|26.926783|||[]|||10|[]|osm:node/7934621585
Аллея|архитектура|Кореличский район||53.304466|26.161678|||[]|||20|[]|osm:node/7945965573
Место усадьбы|архитектура|Кореличский район||53.335941|26.310869|||[]|||20|[]|osm:node/7947255837
Памятник на месте дома Винцента Дунина-Мартинкевича|памятник|Кореличский район||54.009621|26.768808|||[]|||10|[]|osm:node/7951122285
Место усадьбы|архитектура|Кореличский район||53.345972|26.125989|||[]|||20|[]|osm:node/7964755804
Место усадьбы|архитектура|Кореличский район||53.339542|26.146697|||[]|||20|[]|osm:node/7964755805
Место усадьбы|архитектура|Кореличский район||53.340574|26.116539|||[]|||20|[]|osm:node/7964755806
Поле ДОТов|архитектура|Кореличский район||53.337273|26.105331|||[]|||20|[]|osm:node/7964755807
Место усадьбы|архитектура|Кореличский район||53.325575|26.095588|||[]|||20|[]|osm:node/7964755808
Место будущей колокольни|храм|Зельвенский район||53.013807|25.346551|||[]|||20|[]|osm:node/7972540290
Усадьба: водяная мельница (XIXв. - аутентич. цоколь, 2-ая пол. XXв. - восстан. остальное)|архитектура|Сморгонский район||54.419369|26.522297|||[]|||20|[]|osm:node/7973775159
Памяти рода Огинских|памятник|Сморгонский район||54.420252|26.523587|||[]|||10|[]|osm:node/7973775210
Мураванка|архитектура|Кореличский район||53.308648|26.170763|||[]|||20|[]|osm:node/7991072420
Дзед-Валун|архитектура|Гродненский район||53.723226|23.798222|||[]|||20|[]|osm:node/7995383153
Часовня в честь Иконы Божьей Матери Живоносный источник|церковь|Дятловский район|Падгорнаўскі сельскі Савет|52.940997|25.638478|||[]|||20|[]|osm:node/7995631121
По страницам жизни и творчества М.Пташука|музей|Кореличский район||53.249766|26.288058|||[]|||40|[]|osm:node/7996452862
Краеведческий музей|музей|Кореличский район||53.297085|26.238535|||[]|||40|[]|osm:node/7996452863
Боевой и трудовой славы|музей|Дятловский район||53.272700|25.919748|||[]|||40|[]|osm:node/7996473695
Дом для рабочих|архитектура|Кореличский район||53.231995|26.689020|||[]|||20|[]|osm:node/8005955178
Место усадьбы|архитектура|Дятловский район||53.285267|25.690929|||[]|||20|[]|osm:node/8012229857
Мемориальный камень на месте падения самолета В.Н. Карвата|памятник|Новогрудский район||53.257589|26.019503|||[]|||10|[]|osm:node/8013447186
Место усадьбы Робовщина|архитектура|Новогрудский район||53.394834|25.937774|||[]|||20|[]|osm:node/8015697466
Камень Мицкевича|памятник|Вороновский район||54.236687|25.312240|||[]|||10|[]|osm:node/8023075593
Место мельницы|архитектура|Новогрудский район||53.327842|26.010840|||[]|||20|[]|osm:node/8040119412
Коссовский дворец|музей|Зельвенский район|Косава|52.765629|25.121576|||[]|We-Su 09:30-18:00|yes|40|[]|osm:node/8040253130
Чемброво|замок|Новогрудский район||53.470100|25.876410|||[]|||40|[]|osm:node/8042729079
Световые колодцы|архитектура|Кореличский район||53.226365|26.702114|||[]|||20|[]|osm:node/8068401353
Сливной фонтан|архитектура|Кореличский район||53.222654|26.693847|||[]|||20|[]|osm:node/8068401354
Братская могила 68 воинов и партизан|памятник|Зельвенский район||52.753739|25.148556|||[]|||10|[]|osm:node/8071824137
майору Беззубову А.С. (07.1944)|памятник|Зельвенский район||52.753673|25.148474|||[]|||10|[]|osm:node/8071824138
Братская могила воинов|памятник|Зельвенский район||52.753664|25.148440|||[]|||10|[]|osm:node/8071824139
Подпольщик Тринда Николай Фёдорович (24.2.1904-11.5.1944) и партизан Полещук Владимир Иосифович (5.1944)|памятник|Зельвенский район||52.753655|25.148416|||[]|||10|[]|osm:node/8071824140
Дом антифашистов-подпольщиков в 1941-1942гг|памятник|Зельвенский район||52.760596|25.157397|||[]|||10|[]|osm:node/8071824145
Колокольня|костёл|Новогрудский район||53.784639|25.979351|||[]|||20|[]|osm:node/8087983462
Город партизан|памятник|Зельвенский район||52.753641|25.147369|||[]|||10|[]|osm:node/8090865370
памятник безымянному солдату|памятник|Дятловский район||53.638584|25.185659|||[]|||10|[]|osm:node/8113098302
11 Землякам погибшим в ВОВ|памятник|Мостовский район||53.559393|24.423806|||[]|||10|[]|osm:node/8141587242
Курган периода раннего средневековья|архитектура|Кореличский район||52.771899|26.558674|||[]|||20|[]|osm:node/8148714060
ДОТ Польский|замок|Новогрудский район||53.251047|26.070886|||[]|||40|[]|osm:node/8196667219
ДОТ Первая мировая война|замок|Новогрудский район||53.254259|26.067679|||[]|||40|[]|osm:node/8196667220
Ворота «Мир»|памятник|Свислочский район||53.099531|23.882227|||[]|||10|[]|osm:node/8262762379
Дворчанину|памятник|Дятловский район||53.466302|25.405905|||[]|||10|[]|osm:node/8263526420
«Мураванка»|архитектура|Новогрудский район||53.329104|26.010725|||[]|||20|[]|osm:node/8298109142
Господский двор Ратинцы|замок|Кореличский район||53.913225|26.939638|||[]|||40|[]|osm:node/8307403793
Бывшая синагога|архитектура|Дятловский район||53.128707|26.009260|||[]|||20|[]|osm:node/8364657948
Усадебный дом 19в.|архитектура|Гродненский район||53.802386|23.811017|||[]|||20|[]|osm:node/8381261055
Хозпостройка нач.20в.|архитектура|Гродненский район||53.800822|23.812871|||[]|||20|[]|osm:node/8381261067
Грэка-каталіцкая парафія Маці Боскай Фацімскай|костёл|Гродненский район||53.679606|23.833869|||[]|||20|[]|osm:node/8401633383
Братская могила 5 воинов|памятник|Кореличский район||53.293405|26.234254|||[]|||10|[]|osm:node/8421324878
Флигель усадьбы|архитектура|Кореличский район||53.294045|26.234080|||[]|||20|[]|osm:node/8421380384
Рафаил Слизень|памятник|Кореличский район||53.293998|26.233483|||[]|||10|[]|osm:node/8421380385
Бывшее польское военное поселение Буйневичи.|архитектура|Дятловский район||53.302496|25.884724|||[]|||20|[]|osm:node/8435656637
Танк ИС-3|памятник|Кореличский район||53.079355|26.639647|||[]|||10|[]|osm:node/8491072756
Якентанский валун|архитектура|Островецкий район||54.616547|26.132981|||[]|||20|[]|osm:node/8546399808
Довоенная граница между Польшей и СССР|архитектура|Кореличский район||53.051518|26.804903|||[]|||20|[]|osm:node/8559768620
Подвигу народному слава|памятник|Кореличский район||53.149178|26.688120|||[]|||10|[]|osm:node/8566774387
Ленин|памятник|Дятловский район||53.127637|26.024685|||[]|||10|[]|osm:node/8626524918
Лясное возера|памятник|Сморгонский район||54.458109|26.134765|||[]|||10|[]|osm:node/8641712817
ДОТ|памятник|Сморгонский район||54.525070|26.402600|||[]|||10|[]|osm:node/8643702001
Магіла Уладзіслава Дыбоўскага|архитектура|Новогрудский район||53.759373|26.031308|||[]|||20|[]|osm:node/8671698399
Землякам погибшим в ВОВ|памятник|Сморгонский район||54.500005|26.251349|||[]|||10|[]|osm:node/8698903847
Землякам, погибшим во Второй мировой войне|памятник|Островецкий район||54.778752|26.042757|||[]|||10|[]|osm:node/8699454202
Ракета (в память о воинах-ракетчиках)|памятник|Сморгонский район||54.484259|26.384780|||[]|||10|[]|osm:node/8721182486
Руины ДОТа 1-й мировой войны|архитектура|Сморгонский район||54.346315|26.338502|||[]|||20|[]|osm:node/8721825625
143 жителям убитых фашистами в 1944г.|памятник|Островецкий район||54.796305|25.886191|||[]|||10|[]|osm:node/8769839128
Памятник неизвестному воину-танкисту|памятник|Сморгонский район||54.396297|26.820772|||[]|||10|[]|osm:node/8772288001
Золотая горка (историко-культ. комплекс ПМВ)|архитектура|Сморгонский район||54.491972|26.440006|||[]|||20|[]|osm:node/8783642442
Блиндаж 1-ой мировой войны|архитектура|Сморгонский район||54.442301|26.357257|||[]|||20|[]|osm:node/8783709332
Блиндаж 1-ой мировой войны|архитектура|Сморгонский район||54.446797|26.361304|||[]|||20|[]|osm:node/8783709333
Блиндаж 1-ой мировой войны|архитектура|Сморгонский район||54.451569|26.362223|||[]|||20|[]|osm:node/8783709379
Блиндаж 1-ой мировой войны|архитектура|Сморгонский район||54.459869|26.368498|||[]|||20|[]|osm:node/8783709387
Блиндаж 1-ой мировой войны|архитектура|Сморгонский район||54.462032|26.370592|||[]|||20|[]|osm:node/8783709388
Блиндаж 1-ой мировой войны (разрушен)|архитектура|Сморгонский район||54.465599|26.373265|||[]|||20|[]|osm:node/8783709389
Блиндаж 1-ой мировой войны (разрушен)|архитектура|Сморгонский район||54.465965|26.371944|||[]|||20|[]|osm:node/8783709390
Блиндаж 1-ой мировой войны|архитектура|Сморгонский район||54.467340|26.365219|||[]|||20|[]|osm:node/8783709391
Блиндаж 1-ой мировой войны|архитектура|Сморгонский район||54.457644|26.354347|||[]|||20|[]|osm:node/8783709394
Блиндаж 1-ой мировой войны|архитектура|Сморгонский район||54.457188|26.353895|||[]|||20|[]|osm:node/8783709397
Землякам и летчику Н.Гастелло|памятник|Новогрудский район||53.472555|26.023041|||[]|||10|[]|osm:node/8788602239
Кладбище немецких солдат 1-й мировой войны|памятник|Кореличский район||52.955914|26.342039|||[]|||10|[]|osm:node/8836592935
Место корчмы|архитектура|Кореличский район||53.129520|26.088812|||[]|||20|[]|osm:node/8880961683
Место усадьбы|архитектура|Дятловский район||53.150518|25.903416|||[]|||20|[]|osm:node/8880961684
Пороховой погреб 8 и 9 фортов|замок|Гродненский район||53.628370|23.879873|||[]|||40|[]|osm:node/8887200817
Камень|архитектура|Кореличский район||53.152104|26.802529|||[]|||20|[]|osm:node/8930753420
Лотарингский крест|памятник|Лидский район||53.806208|25.509671|||[]|||10|[]|osm:node/8948637099
Дерево любви|архитектура|Щучинский район||53.600642|24.958192|||[]|||20|[]|osm:node/8977239836
Елисей Лавришевский|памятник|Новогрудский район||53.598246|25.822575|||[]|||10|[]|osm:node/8987830117
Орудийно-пулемётный полукапонир|архитектура|Кореличский район||52.979842|26.916240|||[]|||20|[]|osm:node/8989847608
Орудийно-пулемётный полукапонир|архитектура|Кореличский район||52.974857|26.917467|||[]|||20|[]|osm:node/8989847609
Пушка|памятник|Кореличский район||53.066511|26.628751|||[]|||10|[]|osm:node/8989982003
Плавучий дом|памятник|Мостовский район||53.438130|24.328057|||[]|||10|[]|osm:node/8990494817
Большой камень побоевский|архитектура|Зельвенский район||53.283975|24.856533|||[]|||20|[]|osm:node/9000023056
Магіла генерал-маёра Гампера Е.Е.|памятник|Зельвенский район||53.250456|24.924444|||[]|||10|[]|osm:node/9001120332
Памятник участникам восстания 1863-64 гг.|памятник|Мостовский район||53.318062|24.652861|||[]|||10|[]|osm:node/9013154417
Воинам-афганцам|памятник|Кореличский район||53.223431|26.682745|||[]|||10|[]|osm:node/9018995112
Бывший деревянный мост|архитектура|Свислочский район||52.825414|24.065285|||[]|||20|[]|osm:node/9026435228
Пограничникам Беларуси|памятник|Сморгонский район||54.484319|26.384251|||[]|||10|[]|osm:node/9027172538
Калининский камень|архитектура|Зельвенский район||53.253286|24.715156|||[]|||20|[]|osm:node/9039757715
Заколонский валун с ямками|архитектура|Зельвенский район||53.247168|25.006859|||[]|||20|[]|osm:node/9039780392
Землякам, погибшим во Второй мировой войне|памятник|Зельвенский район||53.247493|24.919721|||[]|||10|[]|osm:node/9050775495
Черняховскому И.Д.|памятник|Зельвенский район||53.247738|24.919226|||[]|||10|[]|osm:node/9051589746
Курган Славы|памятник|Зельвенский район||53.279974|24.872219|||[]|||10|[]|osm:node/9053524663
Цитаишвили Г.Н.|памятник|Берестовицкий район||53.292287|23.931295|||[]|||10|[]|osm:node/9056133410
Анатомический музей|музей|Гродненский район||53.701563|23.820356|||[]|We-Su 10:40-14:40,15:00-19:00|yes|40|[]|osm:node/9064878010
Кузница|архитектура|Кореличский район||53.740006|26.878013|||[]|||20|[]|osm:node/9066579207
Курганный могильник|архитектура|Зельвенский район||53.125156|24.793631|||[]|||20|[]|osm:node/9066645459
Окольный город|архитектура|Кореличский район||53.070611|26.629229|||[]|||20|[]|osm:node/9082459207
Зямля бацькоў|музей|Гродненский район||53.707681|23.801281|||[]|||40|[]|osm:node/9104048398
Памятник ВОВ|памятник|Сморгонский район||54.221668|26.657977|||[]|||10|[]|osm:node/9126266239
Туристический комплекс Вольный Мельник|музей|Лидский район||53.997526|25.385879|||[]||yes|40|[]|osm:node/9130502186
Музей истории гимназии|музей|Гродненский район||53.658154|23.852482|||[]|||40|[]|osm:node/9152525250
Лесничевка нач.20в.|архитектура|Зельвенский район||53.113192|25.170461|||[]|||20|[]|osm:node/9162020147
Каменные могилы|архитектура|Кореличский район||53.909641|26.701102|||[]|||20|[]|osm:node/9214995731
Усадебный дом Тызенгаузов|замок|Гродненский район||53.633955|23.727214|||[]|||40|[]|osm:node/9221661352
Мемориал Михасю Васильку и Макару Кравцову|памятник|Щучинский район||53.660640|24.336990|||[]|||10|[]|osm:node/9222295082
Аляксей Інакенцьевіч Антонаў|памятник|Гродненский район||53.671567|23.848555|||[]|||10|[]|osm:node/9231015980
Братская могила|памятник|Зельвенский район||53.219013|24.741066|||[]|||10|[]|osm:node/9238579937
Основателям племенной службы на Ошмянской земле|памятник|Ошмянский район||54.419832|26.060441|||[]|||10|[]|osm:node/9269987866
Огородницкий валун|архитектура|Ошмянский район||54.413982|26.038946|||[]|||20|[]|osm:node/9270108834
Валун «Жвирблишкинский»|архитектура|Островецкий район||54.497028|25.924277|||[]|||20|[]|osm:node/9270128042
Моствилишкинский валун|архитектура|Ошмянский район||54.378494|26.009304|||[]|||20|[]|osm:node/9270129724
Большой камень Смолянковский|архитектура|Ошмянский район||54.326945|26.073299|||[]|||20|[]|osm:node/9270141619
Валун «Студенецкий»|архитектура|Ивьевский район||54.249253|26.139921|||[]|||20|[]|osm:node/9270168413
Анкудовский большой камень|архитектура|Островецкий район||54.504230|26.002523|||[]|||20|[]|osm:node/9270173394
Гологурский большой камень|архитектура|Островецкий район||54.530980|25.943073|||[]|||20|[]|osm:node/9270208619
Огородникский большой камень|архитектура|Ошмянский район||54.412361|26.051342|||[]|||20|[]|osm:node/9270222249
Гологурский валун|архитектура|Островецкий район||54.531138|25.945637|||[]|||20|[]|osm:node/9270224926
Вощиникинский валун|архитектура|Ошмянский район||54.339123|26.111521|||[]|||20|[]|osm:node/9270226178
Петровичский валун|архитектура|Ивьевский район||54.255697|26.162544|||[]|||20|[]|osm:node/9270247095
Лапейкинский большой камень|архитектура|Ошмянский район||54.354500|25.696034|||[]|||20|[]|osm:node/9270321627
Чернушкинский валун|архитектура|Ошмянский район||54.346238|26.084547|||[]|||20|[]|osm:node/9270379050
Гиневский валун|архитектура|Ошмянский район||54.353907|26.061585|||[]|||20|[]|osm:node/9270381122
Гудовщинский валун-1|архитектура|Ивьевский район||54.226119|26.176297|||[]|||20|[]|osm:node/9270394162
Гудовщинский валун-2|архитектура|Ивьевский район||54.226502|26.177611|||[]|||20|[]|osm:node/9270394163
Войтеховский большой камень|архитектура|Ошмянский район||54.339753|26.099866|||[]|||20|[]|osm:node/9270397477
Войтеховский валун|архитектура|Ошмянский район||54.340489|26.100300|||[]|||20|[]|osm:node/9270397506
Новодворский валун|архитектура|Ошмянский район||54.359318|26.002433|||[]|||20|[]|osm:node/9270407822
Мочиловский валун-1|архитектура|Ошмянский район||54.357281|26.034511|||[]|||20|[]|osm:node/9270417170
Мочиловский валун-2|архитектура|Ошмянский район||54.357199|26.034519|||[]|||20|[]|osm:node/9270417171
Лойтевщинский валун|архитектура|Ошмянский район||54.309109|25.932884|||[]|||20|[]|osm:node/9270435630
Ровский валун|архитектура|Ивьевский район||54.242735|26.174988|||[]|||20|[]|osm:node/9270452325
Войневичский валун|архитектура|Ошмянский район||54.367910|26.048454|||[]|||20|[]|osm:node/9270459669
Шаповаловский валун|архитектура|Ошмянский район||54.321339|26.059082|||[]|||20|[]|osm:node/9270527197
Петковский валун|архитектура|Ошмянский район||54.363769|26.003665|||[]|||20|[]|osm:node/9270560271
Музей Воинской Славы|музей|Гродненский район||53.673020|23.848493|||[]|||40|[]|osm:node/9281547306
Землякам погибшим в ВОВ|памятник|Сморгонский район||54.253611|26.427782|||[]|||10|[]|osm:node/9379403942
В честь партизанского отряда имени Н.И.Кузнецова|памятник|Сморгонский район||54.294598|26.477006|||[]|||10|[]|osm:node/9379403945
Конлгомераты Смольчицкие|архитектура|Новогрудский район||53.529273|26.031853|||[]|||20|[]|osm:node/9392994778
Камень в честь места рождения Л. Гениюш|памятник|Мостовский район||53.359276|24.312330|||[]|||10|[]|osm:node/9418977064
Жывая гісторыя горада|музей|Гродненский район||53.702138|23.844849|||[]|||40|[]|osm:node/9420851699
Школьный музей военной истории|музей|Гродненский район||53.660357|23.788401|||[]|||40|[]|osm:node/9427992103
И.А.Гошкевич|памятник|Островецкий район||54.613992|25.959370|||[]|||10|[]|osm:node/9437372890
Памятник Ленину|памятник|Свислочский район||52.936549|24.363315|||[]|||10|[]|osm:node/9451064340
Евреям-жертвам нацизма|памятник|Свислочский район||52.938513|24.365345|||[]|||10|[]|osm:node/9451064342
Музей партизанской славы|музей|Гродненский район||53.707720|23.801243|||[]|||40|[]|osm:node/9476711460
Синяя вечность|музей|Гродненский район||53.653150|23.839419|||[]|||40|[]|osm:node/9511676181
Здание корчмы|архитектура|Кореличский район||53.455807|26.464532|||[]|||20|[]|osm:node/9519363491
Место усадьбы Видуховских|замок|Зельвенский район||52.984398|25.553012|||[]|||40|[]|osm:node/9520399281
Музейная комната Захара Тарасевича|музей|Гродненский район||53.641861|23.853288|||[]|||40|[]|osm:node/9532928353
Братская могила узников Колдычевского концлагеря|памятник|Новогрудский район||53.324867|26.001568|||[]|||10|[]|osm:node/9537750981
Арцименя М.А.|памятник|Новогрудский район||53.326778|26.004752|||[]|||10|[]|osm:node/9537751010
Гуцев У.А.|памятник|Новогрудский район||53.327243|26.005920|||[]|||10|[]|osm:node/9537751011
Загорацкий И.И.|памятник|Новогрудский район||53.327153|26.006028|||[]|||10|[]|osm:node/9537751012
Солдаты победы|музей|Гродненский район||53.649241|23.826855|||[]||no|40|[]|osm:node/9554947591
Женщина в печали|памятник|Кореличский район||53.124971|26.882290|||[]|||10|[]|osm:node/9557539591
Фёдор Гудей|памятник|Гродненский район||53.670276|23.859509|||[]|||10|[]|osm:node/9569476928
Ленин В.И.|памятник|Дятловский район||53.274491|25.919132|||[]|||10|[]|osm:node/9573853824
Музей миниатюр «Страчаная спадчына»|музей|Новогрудский район||53.596259|25.822437|||[]|24/7|no|40|[]|osm:node/9574965517
Стоянка «Добрый Бор-1»|архитектура|Зельвенский район||52.976994|25.514033|||[]|||20|[]|osm:node/9588402087
Гришук Арсенал|музей|Гродненский район||53.677686|23.833105|||[]|Tu-Sa 10:00-19:00|5 BYN|40|[]|osm:node/9590281819
Арка со звёздами Давида|памятник|Кореличский район||53.457854|26.474613|||[]|||10|[]|osm:node/9622093417
История Фолюша|музей|Гродненский район||53.656538|23.779005|||[]|||40|[]|osm:node/9627086115
Братская могила Советских воинов павших 7 июля 1944г.|памятник|Кореличский район||53.152935|26.181170|||[]|||10|[]|osm:node/9629816437
Рэнальд Кныш|памятник|Гродненский район||53.679528|23.832081|||[]|||10|[]|osm:node/9630319337
Музей Лидского Бровара|музей|Лидский район||53.897050|25.303218|||[]|We-Su 10:00-20:00|20 BYN|40|[]|osm:node/9630334266
Братская могила|памятник|Кореличский район||53.094550|26.298793|||[]|||10|[]|osm:node/9646473642
Музейная комната интернациональной дружбы|музей|Гродненский район||53.701242|23.811964|||[]|||40|[]|osm:node/9704036317
Мемориал ВОВ|памятник|Новогрудский район||53.560532|25.829876|||[]|||10|[]|osm:node/9704966617
Борисоглебская церковь, XVI-XIX в.в|памятник|Новогрудский район||53.600057|25.823798|||[]|||10|[]|osm:node/9705011117
Историческо-культурная ценность|памятник|Новогрудский район||53.599633|25.823770|||[]|||10|[]|osm:node/9705011517
Михайловский костёл бывшего Доминиканского монастыря, пер. пол. XVIII в.|памятник|Новогрудский район||53.597453|25.824530|||[]|||10|[]|osm:node/9705029117
Здание 1882 г.|памятник|Новогрудский район||53.598900|25.824436|||[]|||10|[]|osm:node/9705114218
Здание XIX в.|памятник|Новогрудский район||53.598747|25.824115|||[]|||10|[]|osm:node/9705114219
Здание, XX век|памятник|Новогрудский район||53.598441|25.824314|||[]|||10|[]|osm:node/9705114317
Комплекс зданий по ул. Минской, 1930-е годы|памятник|Новогрудский район||53.598681|25.839288|||[]|||10|[]|osm:node/9705203717
Молодой В.И. Ленин|памятник|Новогрудский район||53.598884|25.839288|||[]|||10|[]|osm:node/9705204817
Музей еврейского сопротивления|музей|Новогрудский район||53.598008|25.839135|||[]|Tu-Su 12:00-16:00||40|[]|osm:node/9705206017
История тоннеля и побега|архитектура|Новогрудский район||53.597809|25.841382|||[]|||20|[]|osm:node/9705245617
Памятная стена|памятник|Новогрудский район||53.597793|25.841720|||[]|||10|[]|osm:node/9705245618
Аллея памяти|памятник|Новогрудский район||53.597844|25.841667|||[]|||10|[]|osm:node/9705245717
Улиточная ферма Ratov|архитектура|Кореличский район||53.535533|26.352433|||[]|||20|[]|osm:node/9705518217
Место захоронения воинов I и II мировых войн|памятник|Дятловский район||52.856366|26.145194|||[]|||10|[]|osm:node/9711501508
Графский погреб|архитектура|Дятловский район||52.853127|26.146972|||[]|||20|[]|osm:node/9711501509
2000-годдзе хрысціянству|памятник|Дятловский район||53.150118|26.001525|||[]|||10|[]|osm:node/9721244906
Здание Синагоги нач.20в.|архитектура|Новогрудский район||53.718524|25.797082|||[]|||20|[]|osm:node/9735346861
Землякам погибшим в ВОВ|памятник|Новогрудский район||53.696779|25.697099|||[]|||10|[]|osm:node/9735922332
Землякам, погибшим во Второй мировой войне|памятник|Кореличский район||53.233896|26.578245|||[]|||10|[]|osm:node/9740637442
Квартира-музей М.К.Севрука|музей|Кореличский район||53.220499|26.670071|||[]|Tu-Sa 09:00-18:00||40|[]|osm:node/9740729238
дот|архитектура|Ивьевский район||54.129575|26.269080|||[]|||20|[]|osm:node/9741457317
фольварк Лапицы|архитектура|Сморгонский район||54.034729|26.780545|||[]|||20|[]|osm:node/9741457417
В. И. Ленин|памятник|Дятловский район||52.852688|25.758111|||[]|||10|[]|osm:node/9759186660
С теплом к родному городу|памятник|Гродненский район||53.709700|23.801326|||[]|||10|[]|osm:node/9764097577
Неизведанная узкоколейка «На дрезине в заказник Озёры»|архитектура|Гродненский район||53.747801|24.178931|||[]|||20|[]|osm:node/9767948881
Промышленный историко-культурный заповедник “Неизведанная узкоколейка”|архитектура|Лидский район||53.858628|25.163598|||[]|||20|[]|osm:node/9769825292
Музей “Неизведанная узкоколейка”|музей|Лидский район|Дзітва|53.858658|25.163545|||[]|8:00 -17:00||40|[]|osm:node/9769825293
Нерегулируемый переезд узкоколейной железной дороги.|архитектура|Гродненский район||53.744796|24.216277|||[]|||20|[]|osm:node/9773119781
Квартира воспоминаний|музей|Гродненский район||53.701141|23.812117|||[]|||40|[]|osm:node/9775958137
Музей фотографии|музей|Гродненский район||53.701182|23.812269|||[]|||40|[]|osm:node/9775958138
Музей истории педагогики Гродненщины|музей|Гродненский район||53.701095|23.812012|||[]|||40|[]|osm:node/9775958140
Скорбящая мать|памятник|Дятловский район||52.831094|26.093378|||[]|||10|[]|osm:node/9798631605
Партизанам и жертвам фашизма|памятник|Дятловский район||52.831758|26.095130|||[]|||10|[]|osm:node/9798631606
В честь Малевича А.И.|памятник|Дятловский район||52.832445|26.095297|||[]|||10|[]|osm:node/9798631607
Паэтка Сафія Тшешковска (з Манькоўскіх) (псеўданім Adam M-ski)|памятник|Кореличский район||53.248218|26.964572|||[]|||10|[]|osm:node/9802648133
Рэшткі сядзібнага парку і сістэмы прудоў XVIII - пач. XX ст.|архитектура|Кореличский район||53.258036|26.950296|||[]|||20|[]|osm:node/9804745100
Гістарычнае месца касцёла|архитектура|Кореличский район||53.252684|26.954974|||[]|||20|[]|osm:node/9804794532
125 Землякам погибшим в ВОВ|памятник|Кореличский район||52.842449|26.668889|||[]|||10|[]|osm:node/9812783775
Усадебный дом Обуховичей 19в.|архитектура|Кореличский район||52.853293|26.644788|||[]|||20|[]|osm:node/9812794901
57 землякам погибшим в ВОВ|памятник|Кореличский район||52.854252|26.607852|||[]|||10|[]|osm:node/9812894848
Комната имени Павла Зуйкевича|музей|Кореличский район|Востраў|52.852464|26.608189|||[]|||40|[]|osm:node/9813014864
Чортаў камень|архитектура|Кореличский район||53.442238|26.873345|||[]|||20|[]|osm:node/9814232105
Ксёндз-пробаш Ян Фабер памёр у 1918г.|архитектура|Кореличский район||53.248243|26.964524|||[]|||20|[]|osm:node/9814297183
75 землякам погибшим в ВОВ|памятник|Кореличский район||52.775284|26.623835|||[]|||10|[]|osm:node/9815690200
Братская могила|памятник|Кореличский район||52.776870|26.629191|||[]|||10|[]|osm:node/9815690367
Дуб-патриарх|архитектура|Кореличский район||52.778074|26.627319|||[]|||20|[]|osm:node/9815690380
Круговичский валун|архитектура|Кореличский район||52.777956|26.627402|||[]|||20|[]|osm:node/9815690381
Усадебный дом Опацких герба Прус 1911г.|архитектура|Кореличский район||52.767938|26.521652|||[]|||20|[]|osm:node/9817979290
Амбар 1911г.|архитектура|Кореличский район||52.767651|26.520742|||[]|||20|[]|osm:node/9817995885
11 работникам лесхоза погибшим в ВОВ|памятник|Кореличский район||52.765158|26.432126|||[]|||10|[]|osm:node/9826339485
Здание надлесничества нач.20в.|архитектура|Кореличский район||52.765266|26.432345|||[]|||20|[]|osm:node/9826355965
Загінуўшым|памятник|Кореличский район||53.452217|26.937643|||[]|||10|[]|osm:node/9826455126
Маслакоў Д. А.|памятник|Гродненский район||53.700162|23.817586|||[]|||10|[]|osm:node/9836626285
Круговичский репер|архитектура|Кореличский район||52.775024|26.626724|||[]|||20|[]|osm:node/9847782849
Памятный знак городу-побратиму Штоккерау|памятник|Дятловский район||53.133030|26.014464|||[]|||10|[]|osm:node/9847795317
Усадебный дом Подбелых «Двор» 19в.|архитектура|Кореличский район||52.778066|26.422889|||[]|||20|[]|osm:node/9848845450
Памятник вице-адмиралу Холостякову Г.Н.|памятник|Дятловский район||53.133098|26.030730|||[]|||10|[]|osm:node/9866153090
Памятник к 150-летию БЖД|памятник|Гродненский район||53.885409|24.134259|||[]|||10|[]|osm:node/9878895067
Мемориальная колонна в честь конституции 3 мая|памятник|Зельвенский район||52.921640|24.863790|||[]|||10|[]|osm:node/9880445017
ДОТ|архитектура|Сморгонский район||54.470534|26.359182|||[]|||20|[]|osm:node/9880694761
Здание польск. периода (1930-е гг., передел. снаруж., внутри сохр. отделка)|архитектура|Сморгонский район||54.421393|26.541297|||[]|||20|[]|osm:node/9882934448
Памятник на месте расстрела евреев|памятник|Сморгонский район||54.425680|26.532044|||[]|||10|[]|osm:node/9882934451
ГМЗ|памятник|Гродненский район||53.673964|23.784295|||[]|||10|[]|osm:node/9883633151
Карбышев Д.М.|памятник|Гродненский район||53.674140|23.784870|||[]|||10|[]|osm:node/9883633152
Шарль дэ Голь|памятник|Щучинский район||53.610496|24.737329|||[]|||10|[]|osm:node/9898395447
Памятник жертвам гетто|памятник|Дятловский район||53.132627|25.992787|||[]|||10|[]|osm:node/9900604728
Брусчатка|архитектура|Сморгонский район||54.126690|26.600473|||[]|||20|[]|osm:node/9904844417
Музей истории Щучинщины|музей|Щучинский район||53.610695|24.741046|||[]|Mo-Fr 10:00-17:00||40|[]|osm:node/9915146310
Музей масонов|музей|Кореличский район||53.743297|26.876609|||[]|||40|[]|osm:node/9920696083
Охотничья резиденция короля Стефана Батория|музей|Кореличский район||53.741929|26.874865|||[]||no|40|[]|osm:node/9920781973
Музей белорусской старки|музей|Кореличский район||53.742136|26.874627|||[]||no|40|[]|osm:node/9920781974
Аллея мегалитов|архитектура|Кореличский район||53.742248|26.877823|||[]|||20|[]|osm:node/9920832494
Дед-камень|архитектура|Кореличский район||53.742572|26.878237|||[]|||20|[]|osm:node/9920832505
Стоянка древнего человека|архитектура|Кореличский район||53.743317|26.879341|||[]|||20|[]|osm:node/9920832506
Путь из варяг в греки|памятник|Кореличский район||53.741115|26.878339|||[]|||10|[]|osm:node/9921018670
Музей почты|музей|Кореличский район||53.740947|26.875311|||[]|||40|[]|osm:node/9921214069
Музей хлеба и сыра|музей|Кореличский район||53.741947|26.876483|||[]||no|40|[]|osm:node/9921214070
Аптека Зёлки|музей|Кореличский район||53.741927|26.876582|||[]||no|40|[]|osm:node/9921214073
Витина|памятник|Кореличский район||53.491274|26.736037|||[]|||10|[]|osm:node/9949309984
Погреб|архитектура|Дятловский район||53.027390|25.816426|||[]|||20|[]|osm:node/9954320841
Городище|архитектура|Зельвенский район||53.123112|24.795757|||[]|||20|[]|osm:node/9960098435
Сувениры|архитектура|Сморгонский район||54.295010|26.239136|||[]|Mo-Th 12:00-17:00; Fr-Su 11:00-19:00|yes|20|[]|osm:node/9962153795
Белорусская хата-мастерская ткачества|музей|Кореличский район||53.742034|26.876642|||[]||no|40|[]|osm:node/9968200081
Магазин Моисея Берозовича|музей|Кореличский район||53.742108|26.876642|||[]||no|40|[]|osm:node/9968200082
Музей бортничества|музей|Кореличский район||53.742281|26.876657|||[]||no|40|[]|osm:node/9968200083
Шаповальня|музей|Кореличский район||53.742196|26.876646|||[]||no|40|[]|osm:node/9968200084
Панская конюшня|музей|Кореличский район||53.740961|26.874904|||[]|||40|[]|osm:node/9968200208
Ратуша|музей|Кореличский район||53.740980|26.877003|||[]||yes|40|[]|osm:node/9968200239
Коллегиум. Музей образования|музей|Кореличский район||53.740725|26.877250|||[]||yes|40|[]|osm:node/9968200277
Гончарня|музей|Кореличский район||53.740254|26.877855|||[]|||40|[]|osm:node/9968200278
Камень-следавік|архитектура|Зельвенский район||52.875036|25.036712|||[]|||20|[]|osm:node/9968330347
Экотропа «Волшебный мир Завитанского леса»|архитектура|Кореличский район|Завітая|53.262483|26.626487|||[]|||20|[]|osm:node/9985715447
Экотропа «Волшебный мир Завитанского леса»|архитектура|Кореличский район|Завітая|53.265745|26.622911|||[]|||20|[]|osm:node/9985737966
Пересохшее озеро|архитектура|Кореличский район||53.822065|26.561437|||[]|||20|[]|osm:node/9999705217
Мемарыяльная дошка ў памяць Чэслава Выджыцкага|памятник|Щучинский район||53.761946|24.826830|||[]|||10|[]|osm:node/10004806080
Клуб-музей певца Чеслава Немэна|музей|Щучинский район||53.764517|24.829691|||[]|We-Su 10:00-14:00,15:00-19:00||40|[]|osm:node/10004806081
музей Вильчковского|музей|Дятловский район||53.364171|25.700688|||[]|||40|[]|osm:node/10013559703
Музей хлеба|музей|Дятловский район||53.133268|26.021232|||[]|||40|[]|osm:node/10013646435
Ничипорчик Андрей Владимирович|памятник|Лидский район||53.877386|25.331147|||[]|||10|[]|osm:node/10031695935
помнік жыхарам вёскі Гароднікі (Ogrodniki)|памятник|Кореличский район||53.210307|26.690168|||[]|||10|[]|osm:node/10039115472
Воложин. 1400 / Счастливого пути|памятник|Сморгонский район||54.045339|26.569043|||[]|||10|[]|osm:node/10050474417
Звоница|костёл|Сморгонский район||54.089471|26.527838|||[]|||20|[]|osm:node/10050508517
Дом управляющего|архитектура|Сморгонский район||54.225143|26.707495|||[]|||20|[]|osm:node/10050699617
Сыроварня|архитектура|Сморгонский район||54.225290|26.721411|||[]|||20|[]|osm:node/10050701217
Здание бывшей Иешивы, 1803 год|памятник|Сморгонский район||54.091049|26.528054|||[]|||10|[]|osm:node/10058100017
Костёл Св. Иосифа с надвратной колокольней, 1806-1815 гг.|памятник|Сморгонский район||54.089685|26.528028|||[]|||10|[]|osm:node/10058102517
Ансамбль бывшей резиденции Тышкевичей, конец 18-19 в.|памятник|Сморгонский район||54.088629|26.526674|||[]|||10|[]|osm:node/10058104717
Памятник бывшей УЖД|памятник|Новогрудский район||53.503692|25.752302|||[]|||10|[]|osm:node/10069174092
Антибахус|музей|Кореличский район||52.769398|26.524841|||[]|||40|[]|osm:node/10086523483
Пивоварня Кунца|архитектура|Гродненский район||53.673393|23.825882|||[]|||20|[]|osm:node/10091929800
Фарный костёл Преображения Господнего|костёл|Новогрудский район|Навагрудак|53.601341|25.830026|||[]|||20|[]|osm:node/10117382043
Капліца прыдарожная|церковь|Дятловский район||53.163657|25.982071|||[]|||20|[]|osm:node/10140467066
Костел Святого Михаила Архангела|костёл|Новогрудский район|Навагрудак|53.597303|25.824652|||[]|||20|[]|osm:node/10141137332
Якуб Колас|памятник|Кореличский район||53.488873|26.740789|||[]|||10|[]|osm:node/10155200506
Дорожникам|памятник|Гродненский район||53.659425|23.829953|||[]|||10|[]|osm:node/10165832819
Землякам, погибшим во Второй мировой войне|памятник|Сморгонский район||54.770091|26.603767|||[]|||10|[]|osm:node/10200377602
Большой камень Стиганский|архитектура|Лидский район||53.988480|25.568248|||[]|||20|[]|osm:node/10209931516
Большой камень Туланский|архитектура|Ивьевский район||54.114168|25.551602|||[]|||20|[]|osm:node/10212396582
Большой камень Добовичский|архитектура|Ивьевский район||54.104269|26.080995|||[]|||20|[]|osm:node/10212438842
Большой камень Янцевичский|архитектура|Ивьевский район||53.972769|26.058812|||[]|||20|[]|osm:node/10212487943
Большой камень Довнарский|архитектура|Ивьевский район||53.970242|26.081022|||[]|||20|[]|osm:node/10212496929
Большой камень Лаздунский|архитектура|Ивьевский район||53.948626|25.973399|||[]|||20|[]|osm:node/10212506388
Большой камень Гудишкинский|архитектура|Ивьевский район||53.979029|26.118426|||[]|||20|[]|osm:node/10212551703
Валун «Довнарский»|архитектура|Ивьевский район||53.969621|26.079803|||[]|||20|[]|osm:node/10212595562
Валун «Баранишкинский»|архитектура|Ивьевский район||53.966481|26.034034|||[]|||20|[]|osm:node/10212639329
Валун «Заболотский»|архитектура|Лидский район||54.001597|25.496260|||[]|||20|[]|osm:node/10212643374
Валун «Уртишский»|архитектура|Ивьевский район||53.978159|25.775539|||[]|||20|[]|osm:node/10212714700
Землякам погибшим в ВОВ|памятник|Островецкий район||54.486974|26.121948|||[]|||10|[]|osm:node/10212824795
Валун «Зареченский»|архитектура|Щучинский район||53.577129|24.641829|||[]|||20|[]|osm:node/10226148978
Землякам погибшим в ВОВ|памятник|Щучинский район||53.560327|24.593718|||[]|||10|[]|osm:node/10226176107
Валун «Барташицкий»|архитектура|Щучинский район||53.597413|24.612406|||[]|||20|[]|osm:node/10226201694
Валун «Баличский»|архитектура|Щучинский район||53.513823|24.757217|||[]|||20|[]|osm:node/10226249545
Валун «Староподдубенский»|архитектура|Щучинский район||53.882240|24.699093|||[]|||20|[]|osm:node/10226292401
Валун «Василишковский»|архитектура|Щучинский район||53.775486|24.853397|||[]|||20|[]|osm:node/10226334704
Мартин камень Кузьмитский|архитектура|Щучинский район||53.654220|24.567393|||[]|||20|[]|osm:node/10229151162
Валун «Зеневский»|архитектура|Щучинский район||53.690618|24.965304|||[]|||20|[]|osm:node/10229177525
Валун «Коптюганский»|архитектура|Щучинский район||53.762800|24.890898|||[]|||20|[]|osm:node/10231440535
Большой камень Пугачевский|архитектура|Щучинский район||53.803309|24.608125|||[]|||20|[]|osm:node/10231557057
Землякам погибшим в ВОВ|памятник|Щучинский район||53.786962|24.618294|||[]|||10|[]|osm:node/10231557058
Группа валунов «Топилишкинская»|архитектура|Щучинский район||53.642845|24.719558|||[]|||20|[]|osm:node/10231691413
Валун «Старовасилишковский»|архитектура|Щучинский район||53.761959|24.794613|||[]|||20|[]|osm:node/10233447574
Валун «Скоржитский»|архитектура|Щучинский район||53.554318|24.583219|||[]|||20|[]|osm:node/10233448895
Валун «Костеневский»|архитектура|Щучинский район||53.709262|24.823052|||[]|||20|[]|osm:node/10233461946
Валун «Лядск Высокий»|архитектура|Щучинский район||53.632502|24.590679|||[]|||20|[]|osm:node/10233681307
Валун «Микулишкинский»|архитектура|Щучинский район||53.872647|24.572794|||[]|||20|[]|osm:node/10233723610
Валун «Якубовичский»|архитектура|Щучинский район||53.852909|24.494634|||[]|||20|[]|osm:node/10233982654
Матерь с ребёнком|памятник|Щучинский район||53.854079|24.489875|||[]|||10|[]|osm:node/10233982655
Большой камень Плисский|архитектура|Новогрудский район||53.818333|25.797500|||[]|||20|[]|osm:node/10235665912
Валун «Запольский»|архитектура|Дятловский район||53.428840|25.732453|||[]|||20|[]|osm:node/10235686629
Большой камень Литовский|архитектура|Новогрудский район||53.637304|25.816988|||[]|||20|[]|osm:node/10235709322
Большой камень Гирдовский|архитектура|Новогрудский район||53.718385|25.800619|||[]|||20|[]|osm:node/10235758916
Два валуна Лукинские|архитектура|Новогрудский район||53.625900|25.749795|||[]|||20|[]|osm:node/10235774539
Большой Асановский валун|архитектура|Сморгонский район||54.350926|26.236449|||[]|||20|[]|osm:node/10236265732
Валун «Каменицкий»|архитектура|Сморгонский район||54.309134|26.228294|||[]|||20|[]|osm:node/10236326765
Большой камень Полторавщинский|архитектура|Сморгонский район||54.345119|26.212994|||[]|||20|[]|osm:node/10236337733
Козий камень Ядвиговский|архитектура|Сморгонский район||54.307630|26.199101|||[]|||20|[]|osm:node/10238097531
Гривень-камень|архитектура|Сморгонский район||54.302563|26.339060|||[]|||20|[]|osm:node/10238223359
Землякам погибшим в ВОВ|памятник|Сморгонский район||54.431367|26.438124|||[]|||10|[]|osm:node/10240609699
Землякам погибшим в ВОВ|памятник|Сморгонский район||54.399998|26.389782|||[]|||10|[]|osm:node/10240861842
Милидовский валун|архитектура|Сморгонский район||54.336197|26.385157|||[]|||20|[]|osm:node/10242805800
Сутьковские глыбы конгломератов|архитектура|Сморгонский район||54.394927|26.374563|||[]|||20|[]|osm:node/10242816391
Сутьковский большой камень|архитектура|Сморгонский район||54.391650|26.376485|||[]|||20|[]|osm:node/10243246358
Большой Кривский камень|архитектура|Сморгонский район||54.255094|26.367987|||[]|||20|[]|osm:node/10245047591
Неизвестный солдат|памятник|Сморгонский район||54.255536|26.368607|||[]|||10|[]|osm:node/10245093073
Селецкий валун|архитектура|Сморгонский район||54.363921|26.367436|||[]|||20|[]|osm:node/10245098290
Бункер|архитектура|Сморгонский район||54.365993|26.350513|||[]|||20|[]|osm:node/10245162855
Землякам погибшим в ВОВ|памятник|Сморгонский район||54.361299|26.371375|||[]|||10|[]|osm:node/10245162882
Катериновский камень|архитектура|Сморгонский район||54.562012|26.576955|||[]|||20|[]|osm:node/10245256454
Будилкинский валун|архитектура|Сморгонский район||54.701910|26.376274|||[]|||20|[]|osm:node/10245456152
Курганный могильник железного века|архитектура|Сморгонский район||54.673124|26.371145|||[]|||20|[]|osm:node/10247389415
Поляновский валун|архитектура|Сморгонский район||54.723030|26.360083|||[]|||20|[]|osm:node/10247424772
Мартишкинский валун|архитектура|Сморгонский район||54.546988|26.518385|||[]|||20|[]|osm:node/10247526436
Войневицкий чертов камень|архитектура|Сморгонский район||54.337480|26.249085|||[]|||20|[]|osm:node/10247563986
Хажова 1434г.|памятник|Сморгонский район||54.245145|26.837121|||[]|||10|[]|osm:node/10257879062
Жертвам фашизма|памятник|Сморгонский район||54.286115|26.993292|||[]|||10|[]|osm:node/10261058538
Музей музыкальных инструментов М.А.Скромблевича|музей|Берестовицкий район||53.404381|23.764436|||[]|||40|[]|osm:node/10285828526
Братская могила|памятник|Зельвенский район||52.775673|25.470983|||[]|||10|[]|osm:node/10291843281
Пітомнік глушцоў|архитектура|Кореличский район||53.973247|26.352507|||[]|||20|[]|osm:node/10302493791
Церковь Святых Космы и Дамиана|архитектура|Кореличский район||53.216467|26.417866|||[]|||20|[]|osm:node/10307593193
Братская могила|памятник|Кореличский район||53.077374|26.697006|||[]|||10|[]|osm:node/10309253917
Камень|архитектура|Лидский район||53.894723|25.533986|||[]|||20|[]|osm:node/10554940783
ДОТ|архитектура|Лидский район||53.792267|25.530926|||[]|||20|[]|osm:node/10555045165
Руины|замок|Островецкий район||54.770774|25.960338|||[]|||40|[]|osm:node/10555330067
Парк Мир|памятник|Кореличский район||53.450771|26.474426|||[]|||10|[]|osm:node/10572806384
Пушка|архитектура|Кореличский район||53.452092|26.471837|||[]|||20|[]|osm:node/10572808212
Замковый комплекс Мир|музей|Кореличский район|Мір|53.451236|26.473270|||[]|Mo-Su 10:00-18:00|yes|40|[]|osm:node/10572808231
ДОТ|архитектура|Лидский район||53.794480|25.567724|||[]|||20|[]|osm:node/10572815088
Месца расстрэлу жыхароў в. Вялікая Воля|памятник|Дятловский район||53.377901|25.040942|||[]|||10|[]|osm:node/10579235628
Землякам погибшим в ВОВ|памятник|Щучинский район||53.535548|24.921200|||[]|||10|[]|osm:node/10651113594
Прыблізнае месца бабаўнянскай цагельні|замок|Кореличский район||53.251287|26.944081|||[]|||40|[]|osm:node/10655080184
Орудийно-пулемётный полукапонир|архитектура|Кореличский район||52.969232|26.931186|||[]|||20|[]|osm:node/10674794758
Орудийно-пулемётный полукапонир|архитектура|Кореличский район||52.956775|26.915784|||[]|||20|[]|osm:node/10674795739
Орудийно-пулемётный полукапонир|архитектура|Кореличский район||53.098153|26.924397|||[]|||20|[]|osm:node/10678181801
Валун «Большой камень Макасичанский»|архитектура|Кореличский район||53.910770|26.855155|||[]|||20|[]|osm:node/10678795087
Валун «Большой камень Прусогорский»|архитектура|Ивьевский район||54.116471|26.081637|||[]|||20|[]|osm:node/10678836210
Валун «Большой камень Чижиновский»|архитектура|Кореличский район||53.526334|26.354907|||[]|||20|[]|osm:node/10678836212
Валун «Чертов камень Осташинский»|архитектура|Кореличский район||53.463248|26.169960|||[]|||20|[]|osm:node/10678836214
Валун «Большой камень Сеньковщинский»|архитектура|Зельвенский район||53.188795|25.174247|||[]|||20|[]|osm:node/10678836215
Валун «Камень Климовичский с ямками»|архитектура|Зельвенский район||53.224285|25.044485|||[]|||20|[]|osm:node/10678836264
Место забастовки 1905 г.|памятник|Дятловский район||53.129465|26.042743|||[]|||10|[]|osm:node/10704729005
Указ о награждении орденом Ленина|памятник|Дятловский район||53.129352|26.042866|||[]|||10|[]|osm:node/10704735005
Штаб германской армии во время 1-й мировой войны|памятник|Дятловский район||53.134432|26.014670|||[]|||10|[]|osm:node/10704735213
Место забастовки 1905 г.|памятник|Дятловский район||53.129855|26.043806|||[]|||10|[]|osm:node/10704735906
Названия улицы|памятник|Дятловский район||53.132567|26.016601|||[]|||10|[]|osm:node/10704762606
Макет паровоза серии Л|памятник|Дятловский район||53.132226|26.018479|||[]|||10|[]|osm:node/10704764011
Шпиль со звездой|архитектура|Дятловский район||53.132691|26.018782|||[]|||20|[]|osm:node/10704764609
Сквер Железнодорожников|памятник|Дятловский район||53.129322|26.044474|||[]|||10|[]|osm:node/10704797106
Сквер города-побратима Хейнола|памятник|Дятловский район||53.129805|26.019717|||[]|||10|[]|osm:node/10704804506
Погибшим в Афганистане|памятник|Дятловский район||53.129388|26.021471|||[]|||10|[]|osm:node/10704804507
Чернышев В.Е.|памятник|Дятловский район||53.130049|26.018650|||[]|||10|[]|osm:node/10704814205
Здание|памятник|Дятловский район||53.129911|26.018832|||[]|||10|[]|osm:node/10704816305
Паровоз|архитектура|Дятловский район||53.128780|26.044458|||[]|||20|[]|osm:node/10704825506
Гранитный круглый стол|архитектура|Кореличский район||53.034738|26.435787|||[]|||20|[]|osm:node/10742997676
Камень любви|архитектура|Кореличский район||53.034768|26.435772|||[]|||20|[]|osm:node/10742997677
Памятные валуны|архитектура|Кореличский район||53.035013|26.435888|||[]|||20|[]|osm:node/10742997678
Памятный валун|архитектура|Кореличский район||53.034608|26.437034|||[]|||20|[]|osm:node/10742997679
Уладзімір Юсцінавіч Мірончык|памятник|Гродненский район||53.687430|23.825391|||[]|||10|[]|osm:node/10801340250
Лапицы хутор|памятник|Сморгонский район||54.039933|26.781393|||[]|||10|[]|osm:node/10802558507
Музей-усадьба Ф.Богушевича, парк конец XIX в.|памятник|Сморгонский район||54.441197|26.176174|||[]|||10|[]|osm:node/10814244905
Историч. информ.|памятник|Сморгонский район||54.481255|26.398674|||[]|||10|[]|osm:node/10814303305
Фундамент дома родителей Ф.Богушевича|замок|Сморгонский район||54.440765|26.176194|||[]|||40|[]|osm:node/10826385372
1 рубль|памятник|Ошмянский район||54.423480|25.934880|||[]|||10|[]|osm:node/10826449953
Памятник ВОВ|памятник|Ошмянский район||54.425877|25.941185|||[]|||10|[]|osm:node/10826449956
Арнаментальны роспіс інтэрʼера Петрапаўлаўскага касцёла 2-й паловы XIX ст.|памятник|Островецкий район||54.470900|26.086462|||[]|||10|[]|osm:node/10826449961
Могила Ф.Богушевича|памятник|Островецкий район||54.470799|26.085464|||[]|||10|[]|osm:node/10826449962
Могила Ф. К. Богушевича 1840-1900 г.г.|памятник|Островецкий район||54.470736|26.084994|||[]|||10|[]|osm:node/10826449963
Мост узкоколейной железной дороги|архитектура|Островецкий район||54.486798|26.121039|||[]|||20|[]|osm:node/10826449965
Примечательный дом|архитектура|Сморгонский район||54.482739|26.389286|||[]|||20|[]|osm:node/10826652447
Памятник ВОВ|памятник|Сморгонский район||54.545369|26.451233|||[]|||10|[]|osm:node/10826671463
Памятник ВОВ|памятник|Сморгонский район||54.716695|26.524802|||[]|||10|[]|osm:node/10826690177
Памятник ВОВ|памятник|Сморгонский район||54.666387|26.521549|||[]|||10|[]|osm:node/10826700268
И. П. Павлов|памятник|Сморгонский район||54.621322|26.443532|||[]|||10|[]|osm:node/10826868850
Памятник ВОВ|памятник|Сморгонский район||54.590319|26.477616|||[]|||10|[]|osm:node/10826877425
Часовня-усыпальница Витольда Наркевича-Йодко (руины)|костёл|Кореличский район||53.256633|26.953390|||[]|||20|[]|osm:node/10834429171
Бывшая конюшня|архитектура|Волковысский район||53.283279|24.416011|||[]|||20|[]|osm:node/10845983199
Самая большая водяная мельница в Беларуси|архитектура|Волковысский район||53.283061|24.416730|||[]|||20|[]|osm:node/10845983200
Белорусские Мальдивы|архитектура|Волковысский район||53.280526|24.546315|||[]|||20|[]|osm:node/10846084536
Здание нач.20в.|архитектура|Кореличский район||53.202468|26.642143|||[]|||20|[]|osm:node/10895516177
Спиртохранилище 1900г.|архитектура|Кореличский район||53.202494|26.640087|||[]|||20|[]|osm:node/10895516178
Хозпостройка нач.20в.|архитектура|Кореличский район||53.203052|26.641095|||[]|||20|[]|osm:node/10895516235
Печатные машины 20в.|памятник|Кореличский район||53.223046|26.680898|||[]|||10|[]|osm:node/10895587862
Здание лесничества (нач. XX в.)|архитектура|Кореличский район||53.211825|26.687189|||[]|||20|[]|osm:node/10895591260
Здание лесничества (нач. XX в.)|архитектура|Кореличский район||53.212312|26.687438|||[]|||20|[]|osm:node/10895591265
Здание лесничества (нач. XX в.)|архитектура|Кореличский район||53.212719|26.688046|||[]|||20|[]|osm:node/10895591266
Капліца каталіцкая XIXст.|архитектура|Щучинский район||53.688813|25.062870|||[]|||20|[]|osm:node/10969747205
Как жить?|памятник|Лидский район||53.719859|25.140730|||[]|||10|[]|osm:node/10969747217
Блиндаж 1-мировой войны (полуразрушен)|архитектура|Сморгонский район||54.495945|26.430229|||[]|||20|[]|osm:node/10989412506
Брама (остатки усадьбы Оскерко)|архитектура|Сморгонский район||54.554855|26.409415|||[]|||20|[]|osm:node/10989471805
В память о жервах ЧАЭС (2000г.)|памятник|Сморгонский район||54.311145|26.730205|||[]|||10|[]|osm:node/10989611405
Часовня придорожная (XIX в.)|архитектура|Сморгонский район||54.499961|26.374585|||[]|||20|[]|osm:node/10989639305
Староство (польск. застройка 1920-38-е гг.)|архитектура|Сморгонский район||54.314207|26.836417|||[]|||20|[]|osm:node/10989726305
Бывш. здание тюрьмы (кон.XIX—нач.XX вв.)|архитектура|Сморгонский район||54.314061|26.837730|||[]|||20|[]|osm:node/10989742805
Бровар усадьбы Милевских «Цицин» (XIX—начало XX вв)|архитектура|Сморгонский район||54.401676|26.433011|||[]|||20|[]|osm:node/10989983706
Усадьба: хозпостройка (XIX-начало XX вв.)|архитектура|Сморгонский район||54.402007|26.434738|||[]|||20|[]|osm:node/10989990206
Погибшим в 1-ой мировой войне|памятник|Сморгонский район||54.499442|26.521215|||[]|||10|[]|osm:node/10990023905
Усадьба Богушевичей: конюшня (XIXв.)|архитектура|Сморгонский район||54.440285|26.175774|||[]|||20|[]|osm:node/10990070908
Ворота кладбища солдат ПМВ (1915-1918 гг., могилы утрачены)|архитектура|Сморгонский район||54.461172|26.199653|||[]|||20|[]|osm:node/10990180105
Усадебно-парковый комплекс Шафнагелей (XIXв. частично утрачен)|архитектура|Сморгонский район||54.461291|26.201273|||[]|||20|[]|osm:node/10990231905
Местное кладбище|памятник|Сморгонский район||54.445769|26.207134|||[]|||10|[]|osm:node/10990394605
Паровая мельница (XIX-нач.XXвв.)|замок|Сморгонский район||54.307694|26.284920|||[]|||40|[]|osm:node/10991860705
Синагогальный двор: миква/кагальная баня (XIX-нач.XXвв.)|архитектура|Сморгонский район||54.310169|26.282523|||[]|||20|[]|osm:node/10991863905
Синаг. двор: хедер (XIX-нач.XXвв.)|архитектура|Сморгонский район||54.310613|26.283626|||[]|||20|[]|osm:node/10991905705
Еврейское кладбище: Бисхайм (руины)|памятник|Сморгонский район||54.307147|26.287967|||[]|||10|[]|osm:node/10991926606
Остатки паркового комплекса Саковичей (XVIIIв.)|архитектура|Сморгонский район||54.312597|26.732318|||[]|||20|[]|osm:node/10992480405
Мемориальный камень немецкого штаба (1917г.)|памятник|Сморгонский район||54.590931|26.446076|||[]|||10|[]|osm:node/10994253029
Могилы немецких офицеров ПМВ: Otto Kretzer (1916г.)|памятник|Сморгонский район||54.556536|26.407013|||[]|||10|[]|osm:node/10994269012
Брама и ограда (конец XIXв.)|архитектура|Сморгонский район||54.556073|26.406407|||[]|||20|[]|osm:node/10994269915
Колокольня (1906г., 1-ый ярус)|архитектура|Сморгонский район||54.556246|26.406270|||[]|||20|[]|osm:node/10994271037
Местное кладбище|памятник|Сморгонский район||54.561086|26.405716|||[]|||10|[]|osm:node/10994271323
Склеп-усыпальница (2-ая пол. XIX в.)|памятник|Сморгонский район||54.343264|26.567432|||[]|||10|[]|osm:node/10994310823
Рядовая историческая постройка (кон.XIX-нач.XXвв.)|архитектура|Сморгонский район||54.347096|26.551378|||[]|||20|[]|osm:node/10994313810
Брама и ограда (XVIIIв.)|архитектура|Сморгонский район||54.346757|26.555906|||[]|||20|[]|osm:node/10994313905
Место усадебно-паркового комплекса Коцеллов (XVIII-XIXвв., в большинстве утрачено)|архитектура|Сморгонский район||54.352521|26.553513|||[]|||20|[]|osm:node/10994423805
Остатки Александровской усадьбы XIXв. (предположительно)|архитектура|Сморгонский район||54.508832|26.392058|||[]|||20|[]|osm:node/10994538005
Каменный канал и руины хозпостройки (кон. XIX — нач. XX в.)|архитектура|Ошмянский район||54.419451|26.062502|||[]|||20|[]|osm:node/10997171605
Руины хозпостройки (кон. XIX — нач. XX в.)|замок|Ошмянский район||54.419963|26.063070|||[]|||40|[]|osm:node/10997185305
Место-насыпь дворца Чапских (1893, дворец утрачен)|архитектура|Ошмянский район||54.419398|26.061694|||[]|||20|[]|osm:node/10997309305
Бывш. здание больницы (нач. XXв. кирпич. стиль/рациоисторизм)|архитектура|Ошмянский район||54.428349|25.948296|||[]|||20|[]|osm:node/10997310914
Бывш. здание аптеки (2-я половина XIXв., переделана)|архитектура|Ошмянский район||54.424419|25.933987|||[]|||20|[]|osm:node/10997322105
Водяная дерев. мельница (кон.XIXв., переделана)|архитектура|Ошмянский район||54.423609|25.940828|||[]|||20|[]|osm:node/10997336306
Рядовая историческая застройка (кон.XIX- нач.XXвв.)|архитектура|Ошмянский район||54.423842|25.936251|||[]|||20|[]|osm:node/10997346706
Могилы польских солдат (1920-е гг.)|памятник|Ошмянский район||54.429146|25.933058|||[]|||10|[]|osm:node/10997355417
Брама (XIX в.)|архитектура|Ошмянский район||54.427061|25.934601|||[]|||20|[]|osm:node/10997355418
Брама (XIXв.)|архитектура|Ошмянский район||54.426564|25.927289|||[]|||20|[]|osm:node/10997390805
Офицер. блиндаж (предполож. 1-ой мировой)|архитектура|Сморгонский район||54.493548|26.382789|||[]|||20|[]|osm:node/11008353705
Немецкий ДОТ|архитектура|Сморгонский район||54.493516|26.384133|||[]|||20|[]|osm:node/11008353706
Руины ДОТа|архитектура|Сморгонский район||54.493866|26.383981|||[]|||20|[]|osm:node/11008353707
Пісьменнік Алесь Пальчэўскі|памятник|Кореличский район||53.463985|26.970347|||[]|||10|[]|osm:node/11011699878
Усадебный двор: лямус (нач. XXв.)|архитектура|Ошмянский район||54.419012|25.910062|||[]|||20|[]|osm:node/11012013105
Усадебный двор: дом для рабочих (нач. XXв.)|архитектура|Ошмянский район||54.419122|25.910748|||[]|||20|[]|osm:node/11012071905
Усадебный двор: хозпостройка (нач. XXв)|архитектура|Ошмянский район||54.419368|25.909740|||[]|||20|[]|osm:node/11012085405
Усадебный двор: конюшни (снесено/утрачено)|архитектура|Ошмянский район||54.418805|25.910560|||[]|||20|[]|osm:node/11012123705
Усадьба: брама (нач. XXв.)|архитектура|Ошмянский район||54.419679|25.909741|||[]|||20|[]|osm:node/11012213018
ЖД станция (1921 г., польск. период, частич. перестр.)|архитектура|Сморгонский район||54.475543|26.371135|||[]|||20|[]|osm:node/11012259505
Бывш. кагальная баня (кон. XIXв.)|архитектура|Сморгонский район||54.483731|26.399544|||[]|||20|[]|osm:node/11012264605
Остатки бывшей пекарни (кон. XIXв., красный кирпич)|архитектура|Сморгонский район||54.483050|26.406194|||[]|||20|[]|osm:node/11012270705
Остатки рядовой застройки (кон. XIXв., переделано)|архитектура|Сморгонский район||54.482644|26.402089|||[]|||20|[]|osm:node/11012282605
Остатки рядовой застройки (кон. XIXв.)|архитектура|Сморгонский район||54.481169|26.398542|||[]|||20|[]|osm:node/11012282606
Остатки историч. застройки (нач. XXв.)|архитектура|Сморгонский район||54.485951|26.393982|||[]|||20|[]|osm:node/11012295005
Бывш. железнодорожные казармы (кон. XIXв.)|архитектура|Сморгонский район||54.510266|26.191465|||[]|||20|[]|osm:node/11012307506
Усадьба: служебный корпус (нач. XXв.)|архитектура|Сморгонский район||54.522168|26.194330|||[]|||20|[]|osm:node/11012398105
Усадьба: пристройка/флигель (нач. XXв.)|архитектура|Сморгонский район||54.521702|26.193547|||[]|||20|[]|osm:node/11012399905
Усадьба: конюшни (нач. XXв., переделаны)|архитектура|Сморгонский район||54.522486|26.194415|||[]|||20|[]|osm:node/11012417606
Примечательный панский дом|архитектура|Сморгонский район||54.622625|26.341482|||[]|||20|[]|osm:node/11012986205
Бывш. здание польск. судебн. служащих (1924г., частич. перестр.)|архитектура|Сморгонский район||54.484590|26.404384|||[]|||20|[]|osm:node/11013048205
Место расстрела 11 сестер назаретанок|памятник|Новогрудский район||53.567645|25.772739|||[]|||10|[]|osm:node/11014064688
Немецкий ДОТ|архитектура|Сморгонский район||54.481967|26.372977|||[]|||20|[]|osm:node/11016419105
Жд станция (1905 г., кирпич. стиль/рациоисторизм)|архитектура|Сморгонский район||54.366452|26.661112|||[]|||20|[]|osm:node/11017573508
Бывший польский дом офицеров охраны приграничья (1925 г.)|архитектура|Сморгонский район||54.313152|26.836823|||[]|||20|[]|osm:node/11027746905
Жилая и военн. 1-3 этаж. польск. застройка ул. (1920-38-е гг.)|архитектура|Сморгонский район||54.301100|26.827663|||[]|||20|[]|osm:node/11027827505
Тоннель из бутового камня (предполож. 1905-7 гг.)|архитектура|Сморгонский район||54.290505|26.827579|||[]|||20|[]|osm:node/11027841005
Жилая и военн. 1-2 этаж. польск./межвоенн. застройка (1920-38-е гг.)|архитектура|Сморгонский район||54.317872|26.841530|||[]|||20|[]|osm:node/11027859405
Бывш. офицерский клуб/казино (1920-38-е гг., переделан)|архитектура|Сморгонский район||54.300989|26.830806|||[]|||20|[]|osm:node/11029603008
Старая местечковая застройка (кон.XIX-нач.XX вв., больш. часть ул.)|архитектура|Сморгонский район||54.313795|26.833322|||[]|||20|[]|osm:node/11030254405
Старые военные укрепления (предполож. 1940-е)|архитектура|Сморгонский район||54.311562|26.834397|||[]|||20|[]|osm:node/11030259606
Остатки старой каменн. кладки (предполож. XIXв.)|архитектура|Сморгонский район||54.308442|26.833737|||[]|||20|[]|osm:node/11030286005
Остатки старой местечковой застройки (XIX-нач.XX вв.)|архитектура|Сморгонский район||54.319190|26.872377|||[]|||20|[]|osm:node/11030313005
Примечательная промышл. архитектура (1940-80-е гг., несколько ул.)|архитектура|Сморгонский район||54.301980|26.806950|||[]|||20|[]|osm:node/11030357205
Бывш. учетн.-плановый техникум (1960г.)|архитектура|Сморгонский район||54.306247|26.839823|||[]|||20|[]|osm:node/11030373705
Советская неоклас. застройка (1947-60-ых гг.)|архитектура|Сморгонский район||54.308178|26.838847|||[]|||20|[]|osm:node/11030382705
Здание польского периода (предполож. 1930г.)|архитектура|Сморгонский район||54.313297|26.793763|||[]|||20|[]|osm:node/11030389706
Примечательная промышленная архитектура (серед. XXв.)|архитектура|Сморгонский район||54.218808|26.631788|||[]|||20|[]|osm:node/11031473605
Львы из усадьбы Огинских в Молодечно (они же от польск. арки 1930г.)|архитектура|Сморгонский район||54.222159|26.611648|||[]|||20|[]|osm:node/11031477905
Польский канализ. люк, бывш. ипподром и др. застройка (1920-38-е гг.)|архитектура|Сморгонский район||54.300571|26.831656|||[]|||20|[]|osm:node/11031868505
Башня (польск. период 1920-30 гг.)|архитектура|Сморгонский район||54.300785|26.825183|||[]|||20|[]|osm:node/11031868605
Офиц. и жилая 1-3 этаж. застр. межвоен. пер. (1920-38 гг., неск. ул.)|архитектура|Сморгонский район||54.298836|26.828843|||[]|||20|[]|osm:node/11031873105
Место триумф. арки (1929 г., снесена 1958-59гг., львы/колокол вывез. в Березинское/Минск)|замок|Сморгонский район||54.301214|26.829908|||[]|||40|[]|osm:node/11031881505
Дом в закопанском стиле (1930-е г., переделан)|архитектура|Сморгонский район||54.299691|26.831788|||[]|||20|[]|osm:node/11031950205
Бывш. казармы Войск. Польск. (1930-е гг.)|архитектура|Сморгонский район||54.300695|26.827666|||[]|||20|[]|osm:node/11031957705
Примечательная промышл. архитектура (с 1974 г. и до соврем., вся ул.)|архитектура|Сморгонский район||54.478684|26.364072|||[]|||20|[]|osm:node/11031969405
Примечательн. индустр. архитектура (1986-93-е гг., излет сов. модернизма/функционализма, весь просп.)|архитектура|Сморгонский район||54.520260|26.368432|||[]|||20|[]|osm:node/11031976905
Старый амбар (предполож. XIXв.)|архитектура|Сморгонский район||54.310961|26.737901|||[]|||20|[]|osm:node/11032291605
Каплiца прыдарожная (1998г.)|архитектура|Сморгонский район||54.291693|26.821816|||[]|||20|[]|osm:node/11032298705
Советская неоклас. ул. застройка (1947-60 гг.)|архитектура|Сморгонский район||54.304136|26.823510|||[]|||20|[]|osm:node/11033822005
Советская неоклас. ул. застройка (1947-60 гг.)|архитектура|Сморгонский район||54.307635|26.829361|||[]|||20|[]|osm:node/11033838905
Бывш. промыш. здание в неоклас. стиле (ок. 1950-55 гг.)|архитектура|Сморгонский район||54.307639|26.821983|||[]|||20|[]|osm:node/11033839005
Примечательное здание (предполож. 1970-80 гг., модернизм)|архитектура|Сморгонский район||54.307093|26.819227|||[]|||20|[]|osm:node/11033839009
Старая улица (кон. XIXв., сохр. мощение и историч. застройка)|архитектура|Сморгонский район||54.428636|26.429206|||[]|||20|[]|osm:node/11034051205
Частная польск. застройка (1930-е гг., по черепиц. и арке)|архитектура|Сморгонский район||54.434300|26.431831|||[]|||20|[]|osm:node/11034051305
Примечательная индустр. архитектура (ок. 1970-80 гг., модернизм/брутализм)|архитектура|Сморгонский район||54.308654|26.814420|||[]|||20|[]|osm:node/11034051605
Памятный камень о роде Саковичей|памятник|Сморгонский район||54.310352|26.737623|||[]|||10|[]|osm:node/11034313405
Памятник второй мировой|памятник|Сморгонский район||54.314594|26.778488|||[]|||10|[]|osm:node/11034314705
Капліца прыдарожная (2002г.)|храм|Сморгонский район||54.319571|26.749514|||[]|||20|[]|osm:node/11034376305
Усадебное место (предполож. кон. XIXв., возм. назв. «Франополь»)|архитектура|Сморгонский район||54.301824|26.771571|||[]|||20|[]|osm:node/11034461305
Пилон брамы (1910-е гг.)|замок|Сморгонский район||54.311434|26.691385|||[]|||40|[]|osm:node/11034599605
Усадьба: флигель (XIXв., мавританский стиль)|архитектура|Сморгонский район||54.328863|26.655359|||[]|||20|[]|osm:node/11034689205
Усадьба: бровар (XIXв.)|архитектура|Сморгонский район||54.329147|26.652676|||[]|||20|[]|osm:node/11034690806
Усадьба: дом для рабоч. (XIXв.)|архитектура|Сморгонский район||54.328456|26.655590|||[]|||20|[]|osm:node/11034690807
Труба вінакурнага заводу (XIX ст.)|архитектура|Дятловский район||53.527134|25.357198|||[]|||20|[]|osm:node/11034697007
Ленин|памятник|Дятловский район||53.531990|25.352419|||[]|||10|[]|osm:node/11034697008
Место-насыпь усадьбы Свенторжецких (XIXв., уничтожена в 1939)|замок|Сморгонский район||54.329191|26.655338|||[]|||40|[]|osm:node/11034740806
Символы на камнях и цифра 1859|памятник|Сморгонский район||54.396408|26.449236|||[]|||10|[]|osm:node/11034888005
Служебный дом (1958 г., сов. функционал-классицизм/«переходный» функционализм)|архитектура|Сморгонский район||54.508814|26.392058|||[]|||20|[]|osm:node/11035412105
Остатки польск застройки (1930-е гг.)|архитектура|Сморгонский район||54.310969|26.858109|||[]|||20|[]|osm:node/11035412205
Усадебный дом (1930-е гг.)|архитектура|Сморгонский район||54.309972|26.859155|||[]|||20|[]|osm:node/11035412206
Старый корпус (ок. 1947 г.)|архитектура|Сморгонский район||54.316707|26.859761|||[]|||20|[]|osm:node/11035433205
Бывш. общеж. старших офиц. 2 (1930-е гг., арх. Jan Kukulski)|архитектура|Сморгонский район||54.301232|26.830381|||[]|||20|[]|osm:node/11035441305
Бывш. общеж. старших офиц. 1 (1930-е гг., арх. Jan Kukulski, функционализм)|архитектура|Сморгонский район||54.301337|26.829171|||[]|||20|[]|osm:node/11035442605
Жил. здания (1930-е гг., арх. Ф. Мечниковский)|архитектура|Сморгонский район||54.299285|26.832272|||[]|||20|[]|osm:node/11035447405
Остатки довоенной застройки (кон.XIX - нач.XX вв., переделан)|архитектура|Сморгонский район||54.309150|26.837984|||[]|||20|[]|osm:node/11035473805
Здания польск./межвоен. периода (1930-е гг.)|архитектура|Сморгонский район||54.315814|26.841554|||[]|||20|[]|osm:node/11035605605
Водонапорн. башня (предполож. 1907 г., кирпичн. стиль, переделана)|архитектура|Сморгонский район||54.315658|26.835922|||[]|||20|[]|osm:node/11035608605
Усадебные сооруж. (кон.XIX-нач.XXвв., относит. к гл. дв. «Буховщина»)|архитектура|Сморгонский район||54.312311|26.837290|||[]|||20|[]|osm:node/11035624505
Примечат. историч. здание (предполож. кон. XIX-нач.XX вв.)|архитектура|Сморгонский район||54.314842|26.787180|||[]|||20|[]|osm:node/11035697605
Историч. здание (предполож. кон.XIX - нач.XX вв.)|архитектура|Сморгонский район||54.422877|26.536946|||[]|||20|[]|osm:node/11037033705
Здание жд смотр. (ок. 1905г., кирпичн. стиль/рациоисторизм)|архитектура|Сморгонский район||54.457053|26.456457|||[]|||20|[]|osm:node/11037033805
Клуб (1970-80 гг., модернизм)|архитектура|Сморгонский район||54.395128|26.609873|||[]|||20|[]|osm:node/11037033806
Красивая историч. улица (XIXв. и ранее)|архитектура|Сморгонский район||54.309030|26.708778|||[]|||20|[]|osm:node/11037034005
Рядовая застр. (кон.XIX - нач.XX вв.)|архитектура|Сморгонский район||54.317704|26.866908|||[]|||20|[]|osm:node/11037049505
Каплица придорожная (1-я пол. XXв.)|архитектура|Сморгонский район||54.313806|26.908042|||[]|||20|[]|osm:node/11037056905
Усадебный двор: амбар (1851 г.)|архитектура|Сморгонский район||54.236790|26.668592|||[]|||20|[]|osm:node/11037492805
Усадеб. двор: дом для рабочих (1897 г., кирпичн. стиль/рациоисторизм)|архитектура|Сморгонский район||54.237668|26.671812|||[]|||20|[]|osm:node/11037521005
Усад. двор: офис винокурни (1900 г., тут в 1907-8гг. жил/работ. Я.Купала)|архитектура|Сморгонский район||54.236558|26.669556|||[]|||20|[]|osm:node/11037551305
Усад. двор: останки-укрепл. хоз. постройки (кон. XIXв.)|замок|Сморгонский район||54.236768|26.671566|||[]|||40|[]|osm:node/11037557405
Старая жд станция (ок. 1875-1905 гг., кирпичн. стиль/рациоисторизм)|архитектура|Островецкий район||54.531536|26.081376|||[]|||20|[]|osm:node/11037676205
Истор. здание (кон.XIX-нач.XX вв., переделан.)|архитектура|Сморгонский район||54.480612|26.401502|||[]|||20|[]|osm:node/11037689305
Памятный знак историку Миколе Ермаловичу|памятник|Сморгонский район||54.310074|26.843660|||[]|||10|[]|osm:node/11037823173
Место польск. памятника 1812г. (1920-е гг., «французским и польским солдатам погибшим...», утрачен)|памятник|Сморгонский район||54.366010|26.784298|||[]|||10|[]|osm:node/11039607105
Бывш. место паровой мельницы Добровольского (рядом сохр. здание смотрит. кон. XIXв.)|замок|Сморгонский район||54.329231|26.858345|||[]|||40|[]|osm:node/11039615605
Старая деревян. застройка (кон.XIX-нач.XX вв.)|архитектура|Сморгонский район||54.422203|26.541600|||[]|||20|[]|osm:node/11039826505
Водонапорн. башня (предполож. 1930-е гг.)|архитектура|Сморгонский район||54.421746|26.539590|||[]|||20|[]|osm:node/11039826605
Примечательная застройка (ок.1970-80-е гг., модернизм, частич. передел.)|архитектура|Сморгонский район||54.311507|26.826171|||[]|||20|[]|osm:node/11039832407
Здание польск. периода (1930-е гг.)|архитектура|Сморгонский район||54.311409|26.837198|||[]|||20|[]|osm:node/11039837111
Примечательн. пром. архитектура (ок. 1970-80-ых. гг., совет. модернизм)|замок|Сморгонский район||54.363842|26.659931|||[]|||40|[]|osm:node/11040034505
Остатки рядовой историч. застройки (рубеж XIX-XX вв.)|архитектура|Сморгонский район||54.419795|26.549648|||[]|||20|[]|osm:node/11040160405
Усадьба: конюшни (XIX в., частич. пересобр. из исходных камней)|архитектура|Сморгонский район||54.418924|26.524642|||[]|||20|[]|osm:node/11042192905
Братская могила солдат 1-й мировой войны (1916 г.)|памятник|Сморгонский район||54.418189|26.530960|||[]|||10|[]|osm:node/11042233905
Бывш. фольварк «Антонополь» (ок. XIXв.)|архитектура|Сморгонский район||54.390864|26.643283|||[]|||20|[]|osm:node/11042443305
Здание в стиле совет. классицизма (ок.1947-55 гг.)|архитектура|Сморгонский район||54.481239|26.397524|||[]|||20|[]|osm:node/11042567405
Индустр. архитектура (ок. 1970-80-ых, модернизм)|архитектура|Сморгонский район||54.476190|26.392717|||[]|||20|[]|osm:node/11042572305
Настенная металл. композиция|архитектура|Сморгонский район||54.482909|26.381934|||[]|||20|[]|osm:node/11042628405
Районная застройка в стиле модернизм/функционализм (ок. 1980-ых гг.)|архитектура|Сморгонский район||54.484903|26.379690|||[]|||20|[]|osm:node/11042656405
Здание в модернистском стиле (ок. 1980-ых гг.)|архитектура|Сморгонский район||54.484693|26.382124|||[]|||20|[]|osm:node/11042668205
Вітаем вас|архитектура|Сморгонский район||54.486724|26.379279|||[]|||20|[]|osm:node/11042670605
Позднесов. типов. застройка (ок. 1986-93-их гг., излет модернизма/функционализма)|архитектура|Сморгонский район||54.507301|26.376609|||[]|||20|[]|osm:node/11042728905
Больница (ок. 1970-ых гг., сов. модернизм)|архитектура|Сморгонский район||54.489241|26.405115|||[]|||20|[]|osm:node/11042750105
Стаянка перыяду каменнага і бронзавага вякоў 10-7-е тысячагоддзе да н.э.|архитектура|Лидский район||53.778051|25.497578|||[]|||20|[]|osm:node/11043866566
2-ой мировой|памятник|Сморгонский район||54.485849|26.404863|||[]|||10|[]|osm:node/11043884705
Немецкий блиндаж (вкопан в возвыш.)|архитектура|Сморгонский район||54.509092|26.442287|||[]|||20|[]|osm:node/11049918205
Памятник немецким солдатам 1-ой мировой войны (1915-18 гг., кладбище утрачено)|памятник|Сморгонский район||54.225194|26.259682|||[]|||10|[]|osm:node/11058151105
Строения старой паромной переправы|замок|Сморгонский район||54.654143|26.413560|||[]|||40|[]|osm:node/11058157406
Место усадьбы (гл. двор) «Тупольщизна» (XIX в., сохр. руины часовни-усыпальн.)|замок|Сморгонский район||54.656619|26.415056|||[]|||40|[]|osm:node/11058350905
Фундамент усадьбы «Лостая» (ок. XIXв.)|замок|Сморгонский район||54.236592|26.242385|||[]|||40|[]|osm:node/11058421506
Пилон брамы (XIXв., въезд в гл. двор усадьбы «Лостая»)|замок|Сморгонский район||54.235690|26.242489|||[]|||40|[]|osm:node/11058481605
Часовня придорожная (ок. 1990 г.)|архитектура|Сморгонский район||54.507089|26.330702|||[]|||20|[]|osm:node/11058560305
Памятник немецим солдатам ПМВ (1915-18 гг.)|памятник|Сморгонский район||54.603697|26.473612|||[]|||10|[]|osm:node/11058802805
Руины 3-х камен. часовен-надмогильев (XIXв.)|замок|Сморгонский район||54.524397|26.402425|||[]|||40|[]|osm:node/11058817606
Руины оборонит. сооруж. ПМВ (1915-18 гг.)|архитектура|Сморгонский район||54.390226|26.383432|||[]|||20|[]|osm:node/11059006205
Бывш. школа (1930-е гг.)|архитектура|Сморгонский район||54.382183|26.383777|||[]|||20|[]|osm:node/11059027905
Усадьба гл. двор «Понары»: руины ледовни (XIXв., усадьба и ост. постр. - не сохр.)|замок|Сморгонский район||54.372799|26.221537|||[]|||40|[]|osm:node/11059332505
Затопленный карьер|архитектура|Сморгонский район||54.289910|26.163868|||[]|||20|[]|osm:node/11059340905
Пусковые шахты ядерных ракет (1960-е гг., то же и близлеж. инфрастр.)|архитектура|Сморгонский район||54.433875|26.306144|||[]|||20|[]|osm:node/11059367105
Немецкий мемориальный камень ПМВ (20.8.1915)|памятник|Сморгонский район||54.522705|26.325626|||[]|||10|[]|osm:node/11059398105
Фольварк «Рачуны» : хозпостройка (XIXв.)|архитектура|Островецкий район||54.589590|26.207775|||[]|||20|[]|osm:node/11059414205
Фольварк «Рачуны» : жилой дом (XIXв., заброшен)|архитектура|Островецкий район||54.588562|26.207636|||[]|||20|[]|osm:node/11059415405
Часовня придорожная (1906 г.)|архитектура|Сморгонский район||54.685448|26.544040|||[]|||20|[]|osm:node/11059422305
Кладбище: брама и ограда (нач. XX в.)|архитектура|Сморгонский район||54.510509|26.174003|||[]|||20|[]|osm:node/11059490505
Руины фольварка «Феликсово» (нач. XXв.)|замок|Сморгонский район||54.303964|26.234342|||[]|||40|[]|osm:node/11059506405
падмурак капліцы|костёл|Кореличский район||53.364936|26.832749|||[]|||20|[]|osm:node/11065221519
Партызанам, загінуўшым у ІІ сусветнай вайне|памятник|Кореличский район||53.367436|26.827795|||[]|||10|[]|osm:node/11065224943
Міхась Раманюк мастацтвазнаўца і этнограф|памятник|Кореличский район||53.733266|26.991244|||[]|||10|[]|osm:node/11065468800
Стаянка перыяду каменнага і бронзавага вякоў X-VII тысячагоддзе да н.э.|архитектура|Лидский район||53.827616|25.587028|||[]|||20|[]|osm:node/11091725884
Гістарычнае месца царквы|костёл|Кореличский район||53.410761|26.991897|||[]|||20|[]|osm:node/11092368363
Надмагільныя камяні па святарам|памятник|Кореличский район||53.409862|26.992750|||[]|||10|[]|osm:node/11092368364
Блиндаж 1-ой мировой войны|архитектура|Сморгонский район||54.478318|26.351781|||[]|||20|[]|osm:node/11098854105
Костёл Св. Иосифа с надвратной колокольней, 1806-1815 гг.|памятник|Островецкий район||54.615369|25.954257|||[]|||10|[]|osm:node/11124647252
Культовый камень|архитектура|Кореличский район||52.761482|26.847354|||[]|||20|[]|osm:node/11127364072
Могила неизвестного солдата ПМВ|памятник|Дятловский район||53.563980|25.236096|||[]|||10|[]|osm:node/11128210884
Камень-оберег|архитектура|Берестовицкий район||53.315226|24.216062|||[]|||20|[]|osm:node/11128376886
Мурованный камень|архитектура|Островецкий район||54.697330|25.843739|||[]|||20|[]|osm:node/11128560790
Валуны Яросишкинский-1 и -2|архитектура|Островецкий район||54.712938|25.824941|||[]|||20|[]|osm:node/11128637974
Ваверанский валун|архитектура|Островецкий район||54.582737|25.889241|||[]|||20|[]|osm:node/11128652597
Германишкинские валуны-1 и -2|архитектура|Островецкий район||54.573636|25.925749|||[]|||20|[]|osm:node/11128666934
Захаришкинский валун|архитектура|Островецкий район||54.703520|25.821413|||[]|||20|[]|osm:node/11128677795
Мацкевичев валун|архитектура|Островецкий район||54.701130|25.831065|||[]|||20|[]|osm:node/11128681913
Видинишский валун|архитектура|Островецкий район||54.795063|25.925716|||[]|||20|[]|osm:node/11128710746
Мацкийский валун|архитектура|Островецкий район||54.683459|26.119673|||[]|||20|[]|osm:node/11128735560
Безданишкинский валун|архитектура|Островецкий район||54.639223|26.144569|||[]|||20|[]|osm:node/11128757351
Руины млына|замок|Зельвенский район||53.071260|25.006014|||[]|||40|[]|osm:node/11129498274
Усадебный дом|замок|Волковысский район||53.160118|24.578149|||[]|||40|[]|osm:node/11129835932
Хозпостройка 19в.|архитектура|Мостовский район||53.332991|24.279300|||[]|||20|[]|osm:node/11130204984
Руины усадебного дома|архитектура|Волковысский район||53.228239|24.267232|||[]|||20|[]|osm:node/11130211938
Руины хозпостройки|архитектура|Волковысский район||53.227559|24.266710|||[]|||20|[]|osm:node/11130211939
Часовенка придорожная|архитектура|Дятловский район||53.301357|25.331932|||[]|||20|[]|osm:node/11130270980
Большой камень Рудавковский|архитектура|Зельвенский район||53.038127|24.981066|||[]|||20|[]|osm:node/11134638365
Хутор Пелевцы|памятник|Щучинский район||53.741341|24.592795|||[]|||10|[]|osm:node/11135054503
Надмагільны помнік шляхетскага роду Володзько|памятник|Кореличский район||53.691486|26.848249|||[]|||10|[]|osm:node/11144889157
Клёны белыя (Acer pseudoplatanus) узрост 135-140г.|архитектура|Кореличский район||53.258976|26.949694|||[]|||20|[]|osm:node/11155709512
Капліца|костёл|Кореличский район||53.345000|26.932370|||[]|||20|[]|osm:node/11160784261
"Пажарышча (месца забойства жыхароў у часы || сусв.вайны)"|памятник|Кореличский район||53.172799|26.910096|||[]|||10|[]|osm:node/11170191803
Капліца|костёл|Кореличский район||53.173002|26.877611|||[]|||20|[]|osm:node/11170198002
Рэпрэсаваным жыхарам вëскі Выня|памятник|Кореличский район||53.230415|26.951138|||[]|||10|[]|osm:node/11170206566
Часовня-Надмогильник Грабовских|замок|Волковысский район||53.201079|24.413785|||[]|||40|[]|osm:node/11174974662
Костёл Св. Иосифа с надвратной колокольней, 1806-1815 гг.|памятник|Щучинский район||53.602673|24.976121|||[]|||10|[]|osm:node/11184131823
Усадебно-парковый комплек Петрозолинов «Куковичи» (руины)|архитектура|Кореличский район||53.164547|26.837584|||[]|||20|[]|osm:node/11221223421
Музей белорусского соломкоплетения|музей|Новогрудский район||53.473538|26.023134|||[]|||40|[]|osm:node/11222889339
Место дислокации лазарета №1|памятник|Сморгонский район||54.540942|26.740220|||[]|||10|[]|osm:node/11245353515
Здесь жил герой Советского Союза Зубович Константин Михайлович|памятник|Сморгонский район||54.569469|26.697863|||[]|||10|[]|osm:node/11245548815
Кабинет-музей академика Юрия Островского|музей|Гродненский район||53.699982|23.816814|||[]|"Mo-Fr 08:30-17:00 ""по предварительной записи"""|no|40|[]|osm:node/11247952699
Замок XIV в.|памятник|Лидский район||53.886981|25.302235|||[]|||10|[]|osm:node/11254421038
1499г.|памятник|Кореличский район||53.072283|26.991206|||[]|||10|[]|osm:node/11262033233
17 пограничный отряд и полк|памятник|Кореличский район||53.068146|26.988049|||[]|||10|[]|osm:node/11262038944
Сожжённой деревне|памятник|Кореличский район||53.105394|26.990476|||[]|||10|[]|osm:node/11262097160
Часовня|храм|Кореличский район||53.703380|26.193195|||[]|||20|[]|osm:node/11264816069
Часовня|храм|Кореличский район||53.703996|26.192833|||[]|||20|[]|osm:node/11264816169
Воин с венком|памятник|Ивьевский район||54.158179|25.906416|||[]|||10|[]|osm:node/11265442205
Кладбище немецких солдат 1-й мировой войны|памятник|Берестовицкий район||53.581094|24.189322|||[]|||10|[]|osm:node/11274597276
Землякам погибшим в ВОВ|памятник|Кореличский район||53.743386|26.929636|||[]|||10|[]|osm:node/11275672554
Музей ільну і побыту|музей|Новогрудский район||53.588134|25.805229|||[]|||40|[]|osm:node/11282203501
Заброшенное лесничество|замок|Кореличский район||53.931774|26.768823|||[]|||40|[]|osm:node/11284645779
Застенок Стенки|архитектура|Кореличский район||53.976744|26.880048|||[]|||20|[]|osm:node/11284710270
Гора Миндовга|памятник|Новогрудский район||53.599834|25.834676|||[]|||10|[]|osm:node/11288193065
Братская могила 16 человек|памятник|Зельвенский район||52.921178|24.725663|||[]|||10|[]|osm:node/11328259048
Братская могила 11 воинов павших в ВОВ|памятник|Зельвенский район||52.877276|25.034501|||[]|||10|[]|osm:node/11329031748
Братская могила|памятник|Зельвенский район||52.847336|24.922548|||[]|||10|[]|osm:node/11329218797
Польским солдатам|памятник|Волковысский район||53.155099|24.495370|||[]|||10|[]|osm:node/11369839484
Ленин|памятник|Сморгонский район||54.626813|26.453862|||[]|||10|[]|osm:node/11389591586
Самалёт|памятник|Дятловский район||53.112397|26.046227|||[]|||10|[]|osm:node/11421671011
Дуб-тройник|архитектура|Зельвенский район||53.120559|24.996191|||[]|||20|[]|osm:node/11425218521
Сосна|архитектура|Зельвенский район||53.121029|24.995392|||[]|||20|[]|osm:node/11425218522
Дуб|архитектура|Зельвенский район||53.122784|24.992085|||[]|||20|[]|osm:node/11425218523
Хата-музей мастака і народнага разбяра Апалінарыя Пупко|музей|Кореличский район||53.883132|26.748089|||[]|||40|[]|osm:node/11428876986
Паравоз|памятник|Дятловский район||53.119704|25.979430|||[]|||10|[]|osm:node/11659759490
Дом 1928г.|архитектура|Кореличский район||53.081582|26.352398|||[]|||20|[]|osm:node/11728260948
25 землякам погибшим в ВОВ|памятник|Кореличский район||53.146575|26.351831|||[]|||10|[]|osm:node/11728496529
Фрагменты комплекса бывшей усадьбы Лобоцких|архитектура|Кореличский район||52.977376|26.762767|||[]|||20|[]|osm:node/11730723157
Братская могила 40 воинов павших в ВОВ|памятник|Кореличский район||53.025905|26.334812|||[]|||10|[]|osm:node/11738946169
Тадеуш Рейтан|памятник|Кореличский район||53.025076|26.323514|||[]|||10|[]|osm:node/11738967339
Памятник воинам Красной армии|памятник|Зельвенский район||53.054686|25.107198|||[]|||10|[]|osm:node/11770727463
Міхась Забэйда-Суміцкі|памятник|Зельвенский район||52.904241|24.783797|||[]|||10|[]|osm:node/11795479352
Церковь Святого Михаила г. Лида. 1863 г.|памятник|Лидский район||53.893806|25.302924|||[]|||10|[]|osm:node/11903143070
Скорбящая мать|памятник|Новогрудский район||53.281030|26.062815|||[]|||10|[]|osm:node/11920041969
Стела в память о базировании в 1943–1944гг. Столбцовского подпольного райкома КПБ(б) и подпольного райкома ЛКСМБ  д.Зуберево|памятник|Кореличский район||53.607940|26.542830|||[]|||10|[]|osm:node/11941747669
"25 сентября 1916 здесь был сбит ""Илья Муромец XVI"""|памятник|Сморгонский район||54.313163|26.227005|||[]|||10|[]|osm:node/11953807889
Я ❤️ ПМС|архитектура|Кореличский район||53.037600|26.228898|||[]|||20|[]|osm:node/11975745687
Иллюзия времени|музей|Гродненский район||53.636490|23.861168|||[]|||40|[]|osm:node/11985887845
Дзмітрый Ігнаценка|памятник|Гродненский район||53.662276|23.822650|||[]|||10|[]|osm:node/12033745559
В память о Я. Купала|памятник|Сморгонский район||54.235517|26.669672|||[]|||10|[]|osm:node/12043523823
Вечная слава героям|памятник|Сморгонский район||54.127827|26.966369|||[]|||10|[]|osm:node/12055098510
Музей гісторыі пажарнай службы|музей|Гродненский район||53.677910|23.824759|||[]|Mo-Fr 09:00-17:00||40|[]|osm:node/12065332679
Музей турэмнага побыту|музей|Гродненский район||53.679486|23.832465|||[]|||40|[]|osm:node/12065332680
Старая хатка|музей|Гродненский район||53.676148|23.836303|||[]|||40|[]|osm:node/12079003148
Усадьба Бикевичи (руины)|замок|Зельвенский район||53.042151|24.934485|||[]|||40|[]|osm:node/12089560276
Захоронение немецких солдат|памятник|Кореличский район||53.582893|26.149700|||[]|||10|[]|osm:node/12124634912
Валянцін Таўлай 1939-1|памятник|Лидский район||53.886475|25.302152|||[]|||10|[]|osm:node/12162544508
В ПАМЯТЬ О ЖЕРТВАХ ГЕНОЦИДА БЕЛОРУССКОГО НАРОДА|памятник|Гродненский район||53.678842|23.831256|||[]|||10|[]|osm:node/12166852753
ВЫШЭЙШАЯ ДУХОЎНАЯ СЕМІНАРЫЯ|памятник|Гродненский район||53.674930|23.831575|||[]|||10|[]|osm:node/12166852772
Коверский Эдуард Аврелианович|памятник|Кореличский район||53.895260|26.743931|||[]|||10|[]|osm:node/12169401736
Уладзімір Ільіч Ленін|памятник|Берестовицкий район||53.192130|24.018433|||[]|||10|[]|osm:node/12174782051
Гэта вуліца з 1924 Да 1940 года насіла імя АДОЛЬФА БІТНЭРА 1861-1924|памятник|Свислочский район||53.037019|24.093133|||[]|||10|[]|osm:node/12175708535
ВЕЧНАЯ СЛАВА РАБОТНИКАМ МИЛИЦИИ, ПОГИБШИМ ПРИ ИСПОЛНЕНИИ СЛУЖЕБНОГО ДОЛГА|памятник|Свислочский район||53.037545|24.094342|||[]|||10|[]|osm:node/12175708537
КАСТУСЬ КАЛІНОЎСКІ 1838-1864|памятник|Свислочский район||53.036137|24.094682|||[]|||10|[]|osm:node/12175708541
80 лet|памятник|Свислочский район||53.036864|24.094989|||[]|||10|[]|osm:node/12175728215
Усадебно-парковый комплекс «Козелловы-Медники»|архитектура|Островецкий район||54.561314|25.752256|||[]|||20|[]|osm:node/12186500804
Руины костёла и монастыря Святого Креста|замок|Кореличский район||53.193246|26.705493|||[]|||40|[]|osm:node/12188934949
Капліца|костёл|Кореличский район||53.492550|26.337991|||[]|||20|[]|osm:node/12188958185
Курганы|архитектура|Кореличский район||53.144709|26.718396|||[]|||20|[]|osm:node/12188964619
Капліца пач. XX ст.|костёл|Кореличский район||53.230293|26.525323|||[]|||20|[]|osm:node/12188971406
Руіны капліцы (унутры крыж).|костёл|Кореличский район||53.119786|26.546015|||[]|||20|[]|osm:node/12189539231
Остатки костёла и монастыря Святого Архангела Михаила|архитектура|Кореличский район||53.202124|26.724839|||[]|||20|[]|osm:node/12189583384
Царква|костёл|Щучинский район||53.521528|25.087589|||[]|||20|[]|osm:node/12189605827
Усадебно-парковый комплекс Снядецких «Ровнополь»|архитектура|Ошмянский район||54.503054|25.768932|||[]|||20|[]|osm:node/12192853509
Арочный мост (руины)|архитектура|Ошмянский район||54.502225|25.767848|||[]|||20|[]|osm:node/12192853510
Усадебно-парковый комплекс Котвичей «Турлы»|архитектура|Островецкий район||54.789493|26.136584|||[]|||20|[]|osm:node/12202058956
Партизанский лагерь (реконструкция)|памятник|Новогрудский район||53.826910|25.890169|||[]|||10|[]|osm:node/12211306060
Поселение (3-е тысячеление до н.э.)|памятник|Новогрудский район||53.817970|25.903736|||[]|||10|[]|osm:node/12211325079
Гарадзішча|архитектура|Кореличский район||53.193770|26.486801|||[]|||20|[]|osm:node/12223030067
Слабада 1575|памятник|Кореличский район||53.509435|26.777626|||[]|||10|[]|osm:node/12228032729
Усадебно-парковый комплекс Войчинских «Длугополь» (остатки)|архитектура|Мостовский район||53.352869|24.307568|||[]|||20|[]|osm:node/12241361186
Приусадебный фольварк (XIX в.)|архитектура|Мостовский район||53.352456|24.311141|||[]|||20|[]|osm:node/12241361187
Валеўскі народны гісторыка-краязнаўчы музей|музей|Новогрудский район|Валеўка|53.462445|25.892281|||[]|"""on appointment"""||40|[]|osm:node/12244497220
Синагогальный двор|архитектура|Щучинский район||53.730159|24.532680|||[]|||20|[]|osm:node/12258147858
Братская могила мирных советских граждан|памятник|Дятловский район||53.666364|25.415569|||[]|||10|[]|osm:node/12290666892
Памятник советским активистам и мирным гражданам|памятник|Лидский район||53.681902|25.432102|||[]|||10|[]|osm:node/12290684160
Сожжённым деревням Копыльщины|памятник|Кореличский район||53.124507|26.889904|||[]|||10|[]|osm:node/12304711461
Место боя 20.7.1942г.|памятник|Кореличский район||53.110308|26.911204|||[]|||10|[]|osm:node/12304955702
Руины моста|замок|Ошмянский район||54.419657|26.063270|||[]|||40|[]|osm:node/12346963003
Памятник героям-пограничникам заставы А.Н. Сивачёва|памятник|Гродненский район||53.903754|23.708486|||[]|||10|[]|osm:node/12381831501
Ян Чечот|памятник|Кореличский район||53.571238|26.138256|||[]|||10|[]|osm:node/12398675243
АЗП С-60|памятник|Зельвенский район||52.781249|25.659880|||[]|||10|[]|osm:node/12602324767
Часовенка|архитектура|Лидский район||53.717665|25.458094|||[]|||20|[]|osm:node/12633449308
Водяная мельница (руины)|архитектура|Новогрудский район||53.486855|25.712836|||[]|||20|[]|osm:node/12640560995
Остатки дома|замок|Сморгонский район||54.471649|26.273052|||[]|||40|[]|osm:node/12696997832
Ленин Владимир Ильич|памятник|Сморгонский район||54.487958|26.914258|||[]|||10|[]|osm:node/12700513499
Памятник землякам, погибшим во время Великой Отечественной войны|памятник|Сморгонский район||54.495656|26.917621|||[]|||10|[]|osm:node/12700513500
Памятник освободителям Вилейки|памятник|Сморгонский район||54.489149|26.917250|||[]|||10|[]|osm:node/12701760224
Обелиск Маршалу Юзефу Пилсудскому|памятник|Сморгонский район||54.502798|26.922602|||[]|||10|[]|osm:node/12701760382
Памятник польским полицейским и пограничникам|памятник|Сморгонский район||54.490395|26.900390|||[]|||10|[]|osm:node/12701979617
Братская могила 1941-1944 гг.|памятник|Сморгонский район||54.490316|26.901051|||[]|||10|[]|osm:node/12701979618
Севрюковский каньон|архитектура|Дятловский район||53.120592|25.795223|||[]|||20|[]|osm:node/12702361801
Памятник евреям, погибшим в Вилейском гетто|памятник|Сморгонский район||54.478392|26.906288|||[]|||10|[]|osm:node/12704140231
Иоанн Павел II|памятник|Сморгонский район||54.573451|26.617472|||[]|||10|[]|osm:node/12706467184
Аллея Героев|памятник|Сморгонский район||54.487651|26.913951|||[]|||10|[]|osm:node/12725230181
Ворота|архитектура|Щучинский район||53.710669|24.819729|||[]|||20|[]|osm:node/12738718640
Древо жизни|памятник|Гродненский район||53.653139|23.777126|||[]|||10|[]|osm:node/12754762073
Фольварк «Рымдюны»|архитектура|Островецкий район||54.654149|26.223285|||[]|||20|[]|osm:node/12801299910
Архитектурный ансамбль центра Ворнян (XVIII в.)|архитектура|Островецкий район||54.727409|26.009990|||[]|||20|[]|osm:node/12801299936
Придорожная часовенка|архитектура|Сморгонский район||54.786016|26.407829|||[]|||20|[]|osm:node/12812472217
Дворцово-парковый комплекс Гюнтеров (XVIII-XIX вв.)|архитектура|Сморгонский район||54.786716|26.403523|||[]|||20|[]|osm:node/12812472229
Старинный парковый мост|архитектура|Сморгонский район||54.787254|26.403433|||[]|||20|[]|osm:node/12812472377
Малая синагога|архитектура|Кореличский район||53.039854|26.264407|||[]|||20|[]|osm:node/12828691660
Пётр Калінін|памятник|Гродненский район||53.684576|23.857157|||[]|||10|[]|osm:node/12841686375
Контур Рэспублікі Беларусь|памятник|Гродненский район||53.653366|23.776743|||[]|||10|[]|osm:node/12856409063
Імёны палонных Шталаг 324|памятник|Гродненский район||53.653306|23.776907|||[]|||10|[]|osm:node/12856409064
Камень|памятник|Гродненский район||53.652943|23.777661|||[]|||10|[]|osm:node/12856409065
Памятный знак сожжённым деревням Ляховичского района|памятник|Дятловский район||52.932419|26.044542|||[]|||10|[]|osm:node/12883932654
55й стрелковой дивизии|памятник|Дятловский район||52.929067|26.023083|||[]|||10|[]|osm:node/12883932655
"Церковь ""Живое Слово"""|храм|Гродненский район||53.687804|23.875608|||[]|||20|[]|osm:node/12909559901
Хата брыгадзіра|музей|Дятловский район||53.342425|25.270668|||[]|||40|[]|osm:node/12947128200
Грунвальд|архитектура|Кореличский район||53.305886|26.515029|||[]|||20|[]|osm:node/12953466102
Дом равіна|архитектура|Кореличский район||53.475510|26.730495|||[]|||20|[]|osm:node/12953467202
Радавая забудова|архитектура|Кореличский район||53.479207|26.741298|||[]|||20|[]|osm:node/12953467302
Гарадская забудова|архитектура|Кореличский район||53.475894|26.726127|||[]|||20|[]|osm:node/12953494101
Міква|архитектура|Кореличский район||53.475800|26.727589|||[]|||20|[]|osm:node/12953494201
Радавая забудова|архитектура|Кореличский район||53.477157|26.731511|||[]|||20|[]|osm:node/12953494202
Пошта будынак 30-х гг. ХХ ст.|архитектура|Кореличский район||53.480502|26.736026|||[]|||20|[]|osm:node/12953494501
Мемориальный камень О. Гашкевичу|памятник|Островецкий район||54.643945|25.990952|||[]|||10|[]|osm:node/12958992376
Воинам-интернационалистам Островетчины|памятник|Островецкий район||54.610654|25.942631|||[]|||10|[]|osm:node/12959073612
Мемориальный камень немецкого штаба|памятник|Ивьевский район||54.146936|26.176952|||[]|||10|[]|osm:node/12964617858
Каменный могильник периода средневековья|архитектура|Зельвенский район||53.106741|25.139066|||[]|||20|[]|osm:node/12977007379
Курганный могильник периода раннего средневековья|архитектура|Зельвенский район||53.201592|25.003114|||[]|||20|[]|osm:node/12977052066
Каменное кладбище периода средневековья|архитектура|Зельвенский район||53.204266|25.002526|||[]|||20|[]|osm:node/12977052067
Каменные могилы|архитектура|Зельвенский район||53.069041|24.812653|||[]|||20|[]|osm:node/12977214238
Братская могила|памятник|Зельвенский район||53.073734|24.795130|||[]|||10|[]|osm:node/12977214263
Городище периода средневековья|архитектура|Зельвенский район||53.037605|24.891772|||[]|||20|[]|osm:node/12977268730
Каменный могильник Куцейки-1|архитектура|Зельвенский район||53.184411|25.149946|||[]|||20|[]|osm:node/12977340775
Каменные могилы|архитектура|Зельвенский район||53.173774|24.900534|||[]|||20|[]|osm:node/12977342192
Каменные могилы|архитектура|Зельвенский район||53.070761|24.904579|||[]|||20|[]|osm:node/12977345855
Археологический комплекс «Сеньковщина»|архитектура|Зельвенский район||53.181653|25.149937|||[]|||20|[]|osm:node/12977359004
Дуб пирамидальный Заозерский|архитектура|Кореличский район||53.229451|26.690958|||[]|||20|[]|osm:node/12982849722
Солнечные часы|архитектура|Кореличский район||53.034986|26.436725|||[]|||20|[]|osm:node/12991244905
Храм иконы Божией Матери Всецарица|церковь|Гродненский район||53.727373|23.875042|||[]|||20|[]|osm:node/12998007547
Поселения, стоянка, кремниевые рудники, шахты каменного, бронзового и железного веков (III–I тыс. до н.э.).|архитектура|Волковысский район||53.252469|24.435272|||[]|||20|[]|osm:node/13003953901
Могила Теодора Нарбута (1784-1864)|архитектура|Вороновский район||54.072252|24.839726|||[]|||20|[]|osm:node/13009125866
В.И.Ленин|памятник|Сморгонский район||54.222152|26.611128|||[]|||10|[]|osm:node/13021395416
Они умерли в годы Великой отечественнрй войны|памятник|Сморгонский район||54.275667|26.313813|||[]|||10|[]|osm:node/13028099794
Ленин|памятник|Сморгонский район||54.275715|26.314133|||[]|||10|[]|osm:node/13028099795
Братская могила 26 воинов павших в ВОВ|памятник|Кореличский район||53.664807|26.929994|||[]|||10|[]|osm:node/13042620535
Курганный могильник периода средневековья (XI—XIII вв.)|архитектура|Новогрудский район||53.615109|25.914547|||[]|||20|[]|osm:node/13043763076
Женщина и суворовец|памятник|Новогрудский район||53.576049|25.793868|||[]|||10|[]|osm:node/13043763092
Курганный могильник периода средневековья|архитектура|Новогрудский район||53.575592|25.782080|||[]|||20|[]|osm:node/13045201438
Братская могила 18000 жителей убитых фашистами в 1941-1944гг.|памятник|Новогрудский район||53.579211|25.786687|||[]|||10|[]|osm:node/13046484513
Землякам погибшим в ВОВ|памятник|Кореличский район||53.942607|26.853984|||[]|||10|[]|osm:node/13052486232
Памятник немецким солдатам|памятник|Сморгонский район||54.762727|26.603142|||[]|||10|[]|osm:node/13084073871
Усадебно-парковый комплекс «Подоль»|архитектура|Дятловский район||53.322987|25.289502|||[]|||20|[]|osm:node/13088961335
Руины фольварка Волосовщина|архитектура|Сморгонский район||54.394993|26.251984|||[]|||20|[]|osm:node/13089625822
Руины фольварка Брызгловщина|архитектура|Сморгонский район||54.397936|26.239867|||[]|||20|[]|osm:node/13089625829
Памятник 19 Партизанской Бригаде имени Молотова|памятник|Дятловский район||52.760222|26.039528|||[]|||10|[]|osm:node/13090468721
ДОТ|архитектура|Сморгонский район||54.708490|26.716188|||[]|||20|[]|osm:node/13094519977
ДОТ|архитектура|Сморгонский район||54.747244|26.737468|||[]|||20|[]|osm:node/13094531682
ДОТ|архитектура|Сморгонский район||54.733654|26.734500|||[]|||20|[]|osm:node/13094533544
Место битвы 9-10 июля 1812г. казаков атамана Платова с дивизией генерала Рожнецкого|памятник|Кореличский район||53.440682|26.478482|||[]|||10|[]|osm:node/13104419231
Матерь с ребёнком|памятник|Новогрудский район||53.511973|25.983796|||[]|||10|[]|osm:node/13108580842
курганны могiльнiк IX-XIII|архитектура|Кореличский район||53.124055|26.420680|||[]|||20|[]|osm:node/13109281002
Дворцово-парковый комплекс Новицких «Совейкі»|архитектура|Кореличский район||52.917321|26.410701|||[]|||20|[]|osm:node/13134057621
1 ноября 1943 народные мстители разгромили гарнизон|памятник|Сморгонский район||54.554350|26.963040|||[]|||10|[]|osm:node/13142233814
Картинг|архитектура|Дятловский район||52.935659|25.625549|||[]|||20|[]|osm:node/13163308410
Верёвочный парк|архитектура|Дятловский район||52.935977|25.623922|||[]|||20|[]|osm:node/13163308411
Вейкборд|архитектура|Дятловский район||52.935557|25.621604|||[]|||20|[]|osm:node/13163308412
Памятник погибшему машинисту В.А. Яскевичу|памятник|Сморгонский район||54.390172|26.596897|||[]|||10|[]|osm:node/13168183928
Бывшая военная часть 428-го ракетного полка РВСН|архитектура|Сморгонский район||54.530737|26.289793|||[]|||20|[]|osm:node/13179712840
Городище периода средневековья|архитектура|Сморгонский район||54.361855|26.464078|||[]|||20|[]|osm:node/13235464401
Землякам погибшим в II мировой войне|памятник|Сморгонский район||54.367838|26.464014|||[]|||10|[]|osm:node/13235464404
Ворота|архитектура|Ивьевский район||53.965542|25.979403|||[]|||20|[]|osm:node/13240768358
Михаил Петрович Шейбак|памятник|Гродненский район||53.691254|23.833473|||[]|||10|[]|osm:node/13256762607
Каменный могильник (кон. XIV — нач. XVI вв.)|архитектура|Зельвенский район||53.056686|24.938273|||[]|||20|[]|osm:node/13271966273
Дворцово-парковый комплекс Слизней|архитектура|Кореличский район||53.294366|26.232843|||[]|||20|[]|osm:node/13273734780
Придорожная часовенка|архитектура|Островецкий район||54.765737|26.319357|||[]|||20|[]|osm:node/13274312935
Лялечны дом|музей|Гродненский район||53.670740|23.819210|||[]|||40|[]|osm:node/13274770379
Царква Святой Праведнай Ганны|храм|Сморгонский район||54.040078|26.687474|||[]|||20|[]|osm:node/13278418101
Камень ля касцёла|архитектура|Сморгонский район||54.035454|26.681385|||[]|||20|[]|osm:node/13278468701
Усадебный дом|архитектура|Ошмянский район||54.404660|26.017011|||[]|||20|[]|osm:node/13281264825
Часовня-усыпальница (руины)|замок|Островецкий район||54.663876|26.182658|||[]|||40|[]|osm:node/13282845927
Старый Свержень 1482 г.|памятник|Кореличский район||53.461538|26.673550|||[]|||10|[]|osm:node/13286752158
Ленин|памятник|Берестовицкий район||53.590235|24.250689|||[]|||10|[]|osm:node/13287771914
Васіль Апанасавіч Равяка|памятник|Гродненский район||53.698659|24.008628|||[]|||10|[]|osm:node/13324461628
Лётчикам 39-ого СБАП 10 ЗАД і СБАП 13 БАД|памятник|Дятловский район||52.877730|26.124413|||[]|||10|[]|osm:node/13326111727
Здановіч Г.С.|памятник|Дятловский район||52.877830|26.124962|||[]|||10|[]|osm:node/13326111728
Усадебно-парковый комплекс Бохвицев «Подороск»|архитектура|Зельвенский район||52.977020|24.621663|||[]|||20|[]|osm:node/13336159401
Хозпостройка (законсервированные руины)|замок|Зельвенский район||52.977460|24.621648|||[]|||40|[]|osm:node/13336159424
Усадебно-парковый комплекс Пусловских|архитектура|Лидский район||53.996928|25.385113|||[]|||20|[]|osm:node/13353028246
Хозпостройки|архитектура|Берестовицкий район||53.291913|23.900611|||[]|||20|[]|osm:node/13375834933
Городище|архитектура|Сморгонский район||54.582739|26.969041|||[]|||20|[]|osm:node/13384145148
Курганный могильник|архитектура|Сморгонский район||54.593146|26.971480|||[]|||20|[]|osm:node/13384190573
Камень с 5 углублениями|архитектура|Сморгонский район||54.598897|26.969526|||[]|||20|[]|osm:node/13384205836
Камень с 11 углублениями|архитектура|Сморгонский район||54.549326|26.882164|||[]|||20|[]|osm:node/13386897884
Партизанской семье Рогач|памятник|Сморгонский район||54.667994|26.712064|||[]|||10|[]|osm:node/13387272903
Камень с 2 углублениями|архитектура|Сморгонский район||54.601838|26.965056|||[]|||20|[]|osm:node/13387278301
Корчма 19в.|архитектура|Щучинский район||53.651162|24.972819|||[]|||20|[]|osm:node/13404425737
Землякам погибшим в ВОВ|памятник|Щучинский район||53.585219|24.630467|||[]|||10|[]|osm:node/13409008931
Волковысский военно-исторический музей им. П. И. Багратиона|музей|Волковысский район||53.161646|24.472832|||[]|Tu-Su 10:00-17:00||40|[]|osm:node/13436110101
Каменные могилы|архитектура|Свислочский район||52.905917|24.305328|||[]|||20|[]|osm:node/13460769211
Придорожная часовенка|архитектура|Ивьевский район||54.066249|25.678670|||[]|||20|[]|osm:node/13531460940
Рэшткі царквы в. Рудня Налібоцкая|замок|Кореличский район||53.855710|26.425487|||[]|||40|[]|osm:node/13568330201
Месторасположение бывшего кальвинского сбора|архитектура|Кореличский район||53.461110|26.171948|||[]|||20|[]|osm:node/13579860522
Часовня-усыпальница|архитектура|Волковысский район||53.262160|24.617146|||[]|||20|[]|osm:node/13605439995
Усадебно-парковый комплекс «Побоев»|архитектура|Волковысский район||53.250481|24.558040|||[]|||20|[]|osm:node/13605439997
Городище|архитектура|Сморгонский район||54.031839|26.915590|||[]|||20|[]|osm:node/13614919727
Усадебно-парковый комплекс Биспингов «Массоляны»|архитектура|Берестовицкий район||53.357760|24.008752|||[]|||20|[]|osm:node/13629979446
Ворота|архитектура|Берестовицкий район||53.373388|24.174082|||[]|||20|[]|osm:node/13630286087
Руины ледника|замок|Берестовицкий район||53.328048|23.822384|||[]|||40|[]|osm:node/13630315439
Приход храма Покрова Пресвятой Богородицы|храм|Кореличский район||53.385181|26.581636|||[]|||20|[]|osm:node/13648393902
Мемориальный камень|памятник|Дятловский район||53.487542|25.212573|||[]|||10|[]|osm:node/13665396262
Руины бетон. укреплений ПМВ|архитектура|Сморгонский район||54.502561|26.437186|||[]|||20|[]|osm:node/13681602202
Руины немец. укреплений/ДОТ-ов ПМВ (вдоль склона)|архитектура|Сморгонский район||54.502620|26.435577|||[]|||20|[]|osm:node/13681612501
Руины немец. ДОТа (ПМВ)|архитектура|Сморгонский район||54.503741|26.453074|||[]|||20|[]|osm:node/13681661401
"Необычная сосна ""Гидра"""|архитектура|Сморгонский район||54.502425|26.434569|||[]|||20|[]|osm:node/13684863905
Погибшим землякам в годы Великой Отечественной войны|памятник|Дятловский район||53.138369|25.878622|||[]|||10|[]|osm:node/13690441482
Агадил Сухомбаев|памятник|Гродненский район||53.694662|23.816503|||[]|||10|[]|osm:node/13691872129
Руины немец. ДОТа|замок|Сморгонский район||54.505455|26.462562|||[]|||40|[]|osm:node/13695400701
Руины немец. ДОТа (ПМВ)|замок|Сморгонский район||54.522588|26.455606|||[]|||40|[]|osm:node/13708690901
Часовня Богушевичей|архитектура|Сморгонский район||54.441497|26.175510|||[]|||20|[]|osm:node/13711455942
Руины немец. ДОТа (ПМВ)|замок|Сморгонский район||54.519829|26.466312|||[]|||40|[]|osm:node/13723065401
Руины немец. фортиф. укреплений (ПМВ; вероятно арт. позиция)|замок|Сморгонский район||54.529633|26.480344|||[]|||40|[]|osm:node/13723065402
Руины немец. фортиф. укреплений (ПМВ; вероятно штабной пункт)|архитектура|Сморгонский район||54.529183|26.480435|||[]|||20|[]|osm:node/13723065701
Руины немец. ДОТа (ПМВ)|замок|Сморгонский район||54.518031|26.442476|||[]|||40|[]|osm:node/13732632201
Ахвярам фашызму|памятник|Кореличский район||52.911293|26.394437|||[]|||10|[]|osm:node/13739540401
Место костёла XVIII в.|памятник|Ивьевский район||54.117028|25.602976|||[]|||10|[]|osm:node/13748537669
Крипта-усыпальница Умястовских|архитектура|Ивьевский район||54.093631|25.751959|||[]|||20|[]|osm:node/13748537688
Музей художественного стекла|музей|Лидский район||53.719755|25.500125|||[]|||40|[]|osm:node/13755647703
Могила жертв фашизма (1943)|памятник|Сморгонский район||54.214267|26.945854|||[]|||10|[]|osm:node/13787547801
Скарбчик 19в.|архитектура|Новогрудский район||53.421839|26.058480|||[]|||20|[]|osm:node/13788948581
Жилой дом 19в.|архитектура|Новогрудский район||53.421483|26.058701|||[]|||20|[]|osm:node/13788948582
Амбар 19в.|архитектура|Новогрудский район||53.421372|26.057367|||[]|||20|[]|osm:node/13788948583
Землякам погибшим в ВОВ|памятник|Новогрудский район||53.454614|26.026114|||[]|||10|[]|osm:node/13790407005
"Каштан восьмитычинковый ""Райцевский"""|архитектура|Новогрудский район||53.473186|26.023570|||[]|||20|[]|osm:node/13790420506
Васьков камень|архитектура|Сморгонский район||54.124346|26.485312|||[]|||20|[]|osm:node/13833909738
Валун Аляновский|архитектура|Ивьевский район||54.217236|26.204225|||[]|||20|[]|osm:node/13834288152
Руины немец. блиндажа (ПМВ)|замок|Сморгонский район||54.523438|26.481042|||[]|||40|[]|osm:node/13844394601
Валун Шальтинский|архитектура|Ивьевский район||54.211759|26.160784|||[]|||20|[]|osm:node/13846386103
Руины немец. ДОТа (ПМВ)|замок|Сморгонский район||54.517986|26.471334|||[]|||40|[]|osm:node/13860405402
Руины немец. фортиф. укреплений (ПМВ)|замок|Сморгонский район||54.518260|26.473586|||[]|||40|[]|osm:node/13860406601
Руины немец. фортиф. Укреплений (ПМВ)|замок|Сморгонский район||54.520275|26.484749|||[]|||40|[]|osm:node/13860796601
Руины немец. фортиф. Укреплений (ПМВ)|замок|Сморгонский район||54.518461|26.485833|||[]|||40|[]|osm:node/13860798001
Мізар( ён знаходзіцца тут)|архитектура|Щучинский район||53.758506|24.858035|||[]|||20|[]|osm:node/13866670201
Руины немец. фортиф. укреплений (ПМВ)|замок|Сморгонский район||54.516945|26.448487|||[]|||40|[]|osm:node/13867364101
Руины немец. фортиф. укреплений (ПМВ)|замок|Сморгонский район||54.525111|26.438875|||[]|||40|[]|osm:node/13867364201
Руины немец. фортиф. укреплений|замок|Сморгонский район||54.548019|26.508136|||[]|||40|[]|osm:node/13883797804
"70 лет ОАО""Малоберестовицкий Элитхоз"""|памятник|Берестовицкий район||53.286968|23.938747|||[]|||10|[]|osm:node/13889384662
Генерал Карбышев Дмитрий Михайлович|памятник|Берестовицкий район||53.372410|24.176758|||[]|||10|[]|osm:node/13889521054
Гудзевічы 1539|памятник|Берестовицкий район||53.372372|24.176419|||[]|||10|[]|osm:node/13889521057
Партизан и девочка, которая возлагает цветы|памятник|Берестовицкий район||53.298973|24.011184|||[]|||10|[]|osm:node/13892180512
Здание иешивы нач.20в.|архитектура|Берестовицкий район||53.593581|24.252158|||[]|||20|[]|osm:node/13914833360
Здесь захоронены узники лагеря смерти Шталаг 324|памятник|Гродненский район||53.653224|23.776935|||[]|||10|[]|osm:node/13917997576
Босой узник со вскинутыми вверх связанными руками|памятник|Берестовицкий район||53.296027|23.837227|||[]|||10|[]|osm:node/13938242539
Ольга Соломова 1920 – 1944 гг.|памятник|Берестовицкий район||53.393468|23.901381|||[]|||10|[]|osm:node/13943601992
Женщина в скорби|памятник|Берестовицкий район||53.392811|23.900865|||[]|||10|[]|osm:node/13943601994
Ядвігін Ш.|памятник|Сморгонский район||54.031656|26.662351|||[]|||10|[]|osm:node/13945138779
Былая лядоўня|архитектура|Кореличский район||53.984689|26.888398|||[]|||20|[]|osm:node/13945962894
Камень Дзед (2019г.)|памятник|Кореличский район||53.983697|26.887527|||[]|||10|[]|osm:node/13945972883
Былы бровар і карчма|архитектура|Кореличский район||53.984059|26.890064|||[]|||20|[]|osm:node/13945972885
Амбар 19в.|архитектура|Берестовицкий район||53.374916|24.163610|||[]|||20|[]|osm:node/13946291627
Каменный могильник|архитектура|Волковысский район||53.237076|24.476007|||[]|||20|[]|osm:node/13948456415
А.І. Валынец|памятник|Сморгонский район||54.309334|26.846273|||[]|||10|[]|osm:node/13961060002
Трактор|памятник|Сморгонский район||54.469110|26.397830|||[]|||10|[]|osm:node/13995489439
Советским воинам|памятник|Свислочский район||52.828116|24.352776|||[]|||10|[]|osm:node/14010790599
Землякам|памятник|Свислочский район||52.834607|24.523440|||[]|||10|[]|osm:node/14020166506
Воин|памятник|Кореличский район||53.694520|26.855230|||[]|||10|[]|osm:node/14024869412
39 Землякам погибшим в ВОВ|памятник|Кореличский район||53.689362|26.862033|||[]|||10|[]|osm:node/14024916216
Братская могила 350 евреев убитых фашистами в 1942г.|памятник|Кореличский район||53.681519|26.865863|||[]|||10|[]|osm:node/14026291743
Стаянка перыяду неаліту|архитектура|Новогрудский район||53.834469|25.895283|||[]|||20|[]|osm:node/14047475629
Стоянка периода неолита|архитектура|Кореличский район||53.512904|26.632863|||[]|||20|[]|osm:node/14049571420
Курганный могильник|архитектура|Кореличский район||53.512499|26.645133|||[]|||20|[]|osm:node/14049571425
Памятны камень Ігнату Дамейку|памятник|Кореличский район||53.202172|26.157090|||[]|||10|[]|osm:node/14052264018
Памятник погибшим землякам|памятник|Кореличский район||53.255111|26.180813|||[]|||10|[]|osm:node/14052280534
Погибшим в Великой отечественной войне|памятник|Сморгонский район||54.399311|26.183563|||[]|||10|[]|osm:node/14067917472
Аллея выпускников 2026 ГУО «СШ 35 г. Гродно»|памятник|Гродненский район||53.663987|23.771181|||[]|||10|[]|osm:node/14075665158
Усадебно-парковый комплекс Вендорфов|архитектура|Кореличский район||52.887961|26.549810|||[]|||20|[]|osm:node/14078716628
Каплица|храм|Гродненский район||53.915066|23.572288|||[]|||20|[]|osm:node/14089591202
Место лагеря Нерочь|памятник|Дятловский район||53.036670|25.864411|||[]|||10|[]|osm:node/14120654476
Руины ворот|замок|Сморгонский район||54.151745|26.921484|||[]|||40|[]|osm:node/14142330642
Городокский сельский дом культуры и традиционного быта|музей|Сморгонский район||54.158906|26.914951|||[]|Tu-Sa 11:00-20:00||40|[]|osm:node/14142330741
Городокское гетто|памятник|Сморгонский район||54.151995|26.922186|||[]|||10|[]|osm:node/14142330743
Замчище Городок|памятник|Сморгонский район||54.156533|26.918178|||[]|||10|[]|osm:node/14142330754
Мемориальный камень погибшим красноармейцам|памятник|Сморгонский район||54.161182|26.923380|||[]|||10|[]|osm:node/14142330763
Домовая церковь Святителя Николая Чудотворца|церковь|Гродненский район|Гродна|53.685187|23.831285|||[]|||20|[]|osm:way/29124937
Церковь Коложской иконы Божией Матери|церковь|Гродненский район||53.679660|23.817232|||[]|||20|[]|osm:way/29124955
Большая хоральная синагога|архитектура|Гродненский район|Гродна|53.679067|23.825073|||[]|||20|[]|osm:way/29125014
Новый замок|замок|Гродненский район|Гродна|53.676315|23.825124|||[]|Tu-Su 10:00-18:00||40|[]|osm:way/29125034
Кафедральный собор Святого Франциска Ксаверия|архитектура|Гродненский район|Гродна|53.678315|23.831549|||[]|||20|[]|osm:way/29125106
Храм Усекновения Главы Иоанна Предтечи|церковь|Гродненский район|Гродна|53.704336|23.809979|||[]|||20|[]|osm:way/29125178
Усадьба Станиславово|замок|Гродненский район||53.693767|23.846837|||[]|||40|[]|osm:way/29125284
Свято-Покровский кафедральный собор|архитектура|Гродненский район|Гродна|53.684498|23.841407|||[]|Mo-Su 07:30-20:00||20|[]|osm:way/29125299
Свято-Ольгинская Церковь|костёл|Гродненский район|Гродна|53.683977|23.841509|||[]|||20|[]|osm:way/29125300
Лютеранская кирха святого Иоанна|архитектура|Гродненский район|Гродна|53.687063|23.840521|||[]|Tu-Fr 10:00-17:00; Su 13:00-19:00; Sa 09:00-14:00||20|[]|osm:way/29125324
Костёл Божьего Милосердия|костёл|Гродненский район||53.645468|23.854694|||[]|||20|[]|osm:way/29125475
Храм в честь «Собора всех Белорусских Святых»|архитектура|Гродненский район|Гродна|53.652284|23.856302|||[]|Mo-Fr 07:30-19:00; Sa 07:30-20:00; Su 06:30-19:00||20|[]|osm:way/29125524
Свято-Борисо-Глебская Коложская церковь|архитектура|Гродненский район|Гродна|53.678429|23.818630|||[]|||20|[]|osm:way/29125792
Свято-Владимирская церковь|архитектура|Гродненский район|Гродна|53.664501|23.827973|||[]|||20|[]|osm:way/29125810
Церковь адвентистов седьмого дня|костёл|Гродненский район||53.675673|23.864660|||[]|||20|[]|osm:way/29126043
Часовня святого Роха|костёл|Гродненский район||53.720125|23.813598|||[]|||20|[]|osm:way/29141473
Надежда Церковь Евангельских Христиан Баптистов РО|костёл|Гродненский район|Гродна|53.680273|23.844949|||[]|||20|[]|osm:way/29148890
Церковь ХВЕ Благодать|костёл|Гродненский район|Гродна|53.666193|23.816155|||[]|||20|[]|osm:way/29158436
ДОТ Гродненского УР|замок|Гродненский район||53.848380|23.642238|||[]|||40|[]|osm:way/29165825
Костёл Святого Михаила Архангела (1612)|архитектура|Сморгонский район||54.480864|26.403784|||[]|||20|[]|osm:way/37908088
Спасо-Преображенская церковь|церковь|Сморгонский район||54.481287|26.407291|||[]|||20|[]|osm:way/37908094
Сморгонский историко-краеведческий музей|музей|Сморгонский район||54.478072|26.392030|||[]|||40|[]|osm:way/38287223
Костёл Святого Казимира|костёл|Гродненский район||53.696088|23.943749|||[]|||20|[]|osm:way/38849117
Костёл Святых Апостолов Петра и Павла|архитектура|Гродненский район|Гожа|53.816802|23.862917|||[]|||20|[]|osm:way/38868305
Дворец Воловичей|замок|Гродненский район||53.797252|23.661121|||[]|||40|[]|osm:way/40350893
Остров любви|архитектура|Островецкий район||54.612460|25.957372|||[]|||20|[]|osm:way/40799283
Костёл Отыскания Святого Креста (1911 г.)|архитектура|Островецкий район||54.611334|25.946323|||[]|||20|[]|osm:way/40799295
Успения Пресвятой Девы Марии|архитектура|Гродненский район||53.691597|23.732750|||[]|||20|[]|osm:way/43727661
Церковь Святой Анны|архитектура|Кореличский район|Стоўбцы|53.478423|26.730952|||[]|||20|[]|osm:way/48184716
Церковь ХВЕ|костёл|Кореличский район||53.488557|26.733874|||[]|||20|[]|osm:way/48186791
Костёл Святого Казимира|костёл|Кореличский район|Стоўбцы|53.486047|26.746686|||[]|||20|[]|osm:way/48187448
Костёл Крестовоздвиженский|архитектура|Лидский район||53.889286|25.303268|||[]|||20|[]|osm:way/53448058
Костёл Вознесения Наисвятейшей Панны Марии|костёл|Лидский район||53.930252|25.267039|||[]|||20|[]|osm:way/60838012
Храм Всех Святых|церковь|Лидский район||53.883721|25.301649|||[]|||20|[]|osm:way/60921636
Паровоз Л-0563;Воинам-железнодорожникам|архитектура|Лидский район||53.871825|25.318651|||[]|||20|[]|osm:way/60924124
Здание администрации гмины|архитектура|Гродненский район||53.768267|23.750881|||[]|||20|[]|osm:way/66378600
Водяная Мельница|архитектура|Гродненский район||53.641026|23.739092|||[]|||20|[]|osm:way/67079679
Храм Святой Троицы (1911)|архитектура|Волковысский район|Рось|53.283277|24.405040|||[]|||20|[]|osm:way/69138253
Церковь Рождества Богородицы|архитектура|Гродненский район|Гродна|53.677132|23.826648|||[]|||20|[]|osm:way/69906569
Клуб «Цементник»|архитектура|Волковысский район||53.256016|24.428839|||[]|||20|[]|osm:way/77870106
Храм великомученика Георгия Победоносца (2003)|церковь|Волковысский район|Краснасельскі|53.262298|24.421315|||[]|||20|[]|osm:way/77874256
Костёл Святой Семьи|архитектура|Лидский район||53.899458|25.256538|||[]|||20|[]|osm:way/85066236
Костел св. Иосифа|архитектура|Сморгонский район|Валожын|54.089515|26.528322|||[]|||20|[]|osm:way/89695302
Кладбище еврейское|архитектура|Сморгонский район||54.093577|26.530269|||[]|||20|[]|osm:way/89782283
Железнодорожный вокзал Поречье|архитектура|Гродненский район|Парэчча|53.885779|24.134535|||[]|Mo-Fr 08:30-17:00||20|[]|osm:way/89805223
Форт № 6|архитектура|Гродненский район||53.594683|23.780166|||[]|||20|[]|osm:way/89810359
Костёл Святых Космы и Дамиана (1785 г.)|архитектура|Островецкий район|Астравец|54.615592|25.954183|||[]|||20|[]|osm:way/93877316
Церковь святых Петра и Павла|церковь|Островецкий район||54.613143|25.955985|||[]|||20|[]|osm:way/93963360
Церковь «Милость»|костёл|Островецкий район||54.606751|25.951834|||[]|||20|[]|osm:way/93971571
Церковь ХВЕП|костёл|Островецкий район||54.619403|25.950481|||[]|||20|[]|osm:way/93971650
Музей Багратиона|музей|Волковысский район||53.161523|24.473357|||[]|10:00-17:00||40|[]|osm:way/96930163
Храм Благовещения Пресвятой Богородицы (2012)|церковь|Волковысский район||53.168337|24.444350|||[]|||20|[]|osm:way/97544173
Собор Святой Троицы (1645)|архитектура|Зельвенский район|Слонім|53.091961|25.320907|||[]|||20|[]|osm:way/97690580
Слонимский районный краеведческий музей имени И.И.Стабровского|музей|Зельвенский район|Слонім|53.093561|25.320188|||[]|Tu-Su 9.00-18.00||40|[]|osm:way/97698979
Ратуша|архитектура|Зельвенский район||53.093982|25.319800|||[]|||20|[]|osm:way/97698981
Танк Т-34 (№107)|памятник|Зельвенский район||53.094185|25.319392|||[]|||10|[]|osm:way/97703340
Синагога главная (1648)|замок|Зельвенский район||53.093573|25.317705|||[]|||40|[]|osm:way/97726522
Собор Преображения Господня (2010)|церковь|Зельвенский район|Слонім|53.096273|25.318255|||[]|||20|[]|osm:way/97853967
Колокольня|костёл|Зельвенский район||53.096257|25.317564|||[]|||20|[]|osm:way/97854327
Храм святителя Николая Чудотворца|архитектура|Волковысский район||53.161141|24.457168|||[]|||20|[]|osm:way/98010573
В.И.Ленин|памятник|Зельвенский район||53.095503|25.318804|||[]|||10|[]|osm:way/98704169
Часовня придорожная Святого Доминика (1745)|архитектура|Зельвенский район||53.098675|25.306253|||[]|||20|[]|osm:way/99003003
Костёл святого Вацлава (1848)|архитектура|Волковысский район|Ваўкавыск|53.159086|24.471930|||[]|||20|[]|osm:way/99210104
Кладбище еврейское|архитектура|Зельвенский район||53.087045|25.307441|||[]|||20|[]|osm:way/99289686
Костёл Сошествия Святого Духа|костёл|Лидский район|Бярозаўка|53.720660|25.506903|||[]|||20|[]|osm:way/99369045
Церковь ХВЕ|костёл|Зельвенский район||53.085906|25.316123|||[]|||20|[]|osm:way/102421242
Костёл Преображения Господнего (1912)|архитектура|Берестовицкий район|Вялікая Бераставіца|53.196069|24.014135|||[]|||20|[]|osm:way/105886559
Храм святителя Николая Чудотворца (1868)|архитектура|Берестовицкий район||53.188959|24.017669|||[]|||20|[]|osm:way/106417949
Музей белки|музей|Берестовицкий район|Вялікая Бераставіца|53.190605|24.015483|||[]|Tu-Su 09:00-18:00||40|[]|osm:way/106418202
Церковь евангелистов|костёл|Сморгонский район||54.294658|26.869740|||[]|||20|[]|osm:way/106992708
Минский областной краеведческий музей|музей|Сморгонский район||54.309404|26.837482|||[]|||40|[]|osm:way/106992752
Костёл Благовещения Пресвятой Деве Марии (1818)|архитектура|Гродненский район||53.789840|23.624675|||[]|||20|[]|osm:way/107705894
Церковь святых апостолов Петра и Павла (1936)|архитектура|Сморгонский район|Рыбакі|54.524549|26.400681|||[]|||20|[]|osm:way/108803758
Костёл святого Иосифа (1997)|костёл|Сморгонский район||54.310497|26.837205|||[]|||20|[]|osm:way/109200663
Костёл Святой Троицы (1809)|архитектура|Сморгонский район|Данюшава|54.556293|26.406817|||[]|||20|[]|osm:way/111031440
Агротуристический комплекс «Каробчыцы»|архитектура|Гродненский район||53.597367|23.737984|||[]|||20|[]|osm:way/111990154
Синагога (предположит. 1912г.)|архитектура|Ошмянский район|Ашмяны|54.424991|25.933570|||[]|||20|[]|osm:way/112155706
Костёл Божьего Тела (фарный)|архитектура|Кореличский район|Нясвіж|53.220619|26.683780|||[]|||20|[]|osm:way/112500236
Костёл Матери Божией Святого Розария (1887)|архитектура|Гродненский район|Падлабенне|53.692856|23.686536|||[]|||20|[]|osm:way/116443324
Колокольня|костёл|Гродненский район||53.692761|23.686239|||[]|||20|[]|osm:way/116443357
Форт № 2|архитектура|Гродненский район||53.717369|23.668914|||[]|||20|[]|osm:way/116444985
Костёл Преображения Господня (1867)|архитектура|Гродненский район||53.818315|23.779414|||[]|||20|[]|osm:way/116473004
Костёл Рождества Пресвятой Девы Марии (1937)|архитектура|Гродненский район||53.738550|23.744337|||[]|||20|[]|osm:way/117398888
Костёл Девы Марии Розария (1933)|архитектура|Лидский район|Радунь|54.042063|24.990672|||[]|||20|[]|osm:way/118740753
Костёл Милосердия Божьего|костёл|Вороновский район|Доцішкі|54.115943|24.995252|||[]|||20|[]|osm:way/119367492
Костёл Имени Пресвятой Девы Марии и Святого Яна Непомука (1850)|архитектура|Берестовицкий район|Вялікія Эйсманты|53.367301|24.074066|||[]|||20|[]|osm:way/120344242
Дворцово-парковый комплекс Пусловских|архитектура|Зельвенский район||53.088383|25.394463|||[]|||20|[]|osm:way/121551618
Костёл Пресвятой Троицы (1815)|архитектура|Берестовицкий район|Індура|53.458660|23.887654|||[]|||20|[]|osm:way/122022717
Синагога|архитектура|Берестовицкий район|Індура|53.460512|23.882055|||[]|||20|[]|osm:way/122022809
Храм благоверного князя Александра Невского (1881)|архитектура|Берестовицкий район|Індура|53.462803|23.884912|||[]|||20|[]|osm:way/122022832
Храм Успения Пресвятой Богородицы (1891)|архитектура|Гродненский район|Капцёўка|53.566884|23.871332|||[]|||20|[]|osm:way/122023479
Костёл Успения Пресвятой Девы Марии|архитектура|Гродненский район|Капцёўка|53.564600|23.869788|||[]|||20|[]|osm:way/122023482
Дом молитвы церкви ХВЕ «Благодать»|костёл|Сморгонский район||54.494137|26.919350|||[]|||20|[]|osm:way/122115449
Храм Рождества Пресвятой Богородицы|замок|Щучинский район|Мураванка|53.697637|25.000011|||[]|||40|[]|osm:way/123458984
Подвесной мост|архитектура|Сморгонский район||54.450922|26.666034|||[]|||20|[]|osm:way/124521989
Костёл Пресвятой Троицы|костёл|Лидский район|Бердаўка|53.924382|25.509383|||[]|||20|[]|osm:way/125208100
Форт № 7|архитектура|Гродненский район||53.596183|23.831033|||[]|||20|[]|osm:way/125664490
Водяная мельница|замок|Кореличский район||53.592439|26.732321|||[]|||40|[]|osm:way/125940501
Костёл Пресвятого Сердца Иисуса|архитектура|Вороновский район||54.229211|25.470819|||[]|||20|[]|osm:way/126521225
Ратуша|архитектура|Кореличский район|Нясвіж|53.219041|26.681214|||[]|||20|[]|osm:way/128273247
Торговые ряды|архитектура|Кореличский район|Нясвіж|53.218999|26.681196|||[]|||20|[]|osm:way/128273254
Плебания|архитектура|Кореличский район||53.220536|26.682598|||[]|||20|[]|osm:way/128273320
Слуцкая брама|музей|Кореличский район||53.218003|26.685519|||[]|||40|[]|osm:way/128273504
Часовня-усыпальница Святополк-Мирских|архитектура|Кореличский район||53.451451|26.475351|||[]|||20|[]|osm:way/128322210
Костёл Святого Владислава|архитектура|Ивьевский район||54.093540|25.751932|||[]|||20|[]|osm:way/129585640
Иешива Эц-Хаим|музей|Сморгонский район||54.091076|26.528236|||[]|We-Su 10:00-18:00|10 BYN|40|[]|osm:way/130522964
Дворец Тышкевичей|архитектура|Сморгонский район||54.087906|26.527281|||[]|||20|[]|osm:way/130524454
Брама-колокольня|архитектура|Ивьевский район||54.142238|26.210393|||[]|||20|[]|osm:way/130532067
Церковь Святых Козьмы и Демьяна|архитектура|Ивьевский район|Вішнева|54.141441|26.213398|||[]|||20|[]|osm:way/130532068
Гольшанский замок Сапег|замок|Ивьевский район||54.251378|26.020302|||[]|||40|[]|osm:way/130539006
Брама-колокольня|костёл|Ивьевский район|Гальшаны|54.256752|26.010668|||[]|||20|[]|osm:way/130539999
Костёл Святого Иоанна Крестителя|архитектура|Ивьевский район||54.256870|26.009987|||[]|||20|[]|osm:way/130540001
Монастырь францисканцев|монастырь|Ивьевский район||54.256680|26.009678|||[]|||30|[]|osm:way/130540002
Церковь Святого Георгия (1901)|архитектура|Ивьевский район||54.255670|26.013505|||[]|||20|[]|osm:way/130540005
Церковь Святого Духа (1867)|архитектура|Гродненский район|Азёры|53.722490|24.180533|||[]|||20|[]|osm:way/132613357
Костёл Христа Пантократора|архитектура|Гродненский район|Азёры|53.722033|24.180203|||[]|||20|[]|osm:way/132613358
Церковь христиан веры евангельской «Благодать»|костёл|Щучинский район|Шчучын|53.603367|24.751492|||[]|||20|[]|osm:way/134377632
Костёл Успения Пресвятой Девы Марии (1853)|архитектура|Щучинский район|Жалудок|53.602573|24.975783|||[]|||20|[]|osm:way/134572089
Церковь святителя Николая (дерев.)|архитектура|Ивьевский район||54.029152|25.932229|||[]|||20|[]|osm:way/136794767
Приход храма преподобномученника Серафима архимандрита Жировицкого|церковь|Гродненский район|Гродна|53.623971|23.856861|||[]|||20|[]|osm:way/139281140
Еврейское кладбище|архитектура|Дятловский район||53.456225|25.406486|||[]|||20|[]|osm:way/152867242
Церковь св. Евфросиньи Полоцкой|церковь|Сморгонский район||54.714696|26.523504|||[]|||20|[]|osm:way/154185356
Колокольня|костёл|Сморгонский район|Вішнева|54.713762|26.521178|||[]|||20|[]|osm:way/154185358
Костёл Святого Тадеуша|архитектура|Сморгонский район|Вішнева|54.714036|26.520161|||[]|||20|[]|osm:way/154185360
Костёл Пресвятой Троицы|костёл|Сморгонский район||54.573786|26.617567|||[]|||20|[]|osm:way/154185540
Храм Покрова Пресвятой Богородицы (1866)|архитектура|Сморгонский район|Міхневічы|54.427025|26.519968|||[]|||20|[]|osm:way/154218452
Костёл Пресвятой Троицы|архитектура|Островецкий район|Гервяты|54.687226|26.144083|||[]|||20|[]|osm:way/154222632
Церковь Святой Троицы (1860 г.)|архитектура|Сморгонский район||54.330953|26.597469|||[]|||20|[]|osm:way/154775140
Костёл Матери Божией Доброго Совета|архитектура|Островецкий район||54.769645|26.321513|||[]|||20|[]|osm:way/155299302
Храм Иосифа Обручника|архитектура|Сморгонский район|Гарадзілава|54.225634|26.600207|||[]|||20|[]|osm:way/156482966
Приусадебный парк при бывшей усадьбе Пузынов|архитектура|Сморгонский район|Гарадзілава|54.221579|26.607447|||[]|||20|[]|osm:way/156483711
Церковь Святого Николая (1871)|архитектура|Сморгонский район||54.148700|26.377499|||[]|||20|[]|osm:way/156819802
Костёл Вознесения Пресвятой Девы Марии (1646)|архитектура|Дятловский район|Дзятлава|53.465281|25.405217|||[]|||20|[]|osm:way/157277600
Костёл Преображения Господнего|костёл|Сморгонский район|Крэва|54.311674|26.284810|||[]|||20|[]|osm:way/157520052
Церковь Святого Александра Невского (1854 г.)|архитектура|Сморгонский район||54.309819|26.288621|||[]|||20|[]|osm:way/157520053
Церковь св. А. Невского (2003 г.)|храм|Сморгонский район||54.373544|26.655088|||[]|||20|[]|osm:way/158034036
Церковь Успения Пресвятой Богородицы (дерев.)|архитектура|Сморгонский район|Спягла|54.749459|26.662167|||[]|||20|[]|osm:way/158940329
Костёл пресвятого Сердца Иисуса|костёл|Сморгонский район|Лебядзева|54.313236|26.704066|||[]|||20|[]|osm:way/162569980
Форт № 8|архитектура|Гродненский район||53.608200|23.879966|||[]|||20|[]|osm:way/163478626
Костёл Возвышения Святого Креста|архитектура|Сморгонский район|Вілейка|54.488969|26.915101|||[]|||20|[]|osm:way/163861206
Дворец Огинских|замок|Сморгонский район|Залессе|54.420040|26.523144|||[]|||40|[]|osm:way/164095996
Гудевичский литературно-краеведческий музей|музей|Берестовицкий район||53.370716|24.174719|||[]|||40|[]|osm:way/165504452
Церковь Рождества Пресвятой Богородицы|архитектура|Берестовицкий район||53.368133|24.170118|||[]|||20|[]|osm:way/165506522
Костёл Иуды Фаддея (1919)|архитектура|Гродненский район||53.945958|23.922433|||[]|||20|[]|osm:way/165965850
Часовня во имя святителя Тихона Московского|церковь|Гродненский район||53.708665|23.845712|||[]|||20|[]|osm:way/166704167
Церковь ХВЕ «Благодать»|костёл|Волковысский район||53.156867|24.455961|||[]|||20|[]|osm:way/167902708
Костёл Святой Троицы (2012)|архитектура|Кореличский район|Клецк|53.065553|26.642063|||[]|||20|[]|osm:way/168182810
Церковь Вознесения Господня|архитектура|Сморгонский район||54.039692|26.902767|||[]|||20|[]|osm:way/169122292
Здание бывшей синагоги|архитектура|Дятловский район|Дзятлава|53.464175|25.404912|||[]|||20|[]|osm:way/169556689
УК «Дятловский государственный историко-краеведческий музей»|музей|Дятловский район||53.462533|25.404165|||[]|Tu-Su 09:00-18:00||40|[]|osm:way/169611403
Храм блаженной Матроны Московской|церковь|Лидский район|Першамайскі|53.895214|25.409272|||[]|||20|[]|osm:way/169924045
Церковь Покрова Пресвятой Богородицы (1871 г.)|архитектура|Сморгонский район||54.318482|26.871437|||[]|||20|[]|osm:way/170066200
Храм Успения Пресвятой Богородицы (1994)|церковь|Сморгонский район||54.297497|26.848378|||[]|||20|[]|osm:way/170174962
Церковь св. Константина и Елены|церковь|Сморгонский район||54.092929|26.519909|||[]|||20|[]|osm:way/170822345
Часовня|церковь|Сморгонский район|Валожынскі сельскі Савет|54.074218|26.549562|||[]|||20|[]|osm:way/170822346
Хозпостройка|архитектура|Островецкий район||54.719782|25.912988|||[]|||20|[]|osm:way/173301445
Усадьба Минейко (1878)|замок|Островецкий район||54.719962|25.912036|||[]|||40|[]|osm:way/173301464
Костёл Посещения Пресвятой Девы Марии (1764)|архитектура|Островецкий район||54.552074|25.907866|||[]|||20|[]|osm:way/173427918
Костёл Святого Андрея Боболи|архитектура|Островецкий район||54.680387|25.811418|||[]|||20|[]|osm:way/173668708
Водяная мельница (XIX в.)|архитектура|Островецкий район||54.686038|26.144840|||[]|||20|[]|osm:way/173871684
Церковь Покрова Пресвятой Богородицы (1876)|архитектура|Свислочский район||53.057548|24.228649|||[]|||20|[]|osm:way/177821849
Костёл Сердца Иисуса|архитектура|Дятловский район|Наваельня|53.459826|25.579893|||[]|||20|[]|osm:way/177912410
Церковь Рождества Пресвятой Богородицы (1879)|архитектура|Дятловский район|Наваельня|53.452776|25.579944|||[]|||20|[]|osm:way/177914217
Мостовский государственный музей «Лес и человек»|музей|Мостовский район||53.409477|24.538965|||[]|Mo-Fr 9:00-18:00; Sa-Su 9:00-17:00||40|[]|osm:way/179161852
Храм протестантский «Вифания»|костёл|Сморгонский район||54.316961|26.865673|||[]|||20|[]|osm:way/179950680
Храм Преображения Господня (2004)|церковь|Сморгонский район||54.311154|26.776376|||[]|||20|[]|osm:way/180724900
Синагога большая (19в.)|архитектура|Зельвенский район||52.865026|24.888721|||[]|||20|[]|osm:way/181144148
Храм апостолов Петра и Павла (1778)|церковь|Зельвенский район||52.866304|24.888843|||[]|||20|[]|osm:way/181144164
Костёл Пресвятой Троицы (1617)|костёл|Зельвенский район||52.867065|24.891624|||[]|||20|[]|osm:way/181144166
Костёл Святого Иоанна Крестителя|архитектура|Щучинский район|Васілішкі|53.777244|24.849314|||[]|||20|[]|osm:way/182087926
Иешива «Хафец Хаим»|архитектура|Лидский район|Радунь|54.053546|25.001851|||[]|||20|[]|osm:way/183612941
Костёл Непорочного Зачатия Пресвятой Девы Марии (1670)|архитектура|Зельвенский район|Слонім|53.094694|25.318252|||[]|||20|[]|osm:way/183930979
Костёл святого Апостола Андрея (1775)|архитектура|Зельвенский район|Слонім|53.097469|25.330194|||[]|||20|[]|osm:way/183977747
Церковь Благовещения Пресвятой Богородицы (1993)|церковь|Сморгонский район|Рацавічы|54.542689|26.611856|||[]|||20|[]|osm:way/185936682
Музей истории Августовского канала|музей|Гродненский район|Нямнова|53.869440|23.756328|||[]|||40|[]|osm:way/186106248
Дворец Тышкевичей (руины)|замок|Кореличский район||53.976237|26.692508|||[]|||40|[]|osm:way/188180227
Храм Жировицкой иконы Божией Матери|церковь|Лидский район|Бярозаўка|53.721683|25.501097|||[]|||20|[]|osm:way/189687170
Костёл святого Станислава Костки|костёл|Волковысский район||53.143316|24.426860|||[]|||20|[]|osm:way/192961951
Храм Покрова Пресвятой Богородицы|церковь|Волковысский район||53.142081|24.420511|||[]|||20|[]|osm:way/192962005
Храм в честь Воздвижения Креста Господня|церковь|Волковысский район||53.197778|24.417453|||[]|||20|[]|osm:way/193209661
Костёл Святых Апостолов Петра и Павла|архитектура|Волковысский район||53.094532|24.552005|||[]|||20|[]|osm:way/193289252
Окольный город|архитектура|Волковысский район||53.152640|24.474127|||[]|||20|[]|osm:way/193513576
Шведская гора|архитектура|Волковысский район||53.153237|24.479392|||[]|||20|[]|osm:way/193513579
Костёл Матери Божией Трижды Чудесной (1997)|архитектура|Мостовский район|Масты|53.418672|24.540424|||[]|||20|[]|osm:way/196794846
Храм Казанской иконы Божией Матери|архитектура|Кореличский район|Нягневічы|53.659102|26.077070|||[]|||20|[]|osm:way/196981337
Костёл Святого Михаила Архангела (1910)|архитектура|Ошмянский район|Ашмяны|54.423438|25.935754|||[]|||20|[]|osm:way/197533229
Церковь Воскресения Христова (1883)|архитектура|Ошмянский район|Ашмяны|54.424465|25.935957|||[]|||20|[]|osm:way/198446474
Кафедральный собор апостолов Петра и Павла|церковь|Волковысский район||53.161083|24.459402|||[]|||20|[]|osm:way/198633784
Церковь христиан-баптистов «Ковчег»|костёл|Волковысский район||53.163222|24.453657|||[]|||20|[]|osm:way/198760452
Костёл Посещения Пресвятой Девы Марии|архитектура|Лидский район||54.036789|25.409093|||[]|||20|[]|osm:way/198849749
Костёл Божьего Милосердия|костёл|Вороновский район|Воранава|54.150831|25.311092|||[]|||20|[]|osm:way/199402111
Ошмянский краеведческий музей имени Франтишка Богушевича|музей|Ошмянский район||54.424353|25.934042|||[]|||40|[]|osm:way/200135702
Церковь Рождества Богородицы|архитектура|Новогрудский район||53.712576|25.927118|||[]|||20|[]|osm:way/200288256
Дворец Радзивиллов|замок|Кореличский район||53.344220|26.258148|||[]|||40|[]|osm:way/200308887
Свято-Троицкая церковь|архитектура|Кореличский район||53.296129|26.232728|||[]|||20|[]|osm:way/200308890
Церковь Вознесенская|церковь|Кореличский район|Ярэмічы|53.570987|26.346011|||[]|||20|[]|osm:way/200583294
Костел св. Юрия|костёл|Кореличский район||53.144559|26.347320|||[]|||20|[]|osm:way/200737058
Костел Успения Пресвятой Девы Марии|архитектура|Кореличский район|Дарава|53.113678|26.165026|||[]|||20|[]|osm:way/200829581
Храм святителя Николая Чудотворца|церковь|Кореличский район||53.114547|26.177097|||[]|||20|[]|osm:way/200829582
Храм святой Троицы (2012)|церковь|Кореличский район|Малое Падлессе|53.117039|26.177745|||[]|||20|[]|osm:way/200829585
Костел Святого Иосифа|архитектура|Кореличский район|Рубяжэвічы|53.694221|26.869539|||[]|||20|[]|osm:way/200878021
Храм великомученицы Параскевы (1815)|архитектура|Волковысский район||53.055716|24.361438|||[]|||20|[]|osm:way/201363890
Храм Собора Белорусских святых (1995)|архитектура|Волковысский район|Вярэйкі|53.246948|24.195847|||[]|||20|[]|osm:way/201384853
Костел Богоматери Ангельской|костёл|Дятловский район||52.992417|25.767025|||[]|||20|[]|osm:way/201482037
Костёл Михаила Архангела (1524)|архитектура|Волковысский район|Гнезна|53.123377|24.344211|||[]|||20|[]|osm:way/201836853
Костёл францисканцев (1822)|замок|Ошмянский район||54.425973|25.956267|||[]|||40|[]|osm:way/203351820
Церковь Троицкая|архитектура|Кореличский район||53.983569|26.887957|||[]|||20|[]|osm:way/204718310
Костёл Непорочного Зачатия Пресвятой Девы Марии|костёл|Гродненский район|Гродна|53.624946|23.853841|||[]|||20|[]|osm:way/205516124
Храм иконы Божией Матери «Всех скорбящих Радость» (1995)|церковь|Мостовский район|Масты|53.423237|24.538497|||[]|||20|[]|osm:way/205895137
Храм пророка Илии|архитектура|Кореличский район|Любча|53.753306|26.060332|||[]|||20|[]|osm:way/209564338
Храм благоверного князя Александра Невского (1994)|церковь|Кореличский район|Сенненскае Загорʼе|53.706105|26.065919|||[]|||20|[]|osm:way/209564357
Храм благоверного князя Александра Невского (2000)|церковь|Вороновский район|Воранава|54.149046|25.307464|||[]|||20|[]|osm:way/210217292
Часовня Божьего Милосердия (2002)|костёл|Берестовицкий район|Свіслач|53.497787|24.063181|||[]|||20|[]|osm:way/211274112
Храм великомученика Георгия Победоносца (1838)|церковь|Кореличский район|Заполле|53.583386|26.150929|||[]|||20|[]|osm:way/212229996
Краеведческий музей|музей|Кореличский район||53.569551|26.142081|||[]|||40|[]|osm:way/212230050
Костёл Матери Божьей Неустанной Помощи|архитектура|Кореличский район||53.572207|26.136340|||[]|||20|[]|osm:way/212230093
Церковь Святых Апостолов Петра и Павла|архитектура|Кореличский район|Карэлічы|53.571489|26.137508|||[]|||20|[]|osm:way/212230095
Ганцевичский районный краеведческий музей|музей|Кореличский район||52.763503|26.427275|||[]|09:00-13:00, 14:00-18:00||40|[]|osm:way/213212138
Костёл Посещения Пресвятой Девы Марии (1999)|костёл|Кореличский район||52.756637|26.422074|||[]|||20|[]|osm:way/215232300
Храм Святителя Тихона Московского|церковь|Кореличский район||52.751243|26.422742|||[]|||20|[]|osm:way/215238295
Храм имени Св. Благоверного Кн. Александра Невского|архитектура|Зельвенский район||52.946397|24.946184|||[]|||20|[]|osm:way/217360133
Замок Сапегов в Ружанах|замок|Зельвенский район||52.861425|24.896089|||[]|||40|[]|osm:way/217703506
Южный корпус|замок|Зельвенский район||52.860746|24.897099|||[]|||40|[]|osm:way/217703512
Экспозиция железнодорожной техники|музей|Дятловский район|Баранавічы|53.132668|26.039373|||[]|Mo-Su 08:00-17:00||40|[]|osm:way/219935115
Костёл Непорочного Зачатия Пресвятой Девы Марии (1871)|архитектура|Берестовицкий район|Квасоўка|53.513885|23.996890|||[]|||20|[]|osm:way/219967238
Храм Воздвижения Креста Господня|архитектура|Берестовицкий район|Свіслач|53.499267|24.052529|||[]|||20|[]|osm:way/219968810
Свято-Никольская церковь|церковь|Кореличский район||53.409931|26.992546|||[]|||20|[]|osm:way/221336666
Часовня Святых Апостолов Петра и Павла|костёл|Гродненский район||53.725543|23.899823|||[]|||20|[]|osm:way/222803446
Усадьба Стругача (нач. XX в., перестроена)|замок|Ошмянский район||54.419736|25.910219|||[]|||40|[]|osm:way/223339744
Храм великомученика Георгия Победоносца|архитектура|Кореличский район||53.011979|26.992020|||[]|||20|[]|osm:way/223639138
Новое поколение|костёл|Дятловский район||53.129654|26.028661|||[]|||20|[]|osm:way/224057090
Свято-Георгиевская церковь|церковь|Кореличский район||52.775124|26.627003|||[]|||20|[]|osm:way/224543131
Паровоз|архитектура|Дятловский район||53.126434|25.908255|||[]|||20|[]|osm:way/225764232
«Зубр»|памятник|Кореличский район||53.299610|26.368188|||[]|||10|[]|osm:way/225769785
Костёл Святой Троицы|архитектура|Кореличский район|Ішкалдзь|53.334964|26.364986|||[]|||20|[]|osm:way/225775477
Церковь Покрова Пресвятой Богородицы (1871)|архитектура|Берестовицкий район|Алекшыцы|53.340411|23.949413|||[]|||20|[]|osm:way/225837861
Храм преподобного Сергия Радонежского (1870)|архитектура|Дятловский район|Мілавіды|52.901404|25.851143|||[]|||20|[]|osm:way/225994774
Костёл святого Иосифа (2004)|костёл|Берестовицкий район||53.577154|24.236638|||[]|||20|[]|osm:way/226985678
Церковь ХВЕ «Благодать»|костёл|Кореличский район||53.447075|26.457678|||[]|||20|[]|osm:way/227098657
Церковь ХВЕ «Благодать»|костёл|Кореличский район||53.568050|26.137346|||[]|||20|[]|osm:way/227508977
парафія Хрыста Чалавекалюбцы|костёл|Сморгонский район||54.315150|26.855328|||[]|||20|[]|osm:way/228934376
Усадебный дом (XIX в.)|замок|Берестовицкий район||53.456642|23.879557|||[]|||40|[]|osm:way/228987556
Памятник воинам и героям ВОВ|памятник|Берестовицкий район||53.459598|23.883033|||[]|||10|[]|osm:way/228990157
Костёл Святых Симеона и Иуды Фаддея|архитектура|Ивьевский район|Лаздуны 1|53.965793|25.979043|||[]|||20|[]|osm:way/229786113
Церковь ХВЕ «Благодать»|костёл|Кореличский район||53.453498|26.356341|||[]|||20|[]|osm:way/229987554
Свято-Александро-Невская Церковь|церковь|Дятловский район||53.128795|26.075788|||[]|||20|[]|osm:way/230631438
Дом Святой Троицы|костёл|Дятловский район||53.143555|26.005369|||[]|||20|[]|osm:way/230636571
Бывшая синагога|архитектура|Дятловский район||53.129457|26.016991|||[]|||20|[]|osm:way/232022667
Храм святителя Николая Чудотворца|церковь|Кореличский район|Мікалаеўшчына|53.405836|26.839086|||[]|||20|[]|osm:way/232474280
Усадебный дом «Воронов» (XIX в.)|замок|Вороновский район|Воранава|54.163301|25.317840|||[]|||40|[]|osm:way/232800378
Церковь Вознесение|костёл|Дятловский район||53.134923|26.034135|||[]|||20|[]|osm:way/234257225
Храм Покрова Пресвятой Богородицы (1931)|архитектура|Дятловский район||53.132184|26.003754|||[]|||20|[]|osm:way/234302322
Старое здание|архитектура|Дятловский район||53.128998|25.991712|||[]|||20|[]|osm:way/234305858
Уніяцкая (грэка-каталіцкая) парафія Святых Кірыла і Мяфодзія|костёл|Дятловский район||53.125682|26.005884|||[]|||20|[]|osm:way/234439715
Церковь Преображения Господня|архитектура|Щучинский район||53.730389|24.530923|||[]|||20|[]|osm:way/235385043
Малая синагога|архитектура|Щучинский район||53.729919|24.532962|||[]|||20|[]|osm:way/235385398
Костёл Святой Терезы|костёл|Щучинский район||53.734829|24.520204|||[]|||20|[]|osm:way/235385517
Большая синагога|архитектура|Щучинский район||53.730192|24.533175|||[]|||20|[]|osm:way/235385741
Костёл святой Терезы из Авилы (1828)|архитектура|Щучинский район|Шчучын|53.606401|24.741189|||[]|||20|[]|osm:way/235899596
Храм Архангела Михаила (1865)|архитектура|Щучинский район|Шчучын|53.606177|24.742193|||[]|||20|[]|osm:way/235899724
Монастырь пиаров (19в.)|монастырь|Щучинский район|Шчучын|53.606460|24.740288|||[]|||30|[]|osm:way/236015270
Церковь евангельских христиан баптистов|костёл|Щучинский район|Шчучын|53.605706|24.735435|||[]|||20|[]|osm:way/236015489
Храм Богоявления Господня|костёл|Щучинский район|Шчучын|53.595225|24.734241|||[]|||20|[]|osm:way/236060293
Водяная мельница (нач.20в.)|замок|Щучинский район||53.588131|24.706108|||[]|||40|[]|osm:way/236285917
Церковь Рождества Пресвятой Богородицы|церковь|Щучинский район|Ракавічы|53.512045|24.835048|||[]|||20|[]|osm:way/236634561
Костёл Пресвятого Сердца Господа Иисуса|архитектура|Кореличский район||53.037007|26.261587|||[]|||20|[]|osm:way/236780477
Костел Святого Иосифа|архитектура|Кореличский район||53.049870|26.268152|||[]|||20|[]|osm:way/236885162
Литературный музей Кузьмы Чорного|музей|Кореличский район||53.072463|26.991819|||[]|||40|[]|osm:way/237080470
Костёл Святого Алексея|архитектура|Кореличский район|Івянец|53.895530|26.743249|||[]|||20|[]|osm:way/237085502
Храм преподобной Евфросинии Полоцкой (2007)|архитектура|Кореличский район|Івянец|53.890151|26.741503|||[]|||20|[]|osm:way/237105287
Синагога|архитектура|Кореличский район||53.889899|26.739005|||[]|||20|[]|osm:way/237106031
Ивенецкий музей традиционной культуры|музей|Кореличский район||53.888443|26.738217|||[]|Tu-Su 10:00-19:00||40|[]|osm:way/237106040
Большая синагога|архитектура|Ивьевский район||53.932429|25.768864|||[]|||20|[]|osm:way/237143587
Храм мученика Гавриила Белостоцкого|церковь|Ивьевский район|Іўе|53.934954|25.766414|||[]|||20|[]|osm:way/237147160
Ивьевская мечеть|архитектура|Ивьевский район|Іўе|53.922229|25.772945|||[]|||20|[]|osm:way/237148143
Костёл Святых Апостолов Петра и Павла|архитектура|Щучинский район|Ражанка|53.537009|24.732591|||[]|||20|[]|osm:way/237600793
Храм Рождества Христова|архитектура|Щучинский район|Ражанка|53.533707|24.727977|||[]|||20|[]|osm:way/237601623
Дворец Святополк-Четвертинских|замок|Щучинский район||53.600860|24.957625|||[]|||40|[]|osm:way/238503832
Кузня|архитектура|Щучинский район||53.594651|24.959066|||[]|||20|[]|osm:way/238504043
Храм преподобного Мартина Туровского|церковь|Щучинский район|Жалудок|53.600075|24.981548|||[]|||20|[]|osm:way/238676494
Былая грамадская баня з мікваю (пач. XXст.)|архитектура|Щучинский район||53.601633|24.981019|||[]|||20|[]|osm:way/238676929
Часовня Христа Пантократора (1993)|костёл|Щучинский район|Скрыбаўцы|53.684097|24.983800|||[]|||20|[]|osm:way/239256150
Храм Покрова Пресвятой Богородицы (1867)|архитектура|Щучинский район|Орля|53.508441|24.981884|||[]|||20|[]|osm:way/239691640
Храм преподобного Антония Великого (1868)|архитектура|Зельвенский район|Косава|52.757761|25.152660|||[]|||20|[]|osm:way/239739234
Костёл Пресвятой Троицы (1877)|архитектура|Зельвенский район||52.754524|25.159118|||[]|||20|[]|osm:way/239739241
Церковь христиан-баптистов|костёл|Зельвенский район||53.143327|24.813296|||[]|||20|[]|osm:way/239745764
Храм Святой Живоначальной Троицы (1909)|архитектура|Зельвенский район|Зэльва|53.147567|24.813556|||[]|||20|[]|osm:way/239750679
Костёл пресвятой Троицы (1913)|архитектура|Зельвенский район|Зэльва|53.150128|24.806474|||[]|||20|[]|osm:way/239750685
Церковь Собора Белорусских Святых (дерев.)|церковь|Сморгонский район|Любань|54.595452|26.877675|||[]|||20|[]|osm:way/239961268
Храм святителя Николая Чудотворца (1875)|архитектура|Щучинский район||53.484597|24.883636|||[]|||20|[]|osm:way/240063400
церковь Святого Георгия|церковь|Зельвенский район||52.755999|25.021451|||[]|||20|[]|osm:way/240186643
Дворец Пусловских|замок|Зельвенский район|Косава|52.765558|25.121513|||[]||yes|40|[]|osm:way/240810360
музей Тадеуша Костюшко|замок|Зельвенский район|Косава|52.767615|25.125237|||[]|We-Su 10:00-18:00|yes|40|[]|osm:way/240810371
Костел Святого Яна Крестителя|архитектура|Кореличский район||53.219651|26.408247|||[]|||20|[]|osm:way/241904782
Усадебный дом|замок|Кореличский район||53.215072|26.418773|||[]|||40|[]|osm:way/241904785
Вилейский краеведческий музей|музей|Сморгонский район||54.496196|26.917453|||[]|09:00-17:00||40|[]|osm:way/241921253
Костёл Святого Юрия|архитектура|Зельвенский район||53.215332|24.681180|||[]|||20|[]|osm:way/242403366
Костёл Святого Казимира|архитектура|Ивьевский район|Ліпнішкі|54.007734|25.603628|||[]|||20|[]|osm:way/242632083
Церковь Адвентистов Седьмого Дня|костёл|Дятловский район||53.133057|26.047178|||[]|||20|[]|osm:way/242762176
Церковь Спасение|костёл|Дятловский район||53.138528|26.056488|||[]|||20|[]|osm:way/242764525
Костёл Святого Зигмунда|костёл|Новогрудский район||53.135338|26.078378|||[]|||20|[]|osm:way/242767598
Церковь Жён-Мироносиц|церковь|Дятловский район|Баранавічы|53.130302|26.020276|||[]|||20|[]|osm:way/242793212
Спасо-Преображенская церковь|архитектура|Дятловский район|Новая Мыш|53.137535|25.907816|||[]|||20|[]|osm:way/242825935
Костёл Преображения Господня|архитектура|Дятловский район|Новая Мыш|53.138356|25.908362|||[]|||20|[]|osm:way/242825938
Костёл Святого Сердца Иисуса|архитектура|Новогрудский район|Сталовічы|53.212038|26.035149|||[]|||20|[]|osm:way/243076177
Церковь Святого Александра Невского|церковь|Новогрудский район|Сталовічы|53.213127|26.038881|||[]|||20|[]|osm:way/243076187
Костёл Пресвятой Девы Марии Розария|архитектура|Новогрудский район||53.327408|26.006895|||[]|||20|[]|osm:way/243078779
Любчанский замок|замок|Кореличский район||53.752196|26.069233|||[]|||40|[]|osm:way/243087446
Здание железнодорожной станции (1923)|архитектура|Дятловский район|Наваельня|53.464121|25.587056|||[]|||20|[]|osm:way/243096492
Костёл Преображения Господня|костёл|Ивьевский район||54.033611|25.926289|||[]|||20|[]|osm:way/243223747
Церковь Святых Апостолов Петра и Павла|архитектура|Ивьевский район||54.158598|25.906257|||[]|||20|[]|osm:way/243223960
Администрация Гмины|архитектура|Ивьевский район|Гальшаны|54.255951|26.014881|||[]|||20|[]|osm:way/243224278
Монастырь базилиан|монастырь|Сморгонский район|Баруны|54.317070|26.139932|||[]|||30|[]|osm:way/243224334
Костёл Святых Апостолов Петра и Павла|архитектура|Сморгонский район||54.316695|26.139436|||[]|||20|[]|osm:way/243224335
Железнодорожная станция Беняконе|архитектура|Вороновский район||54.245547|25.352723|||[]|||20|[]|osm:way/243532588
Костёл Святого Иоанна Крестителя|архитектура|Вороновский район||54.253130|25.359550|||[]|||20|[]|osm:way/243532594
Костёл Пресвятой Троицы|архитектура|Волковысский район|Рось|53.284273|24.407423|||[]|||20|[]|osm:way/243625233
Костёл святого Иоанна Крестителя|костёл|Мостовский район|Масты Правыя|53.430390|24.635038|||[]|||20|[]|osm:way/243631578
Аллея памятников|архитектура|Свислочский район||53.035169|24.092741|||[]|||20|[]|osm:way/243642147
Костёл Пресвятой Троицы и Святого Франтишка Асизского (2001)|архитектура|Свислочский район|Свіслач|53.040807|24.086573|||[]|||20|[]|osm:way/243643041
ДЗОТ|замок|Гродненский район||53.733037|23.830797|||[]|||40|[]|osm:way/244314212
Дом-усадьба Мицкевичей, XIX в.|музей|Кореличский район||53.278684|26.115241|||[]|||40|[]|osm:way/244810483
Музей-усадьба Адама Мицкевича|замок|Кореличский район||53.278726|26.115547|||[]|Mo-Su 10:00-17:00||40|[]|osm:way/244810485
Храм пророка Илии (1996)|церковь|Кореличский район|Адахаўшчына|53.151146|26.144596|||[]|||20|[]|osm:way/245145935
Часовня (руины)|архитектура|Щучинский район||53.606128|24.737728|||[]|||20|[]|osm:way/250986478
Костёл Благовещения Пресвятой Деве Марии (1912)|архитектура|Зельвенский район|Міжэрычы|53.067058|24.774034|||[]|||20|[]|osm:way/253441722
Церковь христиан веры евангельской|костёл|Кореличский район|Любча|53.748700|26.067620|||[]|||20|[]|osm:way/260066573
Касцёл Найсвяцейшага Сэрца Езуса і святой Марыі ад Езуса Укрыжаванага|костёл|Новогрудский район||53.751428|26.059632|||[]|||20|[]|osm:way/260071556
Часовня кладбищенская (1873)|архитектура|Мостовский район||53.372236|24.355264|||[]|||20|[]|osm:way/260416887
Храм апостолов Петра и Павла|архитектура|Мостовский район||53.372734|24.354827|||[]|||20|[]|osm:way/260417013
Храм Преображения Господня (2003)|архитектура|Мостовский район||53.372205|24.353047|||[]|||20|[]|osm:way/260417740
Костёл Святого Яна Крестителя (1773)|архитектура|Мостовский район|Воўпа|53.370159|24.356672|||[]|||20|[]|osm:way/260417925
Неизвестному солдату|памятник|Мостовский район||53.364414|24.365698|||[]|||10|[]|osm:way/260581491
Кладбище еврейское|архитектура|Мостовский район||53.365904|24.376972|||[]|||20|[]|osm:way/260581536
Храм Казанской иконы Божией Матери|архитектура|Гродненский район|Парэчча|53.888887|24.138977|||[]|||20|[]|osm:way/260892223
Церковь христиан веры евангельской «Благодать»|костёл|Ивьевский район||53.937800|25.764048|||[]|||20|[]|osm:way/261542140
Часовня|костёл|Ивьевский район||53.996663|25.593742|||[]|||20|[]|osm:way/262169084
Хозпостройка|архитектура|Дятловский район|Дзятлава|53.460710|25.397086|||[]|||20|[]|osm:way/262539142
Часовня Святого Казимира|костёл|Щучинский район||53.725180|24.768511|||[]|||20|[]|osm:way/263317650
Руины водяной мельницы|замок|Зельвенский район||53.151194|24.827661|||[]|||40|[]|osm:way/263500342
Костёл Святого Николая|архитектура|Кореличский район|Мір|53.452713|26.465373|||[]|||20|[]|osm:way/264435581
Церковь Святой Троицы|архитектура|Кореличский район|Мір|53.454653|26.467196|||[]|||20|[]|osm:way/264435616
Синагога Главная|архитектура|Кореличский район||53.454917|26.464822|||[]|||20|[]|osm:way/264435790
Мирский посад|музей|Кореличский район||53.455787|26.464514|||[]|||40|[]|osm:way/264435921
Храм кладбищенский великомученика Георгия Победоносца|архитектура|Кореличский район||53.455219|26.477691|||[]|||20|[]|osm:way/264440898
Храм великомученика Димитрия Солунского|архитектура|Кореличский район|Шчорсы|53.650437|26.174372|||[]|||20|[]|osm:way/265196991
Храм Святой Праведной Анны (1909)|архитектура|Зельвенский район|Міжэрычы|53.064264|24.770380|||[]|||20|[]|osm:way/265565709
Усадебный дом поместья «Жерно» (кон. XIX в.)|замок|Зельвенский район||53.089955|24.850599|||[]|||40|[]|osm:way/265565755
Развалины бровара|замок|Кореличский район||53.570803|26.132606|||[]|||40|[]|osm:way/265821492
Часовня святой Сестры Фаустиньи|костёл|Волковысский район||53.169285|24.341434|||[]|||20|[]|osm:way/266422101
Храм во имя Св. Архистратига Михаила|архитектура|Волковысский район||53.093020|24.551458|||[]|||20|[]|osm:way/266783670
Храм великомученика Димитрия Солунского (1866)|архитектура|Берестовицкий район|Малая Бераставіца|53.291162|23.930770|||[]|||20|[]|osm:way/267210042
Церковь Покрова Пресвятой Богородицы|архитектура|Кореличский район|Турэц|53.526051|26.313086|||[]|||20|[]|osm:way/267249395
Церковь Святителя Николая Чудотворца|архитектура|Дятловский район|Нагародавічы|53.585589|25.376152|||[]|||20|[]|osm:way/267366514
Костёл Святой Елисаветы и Божьего Милосердия (1993)|архитектура|Зельвенский район|Падароск|52.981591|24.622229|||[]|||20|[]|osm:way/267611428
Церковь Святой Троицы (1780)|архитектура|Зельвенский район|Падароск|52.981239|24.617135|||[]|||20|[]|osm:way/267611429
Церковь Рождества Пресвятой Богородицы (1796)|архитектура|Берестовицкий район||53.350433|24.032770|||[]|||20|[]|osm:way/267687167
Костёл Имени Пресвятой Девы Марии (1909)|архитектура|Берестовицкий район|Рэпля|53.310633|24.202761|||[]|||20|[]|osm:way/269825767
Костёл святого Роха (2006)|костёл|Сморгонский район|Палачаны|54.227161|26.722531|||[]|||20|[]|osm:way/270326469
Храм Рождества Пресвятой Богородицы|архитектура|Свислочский район|Свіслач|53.036299|24.095270|||[]|||20|[]|osm:way/271091681
Костёл Святой Анны|архитектура|Новогрудский район|Варонча|53.413121|26.059656|||[]|||20|[]|osm:way/271994087
Костёл Пресвятого Сердца Иисуса и Святого Иосифа|архитектура|Берестовицкий район||53.464138|24.047217|||[]|||20|[]|osm:way/272092813
Костёл Божьего Тела|костёл|Сморгонский район||54.221104|26.611070|||[]|||20|[]|osm:way/272612137
Церковь преподобной Евфросиньи Полоцкой|церковь|Новогрудский район|Варонча|53.412518|26.064831|||[]|||20|[]|osm:way/272818562
Борисоглебская церковь|церковь|Новогрудский район||53.600164|25.823997|||[]|||20|[]|osm:way/273270439
Свислочский историко-краеведческий музей|музей|Свислочский район|Свіслач|53.034606|24.096022|||[]|||40|[]|osm:way/274778296
Церковь Святой Варвары|архитектура|Новогрудский район|Райца|53.467395|26.024828|||[]|||20|[]|osm:way/274828307
Музей-заповедник Несвиж|музей|Кореличский район||53.221345|26.679284|||[]|||40|[]|osm:way/275688074
Церковь Вознесения Господня|церковь|Кореличский район||53.223148|26.677677|||[]|||20|[]|osm:way/275688102
Историко-краеведческий музей|музей|Кореличский район|Нясвіж|53.226899|26.667442|||[]|||40|[]|osm:way/275688108
Монастырь бернардинцев|монастырь|Кореличский район||53.222178|26.679835|||[]|||30|[]|osm:way/275688113
Кладбище еврейское|архитектура|Кореличский район||53.216630|26.670892|||[]|||20|[]|osm:way/275688118
Дом ремесленника|архитектура|Кореличский район|Нясвіж|53.218988|26.679983|||[]|||20|[]|osm:way/275688503
Костёл Святого Юрия (1769 г.)|архитектура|Островецкий район|Варняны|54.727166|26.008885|||[]|||20|[]|osm:way/276504050
Монастырь францисканцев|монастырь|Кореличский район|Івянец|53.891394|26.736948|||[]|||30|[]|osm:way/277835549
Костёл Непорочного Зачатия Пресвятой Девы Марии|архитектура|Берестовицкий район||53.618375|24.214248|||[]|||20|[]|osm:way/278154805
Церковь Воздвижения Креста Господня (1881)|архитектура|Берестовицкий район||53.635279|24.264340|||[]|||20|[]|osm:way/278154806
Дворец Радзивиллов|замок|Дятловский район|Дзятлава|53.462014|25.396639|||[]|||40|[]|osm:way/278228458
Часовня придорожная|костёл|Кореличский район|Карэлічы|53.559229|26.151368|||[]|||20|[]|osm:way/280694346
Костёл Отыскания Святого Креста (1789)|архитектура|Лидский район|Жырмуны|54.020683|25.220817|||[]|||20|[]|osm:way/280857263
Церковь Георгия Победоносца|церковь|Лидский район||53.899842|25.294535|||[]|||20|[]|osm:way/281011108
Дом Валентина Тавлая|музей|Лидский район||53.886439|25.302245|||[]|||40|[]|osm:way/281017274
часовня католическая Святой Варвары;Часовня католич. св. Варвары|архитектура|Лидский район||53.881478|25.306324|||[]|||20|[]|osm:way/281112796
Кладбище еврейское|архитектура|Волковысский район||53.118184|24.263186|||[]|||20|[]|osm:way/281364927
Церковь евангельских христиан баптистов|костёл|Мостовский район|Масты|53.413771|24.533177|||[]|||20|[]|osm:way/281504743
Новоапостольская церковь|костёл|Мостовский район||53.417314|24.529359|||[]|||20|[]|osm:way/281504883
Костёл Вознесения Пресвятой Девы Марии и Святого Иосафата Кунцевича|архитектура|Гродненский район|Сапоцкін|53.830069|23.645498|||[]|||20|[]|osm:way/282414488
Храм Преображения Господня|церковь|Гродненский район|Сапоцкін|53.828746|23.657366|||[]|||20|[]|osm:way/282414602
Церковь Преображения Господня|архитектура|Дятловский район|Дзятлава|53.464247|25.398285|||[]|||20|[]|osm:way/282866496
Церковь Адвентистов Седьмого Дня|костёл|Мостовский район||53.418188|24.558987|||[]|||20|[]|osm:way/283084353
Церковь христиан веры евангельской «Благодать»|костёл|Мостовский район|Масты|53.417081|24.561033|||[]|||20|[]|osm:way/283556893
Руины водяной мельницы (дерев.)|замок|Сморгонский район||54.455738|26.670999|||[]|||40|[]|osm:way/283559938
Храм Успения Пресвятой Богородицы|архитектура|Сморгонский район||54.455870|26.668901|||[]|||20|[]|osm:way/283559941
Хозпостройка|архитектура|Сморгонский район||54.787778|26.398747|||[]|||20|[]|osm:way/285204886
Хозпостройка|архитектура|Сморгонский район||54.788055|26.396898|||[]|||20|[]|osm:way/285204894
Дом эконома|архитектура|Сморгонский район||54.788283|26.399428|||[]|||20|[]|osm:way/285204948
Часовня Святых Апостолов Петра и Андрея|архитектура|Сморгонский район||54.788823|26.402276|||[]|||20|[]|osm:way/285204961
Военное кладбище 1914-1918 годов|памятник|Сморгонский район||54.766605|26.859340|||[]|||10|[]|osm:way/285263754
Православная церковь Всех Белорусских Святых|церковь|Кореличский район||53.457913|26.360507|||[]|||20|[]|osm:way/286076160
Храм свв. Праотец|церковь|Сморгонский район||54.295274|26.880649|||[]|||20|[]|osm:way/286174055
Костёл святого Казимира (2015)|костёл|Сморгонский район||54.299903|26.860367|||[]|||20|[]|osm:way/286211858
Церковь христиан-баптистов|костёл|Свислочский район|Свіслач|53.035756|24.090413|||[]|||20|[]|osm:way/287018471
Храм в честь Вознесения Господня|церковь|Кореличский район||53.373412|26.361626|||[]|||20|[]|osm:way/288413055
Старый мехдвор|замок|Кореличский район||53.374832|26.362181|||[]|||40|[]|osm:way/288516889
Слонимская мечеть|храм|Зельвенский район|Слонім|53.099754|25.322223|||[]|||20|[]|osm:way/288618524
Храм святителя Николая Чудотворца (1850)|архитектура|Мостовский район|Дубна|53.444611|24.370571|||[]|||20|[]|osm:way/289321662
Церковь Христиан Веры Апостольской|костёл|Мостовский район||53.430707|24.555297|||[]|||20|[]|osm:way/289884049
Часовня Воздвижения Креста Господня (2002)|костёл|Ивьевский район||54.034141|25.701576|||[]|||20|[]|osm:way/290649598
Брама-колокольня|архитектура|Кореличский район||53.216184|26.681638|||[]|||20|[]|osm:way/291143464
Усадебный дом Корбутов/Белиновичей|замок|Кореличский район||53.237146|26.649184|||[]|||40|[]|osm:way/291467148
Костел Святого Иосифа (1925)|архитектура|Кореличский район|Гарадзея|53.313600|26.537388|||[]|||20|[]|osm:way/291501132
Церковь Рождества Богородицы (2012)|церковь|Кореличский район|Гарадзея|53.314237|26.544137|||[]|||20|[]|osm:way/291501139
Амбар XIX в.|архитектура|Ивьевский район||54.109518|25.589468|||[]|||20|[]|osm:way/292284721
Костёл Пресвятого Сердца Иисуса|архитектура|Кореличский район|Школьны|53.761318|26.660019|||[]|||20|[]|osm:way/292385676
Церковь Рождества Иоанна Предтечи|церковь|Кореличский район|Засулле|53.580470|26.830638|||[]|||20|[]|osm:way/292404263
Молодечненский замок|архитектура|Сморгонский район||54.334879|26.872730|||[]|||20|[]|osm:way/292965373
Костёл Святого Николая|архитектура|Ивьевский район||54.113892|25.580824|||[]|||20|[]|osm:way/293178296
Усадьба: часовня-усыпальница Свенторжецких (1838-40гг., маврит. стиль)|архитектура|Сморгонский район||54.328813|26.652124|||[]|||20|[]|osm:way/293389349
Музей театра|музей|Кореличский район||53.742290|26.877557|||[]|||40|[]|osm:way/294002144
Королевская ассамблея|архитектура|Кореличский район||53.741941|26.874854|||[]|||20|[]|osm:way/294002145
усадьба Путткамеров|замок|Вороновский район||54.238154|25.304289|||[]|||40|[]|osm:way/294394336
Костёл Пресвятой Девы Марии Королевы Польши|архитектура|Зельвенский район|Вялікая Рагозніца|53.274694|24.682971|||[]|||20|[]|osm:way/294959172
Храм во имя Святителя Николая Чудотворца 1801Г.|церковь|Мостовский район||53.314336|24.699839|||[]|||20|[]|osm:way/295199147
Еврейское кладбище|архитектура|Кореличский район||53.691389|26.869906|||[]|||20|[]|osm:way/295689304
Церковь Благовещения Пресвятой Богородицы (1743)|архитектура|Гродненский район|Жытомля|53.632609|24.093497|||[]|||20|[]|osm:way/295819075
Костёл Матери Божией|архитектура|Гродненский район|Парэчча|53.882975|24.141675|||[]|||20|[]|osm:way/297182171
Католическая часовня короля Христа (2000 г.)|костёл|Ивьевский район|Жамыслаўль|54.131337|25.762915|||[]|||20|[]|osm:way/297894476
Сыроварня усадьбы Корвин-Милевских|архитектура|Ивьевский район||54.111737|25.589000|||[]|||20|[]|osm:way/298788851
Часовня придорожная|архитектура|Кореличский район|Мір|53.451387|26.469614|||[]|||20|[]|osm:way/298788879
Костёл Девы Марии|костёл|Свислочский район||53.126498|24.056310|||[]|||20|[]|osm:way/298986528
Церковь христиан веры евангельской|костёл|Берестовицкий район||53.594964|24.247793|||[]|||20|[]|osm:way/299210366
Храм Архангела Михаила|церковь|Берестовицкий район|Скідзель|53.590646|24.257957|||[]|||20|[]|osm:way/299437175
Часовня Успения Пресвятой Девы Марии (1870)|архитектура|Берестовицкий район||53.596125|24.263374|||[]|||20|[]|osm:way/299988783
Часовня-усыпальница Рейтанов|архитектура|Кореличский район||53.025103|26.323319|||[]|||20|[]|osm:way/301434415
Усадебный дом Рейтана|замок|Кореличский район||53.024580|26.340201|||[]|||40|[]|osm:way/301434933
Бровар|замок|Кореличский район||53.025710|26.340941|||[]|||40|[]|osm:way/301434947
Дворищанский Вольный Мельник|архитектура|Лидский район||53.997591|25.385819|||[]|||20|[]|osm:way/301567753
Дворец Новицких|замок|Кореличский район||52.916909|26.411650|||[]|||40|[]|osm:way/301653858
Костёл Посещения Пресвятой Девы Марии (1823)|архитектура|Мостовский район||53.488638|24.680808|||[]|||20|[]|osm:way/302394196
Костёл Святой Анны (1782)|архитектура|Берестовицкий район|Лунна|53.455375|24.261689|||[]|||20|[]|osm:way/304475794
Церковь Святой Троицы (1872)|архитектура|Свислочский район|Поразава|52.937135|24.364721|||[]|||20|[]|osm:way/304634541
Костёл Святого Архангела Михаила (1828)|архитектура|Свислочский район|Поразава|52.936859|24.367853|||[]|||20|[]|osm:way/304634546
Синагога|архитектура|Свислочский район||52.938611|24.365810|||[]|||20|[]|osm:way/304634548
Кладбище старое католическое|архитектура|Свислочский район||52.933786|24.369555|||[]|||20|[]|osm:way/304634550
Церковь Воздвижения Креста Господня|архитектура|Зельвенский район||52.903643|24.700617|||[]|||20|[]|osm:way/305335954
Костёл Пресвятой Троицы (1914)|архитектура|Волковысский район|Шылавічы|53.168488|24.243619|||[]|||20|[]|osm:way/307688645
Часовня святого Пио (2004)|костёл|Сморгонский район||54.299715|26.861369|||[]|||20|[]|osm:way/308746145
Церковь Покрова Пресвятой Богородицы (1909)|церковь|Мостовский район|Мількаўшчына|53.557670|24.389506|||[]|||20|[]|osm:way/308856057
Литературно-краеведческий музей|музей|Мостовский район||53.559923|24.390845|||[]|Tu,Th 14:00-16:00; Sa 12:00-13:00,15:00-16:00||40|[]|osm:way/308856074
Церковь во имя святой преподобной Марфы|костёл|Гродненский район|Гродна|53.671148|23.841905|||[]|||20|[]|osm:way/308956629
Костёл Святых Апостолов Петра и Павла (1854-1875)|архитектура|Островецкий район||54.470956|26.086252|||[]|||20|[]|osm:way/309365883
Часовня святой Анны (1992)|костёл|Щучинский район|Барташы|53.587392|24.625274|||[]|||20|[]|osm:way/309832860
Кладбище татарское (Мизар)|архитектура|Ивьевский район||53.917499|25.773841|||[]|||20|[]|osm:way/310135306
ДОТ|замок|Гродненский район||53.731175|23.808160|||[]|||40|[]|osm:way/311145512
Музей пограничников|музей|Гродненский район||53.857416|23.561307|||[]|||40|[]|osm:way/311430593
Кладбище еврейское|архитектура|Кореличский район||53.857131|26.658319|||[]|||20|[]|osm:way/311555853
Костёл Святого Лина (1935)|архитектура|Лидский район|Пеляса|53.950191|24.983236|||[]|||20|[]|osm:way/311781351
Церковь Воздвижения Креста Господня|архитектура|Гродненский район||53.773368|23.570805|||[]|||20|[]|osm:way/311963437
Курган Славы|памятник|Гродненский район||53.672228|23.869171|||[]|||10|[]|osm:way/312908976
Костёл Святого Антония Падуанского|архитектура|Мостовский район|Каменка|53.552976|24.508151|||[]|||20|[]|osm:way/313660340
Дом молитвы ЕХБ|костёл|Свислочский район||52.798256|24.494434|||[]|||20|[]|osm:way/314542961
Храм святителя Тихона Московского (1997)|церковь|Сморгонский район||54.515784|26.928260|||[]|||20|[]|osm:way/314562465
Музей мастацтва і рамеслаў|музей|Сморгонский район||54.489265|26.872270|||[]|||40|[]|osm:way/314587008
Церковь Евангельских христиан-баптистов|костёл|Волковысский район||53.135447|24.428623|||[]|Su 10:00-20:00||20|[]|osm:way/315853458
Часовня кладбищенская|архитектура|Ивьевский район||53.926777|25.972549|||[]|||20|[]|osm:way/316168355
Церковь евангельских христиан баптистов|костёл|Дятловский район||53.461432|25.417329|||[]|||20|[]|osm:way/316211245
Храм пророка Илии (1988)|церковь|Мостовский район||53.438389|24.547116|||[]|||20|[]|osm:way/316541223
Церковь Воздвижения Креста Господня|архитектура|Новогрудский район||53.324604|26.001997|||[]|||20|[]|osm:way/317338804
Церковь Рождества Пресвятой Богородицы|архитектура|Лидский район||53.806365|25.509865|||[]|||20|[]|osm:way/317339018
Усадебный дом Бутовт-Андрейковичей|замок|Свислочский район||52.946627|24.378726|||[]|||40|[]|osm:way/317787510
Храм иконы Божией Матери «Взыскание погибших»|церковь|Гродненский район|Гродна|53.672923|23.801221|||[]|||20|[]|osm:way/318146350
Костёл Богоматери Ангельской (1991)|костёл|Дятловский район||53.299948|25.156098|||[]|||20|[]|osm:way/319364748
Церковь Воскресенская (дерев.)|архитектура|Кореличский район||53.551497|26.240284|||[]|||20|[]|osm:way/319371742
Храм Святой Анны (1861)|архитектура|Кореличский район|Загорʼе|53.504879|26.354326|||[]|||20|[]|osm:way/319371743
Подвесной мост|архитектура|Сморгонский район||54.499996|26.735614|||[]|||20|[]|osm:way/319624233
Костёл Милосердия Божьего|костёл|Лидский район||53.921807|25.246483|||[]|||20|[]|osm:way/320854596
Подвесной мост|архитектура|Сморгонский район||54.482541|26.718759|||[]|||20|[]|osm:way/320941105
Костёл Преображения Господня|архитектура|Лидский район|Ваверка|53.832268|24.965983|||[]|||20|[]|osm:way/321799269
Усадебный дом Минейко|замок|Щучинский район||53.627079|25.027281|||[]|||40|[]|osm:way/321958421
Церковь Святого праведного Иосифа Обручника|церковь|Сморгонский район|Іжа|54.661195|26.761906|||[]|||20|[]|osm:way/323213789
Помнік ахвярам 2-й сусветнай вайны|памятник|Сморгонский район||54.660424|26.765524|||[]|||10|[]|osm:way/323222609
Усадьба Мавросов (1884)|замок|Лидский район||53.798211|25.146572|||[]|||40|[]|osm:way/323446200
Костел Святого Михаила Архангела|архитектура|Лидский район||53.800783|25.163002|||[]|||20|[]|osm:way/323451224
Костёл Святого Юрия (2011)|костёл|Дятловский район||53.652327|25.320819|||[]|||20|[]|osm:way/324991854
Храм святой преподобной Евфросинии Полоцкой (старый храм)|церковь|Свислочский район||53.115717|23.976786|||[]|||20|[]|osm:way/325020466
Корчма (XIX-1-я пол. XX вв.)|архитектура|Дятловский район||53.652780|25.314737|||[]|||20|[]|osm:way/325154855
Костёл Матери Божьей Святого Розария (1915)|архитектура|Мостовский район|Пескі|53.355759|24.623599|||[]|||20|[]|osm:way/325297200
Костёл Имени Пресвятой Девы Марии (1840)|архитектура|Волковысский район|Вярэйкі|53.248465|24.185954|||[]|||20|[]|osm:way/325933843
Храм святого великомученика Георгия Победоносца (2012)|архитектура|Зельвенский район||53.211546|25.037952|||[]|||20|[]|osm:way/326061118
Жилой корпус монастыря бернардинцев|монастырь|Ивьевский район|Іўе|53.932745|25.780383|||[]|||30|[]|osm:way/326356787
Жилой корпус (предполож. 1762 г.)|архитектура|Сморгонский район||54.323093|26.874519|||[]|||20|[]|osm:way/326539398
Церковь Покрова Пресвятой Богородицы (руины)|архитектура|Зельвенский район||53.059264|24.901325|||[]|||20|[]|osm:way/327084283
Приписная часовня прихода храма Святой Живоначальной Троицы|церковь|Зельвенский район||53.073620|24.886547|||[]|||20|[]|osm:way/327110487
Храм Преображения Господня (1865)|архитектура|Зельвенский район|Дзярэчын|53.244880|24.921489|||[]|||20|[]|osm:way/327148793
Католическое кладбище|архитектура|Волковысский район||53.288670|24.393057|||[]|||20|[]|osm:way/327490847
Церковь христиан веры евангельской «Возрождение»|костёл|Зельвенский район||53.144430|24.824180|||[]|||20|[]|osm:way/328020820
Приусадебный парк при бывшей усадьбе Журова|архитектура|Зельвенский район||53.218914|24.741324|||[]|||20|[]|osm:way/328172578
Костёл Пресвятой Троицы|архитектура|Лидский район||53.926408|24.788812|||[]|||20|[]|osm:way/328964191
Храм Благовещения Пресвятой Богородицы|церковь|Зельвенский район||53.110302|25.331761|||[]|||20|[]|osm:way/329543247
Колокольня (1828)|церковь|Зельвенский район||53.014542|25.343633|||[]|||20|[]|osm:way/330229986
Церковь Рождества Пресвятой Богородицы (Явленская) (1672)|архитектура|Зельвенский район||53.014764|25.346654|||[]|||20|[]|osm:way/332106423
Храм Воздвижения Честного и Животворящего Креста Господня (1769)|архитектура|Зельвенский район||53.014997|25.347682|||[]|||20|[]|osm:way/332106425
Усадебный дом|замок|Дятловский район|Казлоўшчына|53.322481|25.289197|||[]|||40|[]|osm:way/334879713
Храм в честь Успения Пресвятой Богородицы 1927Г.|церковь|Дятловский район|Казлоўшчына|53.319448|25.291255|||[]|||20|[]|osm:way/334879715
Церковь ХВЕ «Благодать»|костёл|Зельвенский район|Косава|52.761501|25.134056|||[]|We 20:00-21:00; Su 10:00-12:00||20|[]|osm:way/336957567
Церковь Покрова Пресвятой Богородицы|архитектура|Щучинский район||53.907522|24.645278|||[]|||20|[]|osm:way/338436671
Храм Новомучеников и исповедников земли Белорусской|архитектура|Берестовицкий район|Скідзель|53.581573|24.240715|||[]|||20|[]|osm:way/338595840
Храм святого равноапостольного князя Владимира|церковь|Сморгонский район||54.484414|26.396806|||[]|||20|[]|osm:way/340379701
Новогрудская мечеть|храм|Новогрудский район||53.593800|25.826061|||[]|||20|[]|osm:way/341126292
Церковь Святого Николая|церковь|Новогрудский район||53.598673|25.823290|||[]|||20|[]|osm:way/341126298
Храм Всех святых (2003)|церковь|Сморгонский район||54.328484|26.841847|||[]|||20|[]|osm:way/343964137
Костёл Пресвятой Троицы (1740)|архитектура|Мостовский район||53.327531|24.591464|||[]|||20|[]|osm:way/344430422
Храм Архангела Михаила|архитектура|Новогрудский район|Уселюб|53.719564|25.793791|||[]|||20|[]|osm:way/352396877
Усадьба Ленских|архитектура|Кореличский район||53.743386|26.877420|||[]|||20|[]|osm:way/356893967
Ледовня-флигель|архитектура|Кореличский район||53.743265|26.876646|||[]|||20|[]|osm:way/356893968
Дом смотрителя|музей|Гродненский район||53.861727|23.625077|||[]|||40|[]|osm:way/359508115
Храм Вознесения Господня (1882)|архитектура|Кореличский район||52.985149|26.994873|||[]|||20|[]|osm:way/360077109
Церковь Покрова Пресвятой Богородицы (1844)|архитектура|Кореличский район|Лань|53.149787|26.698516|||[]|||20|[]|osm:way/360181215
Мемориальный комплекс «Звезда»|памятник|Кореличский район||53.575933|26.133413|||[]|||10|[]|osm:way/362551471
Синагога (кон.XIX- нач.XXвв.)|архитектура|Сморгонский район||54.310293|26.283682|||[]|||20|[]|osm:way/362581419
Храм святителя Луки архиепископа Симферопольского и Крымского|церковь|Гродненский район|Гродна|53.694774|23.793913|||[]|||20|[]|osm:way/362751603
Часовня святого Казимира (1792)|архитектура|Зельвенский район||52.869749|24.896993|||[]|||20|[]|osm:way/362848083
Церковь св.Георгия|церковь|Новогрудский район||53.810097|25.765756|||[]|||20|[]|osm:way/362892721
Купель|церковь|Сморгонский район||54.100030|26.530385|||[]|||20|[]|osm:way/362920312
Купель|церковь|Зельвенский район||53.116365|25.156961|||[]||no|20|[]|osm:way/362994848
Купель|церковь|Новогрудский район||53.602657|25.904745|||[]|||20|[]|osm:way/363001383
Храм во имя Святителя Николая Чудотворца|церковь|Зельвенский район||52.914458|25.159971|||[]|||20|[]|osm:way/363269263
Костел Святого Юрия|архитектура|Гродненский район||53.820023|24.251411|||[]|||20|[]|osm:way/364474457
Церковь Покрова Пресвятой Богородицы (1873)|архитектура|Свислочский район||52.982820|24.052974|||[]|||20|[]|osm:way/364502717
Монастырь пиаров: Колокольня|архитектура|Лидский район||53.893973|25.303348|||[]|||20|[]|osm:way/366798772
Костел святого Иоанна Крестителя|костёл|Кореличский район||53.870498|26.959421|||[]|||20|[]|osm:way/367299480
Хозпостройка (1810)|архитектура|Ивьевский район||54.139334|26.210352|||[]|||20|[]|osm:way/367311403
Часовня католическая Девы Марии|архитектура|Сморгонский район||54.419930|26.523632|||[]|||20|[]|osm:way/367331168
Кладбище еврейское|архитектура|Сморгонский район||54.306831|26.287118|||[]|||20|[]|osm:way/367397036
часовня|церковь|Гродненский район|Гродна|53.671672|23.841561|||[]|||20|[]|osm:way/367998581
Каплица|костёл|Гродненский район||53.586352|23.797825|||[]|||20|[]|osm:way/368716017
Каролинский фольварк Тизенгауза|архитектура|Гродненский район||53.634221|23.726920|||[]|||20|[]|osm:way/368717845
Костёл Вознесения найсвятейшей девы Марии|архитектура|Берестовицкий район|Адэльск|53.404649|23.761425|||[]|||20|[]|osm:way/368900742
Колокольня|костёл|Берестовицкий район||53.404436|23.760996|||[]|||20|[]|osm:way/368900748
Флигель левый (1828)|архитектура|Ивьевский район|Жамыслаўль|54.132172|25.764333|||[]|||20|[]|osm:way/368946772
Борисо-Глебская часовня|церковь|Сморгонский район||54.542595|26.726542|||[]|||20|[]|osm:way/369141204
Костёл Святых Апостолов Петра и Павла|архитектура|Щучинский район||53.762076|24.826761|||[]|||20|[]|osm:way/369268721
Кладбище татарское (Мизар)|архитектура|Щучинский район||53.757510|24.846786|||[]|||20|[]|osm:way/369286420
Водяная мельница|архитектура|Ивьевский район||54.029940|25.709564|||[]|||20|[]|osm:way/369347753
Флигель правый (XIX в.)|архитектура|Ивьевский район|Жамыслаўль|54.132115|25.766295|||[]|||20|[]|osm:way/370040002
Ледовня (1828)|архитектура|Ивьевский район||54.131488|25.766601|||[]|||20|[]|osm:way/370040003
Амбар (Спихлер, XIX в.)|архитектура|Ивьевский район||54.130983|25.766759|||[]|||20|[]|osm:way/370040004
Пилон|архитектура|Ивьевский район||54.136394|25.767874|||[]|||20|[]|osm:way/370134990
Купель|костёл|Дятловский район||53.520641|25.502228|||[]|||20|[]|osm:way/371233007
Храм Рождества Пресвятой Богородицы (1883)|архитектура|Зельвенский район||53.022589|24.968355|||[]|||20|[]|osm:way/371246172
Храм святого Иоанна Предтечи (1812)|архитектура|Зельвенский район||52.999333|24.944488|||[]|||20|[]|osm:way/371246174
Храм великомученика Георгия Победоносца (1900)|архитектура|Дятловский район|Горка|53.286772|25.508204|||[]|||20|[]|osm:way/371258641
Храм Святой Троицы (1836)|архитектура|Дятловский район|Дзераўная|53.197462|25.473650|||[]|||20|[]|osm:way/371304054
Церковь Святого Николая Чудотворца|архитектура|Щучинский район||53.730132|25.020804|||[]|||20|[]|osm:way/371364776
Дом-крепость Нонхартов|замок|Вороновский район||54.250888|25.433273|||[]|||40|[]|osm:way/371899758
Спиртохранилище (XIX в.)|архитектура|Ивьевский район||54.129639|25.766510|||[]|||20|[]|osm:way/372948995
Винодельня (1885)|архитектура|Ивьевский район||54.129216|25.766344|||[]|||20|[]|osm:way/372949000
Церковь Покрова Пресвятой Богородицы|церковь|Новогрудский район||53.831700|25.907304|||[]|||20|[]|osm:way/373360820
Церковь св. Петра и Павла (1836)|замок|Кореличский район||53.734861|26.985096|||[]|||40|[]|osm:way/373886446
Костел Святого Архангела Михаила|архитектура|Кореличский район|Івянец|53.891136|26.737349|||[]|||20|[]|osm:way/373903658
Храм Покрова Пресвятой Богородицы (1997)|церковь|Сморгонский район||54.073935|26.776201|||[]|||20|[]|osm:way/373912213
Церковь Святого пророка Илии (1878)|архитектура|Ивьевский район|Сакаўшчына|54.104988|26.389429|||[]|||20|[]|osm:way/373938535
Кладбище старое христианское|архитектура|Ивьевский район||54.131428|26.230546|||[]|||20|[]|osm:way/373969327
Кладбище еврейское|архитектура|Ивьевский район||54.146440|26.206480|||[]|||20|[]|osm:way/373969328
Усадебный дом Хрептовичей (сер. XIX в.)|замок|Ивьевский район||54.147095|26.176670|||[]|||40|[]|osm:way/373985732
Костёл святого Михаила Архангела (1999)|костёл|Ивьевский район||54.176856|26.108439|||[]|||20|[]|osm:way/373990241
Водяная мельница (нач.XXв.)|архитектура|Ивьевский район||54.255034|26.009079|||[]|||20|[]|osm:way/374063547
Часовня-усыпальница Важинских|архитектура|Ошмянский район||54.366294|26.105567|||[]|||20|[]|osm:way/374071448
Костёл Пресвятого Сердца Иисуса (1930)|архитектура|Сморгонский район||54.267168|26.436092|||[]|||20|[]|osm:way/374106820
Плебания (1935)|архитектура|Сморгонский район||54.266925|26.435956|||[]|||20|[]|osm:way/374106821
Церковь Святого Георгия Победоносца|архитектура|Сморгонский район||54.269903|26.437589|||[]|||20|[]|osm:way/374106822
Церковь Введения во храм Пресвятой Богородицы|церковь|Сморгонский район|Багушы|54.354876|26.345790|||[]|||20|[]|osm:way/374109651
Церковь Спасо-Преображенская (XVIII в., униат., основат. пан Букатый, особ. кирпичн. фунд.)|архитектура|Сморгонский район||54.378831|26.383205|||[]|||20|[]|osm:way/374119226
Храм Воздвижения Креста Господня|церковь|Сморгонский район|Наваспаск|54.378965|26.383915|||[]|||20|[]|osm:way/374119228
Водяная мельница|архитектура|Вороновский район||54.262206|25.360177|||[]|||20|[]|osm:way/374161518
Бывшая ШПУ № 3|замок|Сморгонский район||54.434020|26.305332|||[]|||40|[]|osm:way/374166209
Бывшая ШПУ № 2|замок|Сморгонский район||54.433601|26.306110|||[]|||40|[]|osm:way/374166210
Храм Святого Духа (1911)|церковь|Сморгонский район|Сукневічы|54.448945|26.463565|||[]|||20|[]|osm:way/374245516
Храм иконы Божией Матери «В скорбех и печалех Утешение» (2000)|церковь|Сморгонский район||54.488623|26.405838|||[]|||20|[]|osm:way/374258635
Храм равноапостольных Константина и Елены|церковь|Сморгонский район||54.625288|26.442169|||[]|||20|[]|osm:way/374298398
Костёл Святой Троицы (1612)|архитектура|Сморгонский район||54.623789|26.442296|||[]|||20|[]|osm:way/374298399
Коллегиум иезуитов|монастырь|Сморгонский район||54.621122|26.443953|||[]|||30|[]|osm:way/374298404
Водяная мельница (XIX в.)|архитектура|Сморгонский район||54.620356|26.446997|||[]|||20|[]|osm:way/374301356
Храм Царственных страстотерпцев (2005)|церковь|Сморгонский район||54.510606|26.187901|||[]|||20|[]|osm:way/374350814
Костёл Девы Марии Розария (1934)|архитектура|Сморгонский район||54.516110|26.180183|||[]|||20|[]|osm:way/374359666
Часовня-усыпальница Кочанов (1908)|костёл|Сморгонский район|Івашкаўцы|54.510726|26.173271|||[]|||20|[]|osm:way/374393335
Костёл Опеки Божией Матери (1929)|архитектура|Островецкий район||54.560703|26.112398|||[]|||20|[]|osm:way/374418699
Водяная мельница|архитектура|Островецкий район||54.730243|26.019098|||[]|||20|[]|osm:way/374433596
Аптека|архитектура|Островецкий район||54.727529|26.009217|||[]|||20|[]|osm:way/374433598
Плебания|архитектура|Островецкий район||54.726978|26.009526|||[]|||20|[]|osm:way/374433599
Часовня Святого Юрия (XVIII в.)|архитектура|Островецкий район|Варона|54.759051|25.959423|||[]|||20|[]|osm:way/374436843
Часовня Святого Станислава|архитектура|Островецкий район||54.709463|26.171468|||[]|||20|[]|osm:way/374446876
Усадебный парк|архитектура|Сморгонский район||54.786375|26.404660|||[]|||20|[]|osm:way/374538592
Водяная мельница 19в.|замок|Сморгонский район||54.716421|26.937780|||[]|||40|[]|osm:way/375197971
Хозпостройка нач.20в.|замок|Сморгонский район||54.711567|26.936614|||[]|||40|[]|osm:way/375197974
Церковь евангельских христиан баптистов|костёл|Сморгонский район|Любань|54.598362|26.880327|||[]|||20|[]|osm:way/375207125
Часовня|замок|Сморгонский район||54.496082|26.704182|||[]|||40|[]|osm:way/375216999
Часовня Святого Николая 19в.|архитектура|Сморгонский район||54.524414|26.730758|||[]|||20|[]|osm:way/375217005
Подвесной мост|архитектура|Сморгонский район||54.563909|26.720384|||[]|||20|[]|osm:way/375218874
Церковь пророка Илии (1882)|архитектура|Сморгонский район|Нарач|54.564206|26.728154|||[]|||20|[]|osm:way/375218879
Храм святого Иоанна Предтечи (1789)|архитектура|Сморгонский район||54.522855|26.794784|||[]|||20|[]|osm:way/375224163
Еврейское кладбище|архитектура|Сморгонский район||54.478492|26.906277|||[]|||20|[]|osm:way/375238096
Кладбище еврейское|архитектура|Сморгонский район||54.550352|26.975735|||[]|||20|[]|osm:way/375256982
Храм Рождества Христова|архитектура|Сморгонский район||54.295568|26.880824|||[]|||20|[]|osm:way/375518459
Церковь Святой Троицы (1869 г., византийск. стиль)|архитектура|Сморгонский район|Лебядзева|54.312694|26.707481|||[]|||20|[]|osm:way/375530979
Часовня-усыпальница (1910-е гг., неоготика)|архитектура|Сморгонский район||54.311079|26.691399|||[]|||20|[]|osm:way/375530989
Усадьба: хозпостройка (конец XIXв.)|замок|Сморгонский район||54.328294|26.655811|||[]|||40|[]|osm:way/375540173
Часовня|церковь|Сморгонский район||54.331135|26.597130|||[]|||20|[]|osm:way/375542661
Костел Святой Троицы и Святого Андрея Баболи (1701-04гг.)|архитектура|Сморгонский район|Беніца|54.346672|26.556455|||[]|||20|[]|osm:way/375544749
Храм Покрова Пресвятой Богородицы (1886г.)|архитектура|Сморгонский район|Беніца|54.347191|26.554623|||[]|||20|[]|osm:way/375544750
Часовня усадьбы Путят (19в.)|замок|Сморгонский район||54.225762|26.563754|||[]|||40|[]|osm:way/375568313
Часовня|костёл|Сморгонский район||54.225809|26.608755|||[]|||20|[]|osm:way/375568319
Ветряная мельница (нач. XX в.)|замок|Сморгонский район||54.239198|26.594163|||[]|||40|[]|osm:way/375568320
Мзуей Янки Купалы|музей|Сморгонский район||54.236608|26.669439|||[]|||40|[]|osm:way/375568325
Кладбище старое католическое|архитектура|Сморгонский район||54.219118|26.747807|||[]|||20|[]|osm:way/375576985
Церковь Святой Троицы|архитектура|Сморгонский район||54.151492|26.921567|||[]|||20|[]|osm:way/375585768
Часовня Св. Иоанна Крестителя|костёл|Сморгонский район||54.150751|26.922051|||[]|||20|[]|osm:way/375585773
Синагога (1875)|архитектура|Сморгонский район||54.152247|26.922575|||[]|||20|[]|osm:way/375585774
Костёл Пресвятой Девы Марии|архитектура|Сморгонский район|Хоўхлава|54.164080|26.764989|||[]|||20|[]|osm:way/375684625
Костёл святой Барбары (1877)|архитектура|Зельвенский район|Сялявічы|53.018561|25.021335|||[]|||20|[]|osm:way/375948931
ДОТ Гродненского УР|замок|Гродненский район||53.839039|23.679001|||[]|||40|[]|osm:way/376789485
ДОТ Гродненского УР|замок|Гродненский район||53.842882|23.672473|||[]|||40|[]|osm:way/376789527
ДОТ Гродненского УРа|замок|Гродненский район||53.862981|23.633291|||[]|||40|[]|osm:way/376790322
Часовня мемориальная в честь отмены крепостного права|архитектура|Кореличский район||53.072450|26.990503|||[]|||20|[]|osm:way/376832121
Брама-колокольня|архитектура|Кореличский район||53.072404|26.990329|||[]|||20|[]|osm:way/376832128
Церковь святителя Николая Чудотворца|церковь|Кореличский район|Цімкавічы|53.072516|26.990247|||[]|||20|[]|osm:way/376832137
Винодельня|замок|Кореличский район||53.075403|26.883714|||[]|||40|[]|osm:way/376849167
Церковь Крестовоздвиженская (1806 г.)|архитектура|Кореличский район||53.151218|26.852595|||[]|||20|[]|osm:way/376860887
Храм великомученика Георгия Победоносца (1955)|церковь|Кореличский район||53.217972|26.693567|||[]|||20|[]|osm:way/376871098
Брама-конюшня|архитектура|Кореличский район||53.242545|26.505235|||[]|||20|[]|osm:way/376890767
Церковь Покрова Пресвятой Богородицы|архитектура|Кореличский район|Вялікая Ліпа|53.242711|26.499281|||[]|||20|[]|osm:way/376894542
Часовня|церковь|Кореличский район||53.216321|26.417723|||[]|||20|[]|osm:way/376952294
Часовня|костёл|Кореличский район||53.216730|26.417316|||[]|||20|[]|osm:way/376952298
Усадебно-парковый комплекс Гартингов|замок|Кореличский район||53.215095|26.418840|||[]|||40|[]|osm:way/376952299
Мемориал воинам ВОВ|памятник|Кореличский район||53.217742|26.403364|||[]|||10|[]|osm:way/376952316
Часовня придорожная|архитектура|Кореличский район|Пагарэльцы|53.203300|26.305210|||[]|||20|[]|osm:way/376961570
Часовня|церковь|Кореличский район||53.209729|26.092140|||[]|||20|[]|osm:way/376969198
Пороховой погреб 3 форта|замок|Гродненский район||53.687408|23.658155|||[]|||40|[]|osm:way/376969487
Усадебный дом|замок|Кореличский район||53.257578|26.188873|||[]|||40|[]|osm:way/376974523
хозяйственные постройки|замок|Кореличский район||53.249045|26.237143|||[]|||40|[]|osm:way/376980321
Церковь Святой Параскевы Пятницы|архитектура|Кореличский район|Чэрніхава|53.244375|26.240745|||[]|||20|[]|osm:way/376980323
Церковь Воздвижения Креста Господня|архитектура|Кореличский район|Вялікая Лысіца|53.306890|26.452009|||[]|||20|[]|osm:way/376992247
Храм Преображения Господня (1808)|архитектура|Кореличский район|Гарадзея|53.338284|26.520130|||[]|||20|[]|osm:way/376996515
Мемориал жертвам холокоста|памятник|Кореличский район||53.330121|26.525225|||[]|||10|[]|osm:way/376996520
Храм великомученика Георгия Победоносца|архитектура|Кореличский район||53.355386|26.432472|||[]|||20|[]|osm:way/376998185
Часовня-усыпальница Протасевичей (1887)|костёл|Кореличский район||53.357281|26.421984|||[]|||20|[]|osm:way/376998188
Водяная мельница|архитектура|Кореличский район||53.355037|26.387090|||[]|||20|[]|osm:way/377006829
Римско-католическая каплица Матери Божей Королевы всех Святых (1906)|костёл|Кореличский район||53.350723|26.386238|||[]|||20|[]|osm:way/377006831
Храм Святой Троицы|церковь|Кореличский район|Петкавічы|53.309407|26.362339|||[]|||20|[]|osm:way/377006843
Костёл Святого Юрия|архитектура|Кореличский район|Паланечка|53.346630|26.256321|||[]|||20|[]|osm:way/377006848
Церковь Святого Иоанна Предтечи|архитектура|Кореличский район|Малыя Жухавічы|53.396268|26.319449|||[]|||20|[]|osm:way/377015464
Церковь Успения Пресвятой Богородицы|архитектура|Свислочский район||52.907443|24.033492|||[]|||20|[]|osm:way/377017134
Церковь Покрова Пресвятой Богородицы|архитектура|Новогрудский район|Паручын|53.362257|26.009651|||[]|||20|[]|osm:way/377025363
Церковь Святых Апостолов Петра и Павла|архитектура|Новогрудский район|Валеўка|53.459525|25.886138|||[]|||20|[]|osm:way/377102581
Костел святого Казимира 1433г.|архитектура|Новогрудский район|Уселюб|53.717724|25.804809|||[]|||20|[]|osm:way/377120203
Храм великомученика Георгия Победоносца (1991)|архитектура|Новогрудский район|Малыя Верабʼевічы|53.694177|25.973856|||[]|||20|[]|osm:way/377128157
Храм великомученика Георгия Победоносца|церковь|Новогрудский район|Вялікія Верабʼевічы|53.704629|25.959946|||[]|||20|[]|osm:way/377129562
Храм Успения Пресвятой Богородицы|архитектура|Кореличский район|Лаўрышава|53.685742|26.158134|||[]|||20|[]|osm:way/377157204
Храм преподобного Елисея Лавришевского|архитектура|Кореличский район|Гнесічы|53.701836|26.189614|||[]|||20|[]|osm:way/377157238
Кладбище татарское|архитектура|Кореличский район||53.567087|26.121469|||[]|||20|[]|osm:way/377180456
Храм Всех Святых (1936)|архитектура|Новогрудский район|Дольная Рута|53.579904|26.032900|||[]|||20|[]|osm:way/377186391
Амбар-Ледовня|замок|Кореличский район||53.549336|26.332798|||[]|||40|[]|osm:way/377264209
Церковь Рождества Пресвятой Богородицы (19в.)|архитектура|Кореличский район|Трашчычы|53.487738|26.362087|||[]|||20|[]|osm:way/377265983
Храм святителя Николая Чудотворца|костёл|Кореличский район|Рубяжэвічы|53.689994|26.861035|||[]|||20|[]|osm:way/377317522
Костёл Вознесения Пресвятой Девы Марии|архитектура|Кореличский район|Налібакі|53.758158|26.470723|||[]|||20|[]|osm:way/377344069
Храм Архангела Михаила (2006)|церковь|Кореличский район|Налібакі|53.762511|26.468683|||[]|||20|[]|osm:way/377344109
Водяная мельница (нач. XX в.)|замок|Кореличский район||53.796518|26.578238|||[]|||40|[]|osm:way/377367153
Костёл святого Максимилиана (1998)|костёл|Кореличский район|Цеснавая 1|53.818405|26.675876|||[]|||20|[]|osm:way/377376146
Колокольня|костёл|Дятловский район||53.129099|26.075048|||[]|||20|[]|osm:way/377410546
Костёл святых апостолов Петра и Павла (1991)|костёл|Кореличский район|Камень|53.865021|26.652017|||[]|||20|[]|osm:way/377430838
Храм великомученика и целителя Пантелеимона (1995)|церковь|Ивьевский район||53.937944|26.189084|||[]|||20|[]|osm:way/377439967
Часовня|костёл|Ивьевский район||53.929597|25.957354|||[]|||20|[]|osm:way/377439994
Костёл Рождества Пресвятой Девы Марии|архитектура|Ивьевский район|Дуды|53.914938|25.860473|||[]|||20|[]|osm:way/377443175
Часовня кладбищенская Святой Варвары (XIX в.)|архитектура|Ивьевский район||53.939614|25.758882|||[]|||20|[]|osm:way/377448403
Церковь Святой Троицы|архитектура|Лидский район||53.870062|25.690022|||[]|||20|[]|osm:way/377453780
Усадебный дом (сохранился частично)|замок|Лидский район||53.996540|25.385527|||[]|||40|[]|osm:way/377462066
Часовня Богоматери Руженцовой|костёл|Лидский район||53.995931|25.370977|||[]|||20|[]|osm:way/377462077
Усадебный дом Дембовецких (1860-1870 гг.)|замок|Лидский район||53.921421|25.504259|||[]|||40|[]|osm:way/377583092
Костёл Превятого Сердца Иисуса и Святого Андрея Боболи|архитектура|Лидский район||53.797235|25.378835|||[]|||20|[]|osm:way/377593097
Церковь христиан веры евангельской|костёл|Лидский район||53.800860|25.369438|||[]|||20|[]|osm:way/377593100
Храм преподобного Елисея Лавришевского|костёл|Лидский район||53.796375|25.371943|||[]|||20|[]|osm:way/377593101
Храм Покрова Пресвятой Богородицы|архитектура|Лидский район||53.737585|25.413153|||[]|||20|[]|osm:way/377596881
Часовня Святых Иоахима и Анны|архитектура|Лидский район|Агароднікі|53.718037|25.457866|||[]|||20|[]|osm:way/377596882
Флигель правый усадьбы Радзивиллов|замок|Лидский район||53.993549|25.192954|||[]|||40|[]|osm:way/377611346
Ледовня?|замок|Лидский район||53.993585|25.193971|||[]|||40|[]|osm:way/377611347
Костёл Святого Юрия|архитектура|Вороновский район||54.078594|25.216469|||[]|||20|[]|osm:way/377628535
Часовня Святого Иоанна Крестителя (1996)|архитектура|Вороновский район|Пагародна|54.095951|25.132483|||[]|||20|[]|osm:way/377628561
Храм преподобной Евфросинии Полоцкой|церковь|Лидский район|Радунь|54.052481|24.998969|||[]|||20|[]|osm:way/377632790
Часовня Святой Марии Магдалены (1930)|костёл|Лидский район|Волдацішкі|53.940154|25.066461|||[]|||20|[]|osm:way/377634787
Костёл недостр. (1939)|замок|Лидский район||53.940568|25.067084|||[]|||40|[]|osm:way/377634788
Костёл Пресвятой Троицы (1928)|архитектура|Лидский район|Крупава|53.929673|25.199030|||[]|||20|[]|osm:way/377640397
Ветряк (кон. XIX в.)|архитектура|Лидский район||53.804204|25.147520|||[]|||20|[]|osm:way/377645661
Храм Успения Пресвятой Богородицы|архитектура|Лидский район||53.765569|25.096935|||[]|||20|[]|osm:way/377649810
Церковь Покрова Пресвятой Богородицы|церковь|Лидский район||53.831291|25.119420|||[]|||20|[]|osm:way/377656997
Музей валунов|музей|Лидский район||54.045307|24.988610|||[]|||40|[]|osm:way/377699371
Дом для рабочих усадьбы Конских (1934)|замок|Гродненский район||53.827936|23.751013|||[]|||40|[]|osm:way/377828403
Усадебный дом Гурских|замок|Гродненский район||53.848479|23.700953|||[]|||40|[]|osm:way/377829583
ДОТ Гродненского УР|замок|Гродненский район||53.844353|23.653105|||[]|||40|[]|osm:way/377834467
ДОТ Гродненского УР|замок|Гродненский район||53.843058|23.638372|||[]|||40|[]|osm:way/377834468
ДОТ Гродненского УР|замок|Гродненский район||53.841476|23.636538|||[]|||40|[]|osm:way/377834469
Часовня Божьего Милосердия (1889)|архитектура|Гродненский район||53.796165|23.661580|||[]|||20|[]|osm:way/377840158
Городище (11-13вв)|архитектура|Берестовицкий район||53.461721|23.874571|||[]|||20|[]|osm:way/377854028
Храм святителя Николая Чудотворца (1862)|архитектура|Берестовицкий район||53.474006|23.978844|||[]|||20|[]|osm:way/377856812
Церковь Святого Иоанна Предтечи (1889)|архитектура|Берестовицкий район|Лунна|53.453909|24.260033|||[]|||20|[]|osm:way/377862645
Часовня Святого Роха (нач. XX в.)|архитектура|Берестовицкий район||53.459448|24.254044|||[]|||20|[]|osm:way/377862651
Церковь Рождества Пресвятой Богородицы|архитектура|Берестовицкий район||53.485502|24.283341|||[]|||20|[]|osm:way/377872127
Храм святителя Николая Чудотворца (1878)|архитектура|Мостовский район|Пескі|53.354729|24.627156|||[]|||20|[]|osm:way/377893431
Мельница водяная (нач.20в.)|замок|Мостовский район||53.320918|24.604954|||[]|||40|[]|osm:way/377893433
Часовня (19в.)|костёл|Мостовский район||53.430822|24.636370|||[]|||20|[]|osm:way/377897919
Самая старая жылая камяніца Вілейкі (1910)|архитектура|Сморгонский район||54.492029|26.919303|||[]|||20|[]|osm:way/377911275
Кладбище еврейское|архитектура|Щучинский район||53.598624|24.990652|||[]|||20|[]|osm:way/377963047
Храм Преображения Господня (1841)|архитектура|Щучинский район|Дзікушкі|53.631379|25.042263|||[]|||20|[]|osm:way/377964854
Церковь Покрова Пресвятой Богородицы (1900)|архитектура|Дятловский район||53.606617|25.247756|||[]|||20|[]|osm:way/377970910
Церковь Воздвижения Креста Господня (1928)|архитектура|Дятловский район||53.650969|25.311333|||[]|||20|[]|osm:way/377970924
Часовня Матери Божией Розария (1824)|архитектура|Дятловский район||53.648523|25.312561|||[]|||20|[]|osm:way/377970929
Часовня кладбищенская Стравинских (1834)|архитектура|Дятловский район|Дзятлава|53.467332|25.391308|||[]|||20|[]|osm:way/377997748
Церковь Рождества Пресвятой Богородицы (1926)|архитектура|Дятловский район|Явар|53.369436|25.372501|||[]|||20|[]|osm:way/378033585
Церковь Святых Апостолов Петра и Павла (1875)|архитектура|Дятловский район|Вензавец|53.422106|25.331938|||[]|||20|[]|osm:way/378112095
Курган|архитектура|Дятловский район||53.359606|25.373382|||[]|||20|[]|osm:way/378112114
Костёл Божьего Тела|архитектура|Дятловский район|Дварэц|53.410866|25.575034|||[]|||20|[]|osm:way/378125426
Церковь Покрова Пресвятой Богородицы|архитектура|Дятловский район|Дварэц|53.406850|25.570574|||[]|||20|[]|osm:way/378125431
Водяная мельница (руины)|архитектура|Дятловский район||53.407529|25.567564|||[]|||20|[]|osm:way/378125432
Костел Святых Ангелов-Хранителей (1840)|архитектура|Дятловский район|Раготна|53.348115|25.487459|||[]|||20|[]|osm:way/378143168
Городище «Тарелка»|архитектура|Дятловский район||53.338158|25.486934|||[]|||20|[]|osm:way/378151033
Часовня-усыпальница (нач.20в.)|замок|Дятловский район||53.312895|25.604462|||[]|||40|[]|osm:way/378173815
Церковь Святых Апостолов Петра и Павла|архитектура|Дятловский район|Моўчадзь|53.312591|25.700385|||[]|||20|[]|osm:way/378270480
Часовня|костёл|Дятловский район||53.140282|25.894054|||[]|||20|[]|osm:way/378292906
Ляховичская Фортеция|памятник|Кореличский район||53.038143|26.265349|||[]|||10|[]|osm:way/378310640
Храм Воздвижения Креста Господня|церковь|Кореличский район|Ляхавічы|53.040983|26.251089|||[]|||20|[]|osm:way/378310641
Усадебный дом Черноцких|замок|Кореличский район||53.034161|26.436248|||[]|||40|[]|osm:way/378323078
Флигель|архитектура|Кореличский район||53.033407|26.434586|||[]|||20|[]|osm:way/378323084
Усадебный парк Михаила Чарноцкого|архитектура|Кореличский район||53.035466|26.435506|||[]|||20|[]|osm:way/378323091
Храм Воскресения Христова|архитектура|Кореличский район||53.067293|26.634975|||[]|||20|[]|osm:way/378326227
Музей истории Клетчины|музей|Кореличский район||53.066654|26.628930|||[]|||40|[]|osm:way/378334608
Часовня кладбищенская Рождества Пресвятой Богородицы|церковь|Кореличский район||52.962471|26.678192|||[]|||20|[]|osm:way/378351751
Храм Покрова Пресвятой Богородицы|архитектура|Кореличский район|Ёдчыцы|52.984239|26.850490|||[]|||20|[]|osm:way/378353166
Церковь Покрова Пресвятой Богородицы|церковь|Сморгонский район||54.510970|26.961590|||[]|||20|[]|osm:way/378358333
Свет Евангелия|костёл|Дятловский район||53.128151|26.061989|||[]|||20|[]|osm:way/378917854
Костёл Вознесения Пресвятой Девы Марии|архитектура|Кореличский район||53.700727|26.559189|||[]|||20|[]|osm:way/379710597
Новая жизнь|костёл|Дятловский район||53.140560|26.006955|||[]|||20|[]|osm:way/380251676
Георгия Победоносца|церковь|Дятловский район||53.149663|26.008727|||[]|||20|[]|osm:way/380336167
Костёл Непорочного Зачатия Девы Марии|костёл|Сморгонский район|Куранец|54.556081|26.962312|||[]|||20|[]|osm:way/380660149
Церковь Св. Георгия|церковь|Зельвенский район||52.752362|25.145543|||[]|||20|[]|osm:way/381003820
Сведкі Яговы|костёл|Дятловский район||53.134991|25.994942|||[]|||20|[]|osm:way/381013200
Храм Успения Пресвятой Богородицы (1779)|архитектура|Зельвенский район||52.822579|25.140875|||[]|||20|[]|osm:way/381016777
Костёл Святых Апостолов Петра и Павла (1790)|архитектура|Зельвенский район|Новадзевяткавічы|52.915971|25.168357|||[]|||20|[]|osm:way/381056544
Колокольня|костёл|Зельвенский район||52.916044|25.167784|||[]|||20|[]|osm:way/381056552
Храм великомученицы Параскевы Пятницы (1779)|архитектура|Зельвенский район||52.944625|25.149691|||[]|||20|[]|osm:way/381056613
Храм пророка Илии (1863)|архитектура|Зельвенский район|Сурынка|52.980296|25.210933|||[]|||20|[]|osm:way/381064600
Крестильня-колокольня (1995)|церковь|Зельвенский район|Сурынка|52.980251|25.210520|||[]|||20|[]|osm:way/381064602
Храм Рождества Пресвятой Богородицы (1864)|архитектура|Зельвенский район|Міжэвічы|52.968917|25.086112|||[]|||20|[]|osm:way/381100126
Храм иконы Божией Матери «Живоносный Источник» (1994)|церковь|Зельвенский район|Міжэвічы|52.968802|25.086357|||[]|||20|[]|osm:way/381100128
Амбар|архитектура|Зельвенский район||52.986897|25.051017|||[]|||20|[]|osm:way/381100130
Храм Архангела Михаила|архитектура|Зельвенский район||52.963760|24.995513|||[]|||20|[]|osm:way/381100138
Усадебный дом Бохвицев|замок|Зельвенский район||52.977505|24.620366|||[]|||40|[]|osm:way/381207239
Храм праведной Анны (1770)|архитектура|Волковысский район||52.925338|24.533926|||[]|||20|[]|osm:way/381214831
Часовня Пресвятой Троицы|архитектура|Зельвенский район||52.860857|24.608955|||[]|||20|[]|osm:way/381225025
Кладбище католическое|архитектура|Зельвенский район||52.860793|24.608245|||[]|||20|[]|osm:way/381225028
Костёл Пресвятой Троицы (1785)|архитектура|Зельвенский район||52.856312|24.614736|||[]|||20|[]|osm:way/381225038
Жилой корпус монастыря миссионеров (XVIII в.)|монастырь|Зельвенский район||52.856197|24.613869|||[]|||30|[]|osm:way/381225039
Церковь Рождества Пресвятой Богородицы (1933)|архитектура|Зельвенский район||52.853876|24.615365|||[]|||20|[]|osm:way/381225040
Кладбище еврейское|архитектура|Зельвенский район||52.854256|24.616325|||[]|||20|[]|osm:way/381225041
Кладбище еврейское|архитектура|Свислочский район||52.854331|24.604738|||[]|||20|[]|osm:way/381225042
Церковь христиан веры евангельской «Фавор»|костёл|Сморгонский район||54.483540|26.908432|||[]|||20|[]|osm:way/381237654
Кладбище еврейское|архитектура|Свислочский район||52.943123|24.359851|||[]|||20|[]|osm:way/381239015
Храм апостолов Петра и Павла (1801)|архитектура|Волковысский район||52.983653|24.394556|||[]|||20|[]|osm:way/381239016
Костёл святого Иоанна Крестителя (1792)|замок|Волковысский район||53.008987|24.463797|||[]|||40|[]|osm:way/381246207
Костёл Христа Пантократора (1942)|архитектура|Волковысский район||53.046269|24.424715|||[]|||20|[]|osm:way/381246222
Часовня-усыпалница Толлочко (1906)|архитектура|Свислочский район||53.035371|24.273503|||[]|||20|[]|osm:way/381252657
Храм Воздвижения Креста Господня (1782)|архитектура|Свислочский район|Свіслач|53.039889|24.092156|||[]|||20|[]|osm:way/381315599
Костёл Святого Яна Крестителя (1932)|архитектура|Волковысский район|Мсцібава|53.113415|24.259311|||[]|||20|[]|osm:way/381430347
Усадебный дом (XIX в.)|замок|Волковысский район||53.252943|24.186453|||[]|||40|[]|osm:way/381453339
Часовня благоверного князя Александра Невского (XIX в.)|архитектура|Волковысский район||53.223062|24.164166|||[]|||20|[]|osm:way/381453340
Амбар (19в.)|замок|Берестовицкий район||53.197581|24.020972|||[]|||40|[]|osm:way/381461369
Костёл Святого Антония Падуанского (1863)|архитектура|Берестовицкий район|Малая Бераставіца|53.290997|23.932941|||[]|||20|[]|osm:way/381466072
Храм Успения Пресвятой Богородицы (1903)|архитектура|Берестовицкий район||53.299166|24.011967|||[]|||20|[]|osm:way/381471427
Храм святителя Николая Чудотворца (1898)|церковь|Мостовский район||53.323651|24.305944|||[]|||20|[]|osm:way/381484646
Крахмальный завод (1899)|замок|Мостовский район||53.329070|24.309405|||[]|||40|[]|osm:way/381484647
Усадебный дом Зверовичей имения «Немейки» (1856 г.)|замок|Мостовский район||53.349688|24.408923|||[]|||40|[]|osm:way/381501375
Часовня кладбищенская Святого Стефана (1903)|архитектура|Волковысский район||53.289077|24.392366|||[]|||20|[]|osm:way/381519867
Часовня кладбищенская (19в.)|костёл|Волковысский район||53.156917|24.471139|||[]|||20|[]|osm:way/381567301
Малый храм в честь Введения во храм Пресвятой Богородицы (2013)|церковь|Волковысский район||53.146987|24.460795|||[]|||20|[]|osm:way/381567302
Храм Святого великомученика Георгия Победоносца (1788)|архитектура|Зельвенский район||52.987407|24.858462|||[]|||20|[]|osm:way/381709171
Костёл Успения Пресвятой Девы Марии (1913)|архитектура|Зельвенский район|Дзярэчын|53.248976|24.923418|||[]|||20|[]|osm:way/381718203
Кладбище еврейское|архитектура|Зельвенский район||53.212030|25.035462|||[]|||20|[]|osm:way/381718207
Костёл Святого Архангела Михаила (1782)|архитектура|Зельвенский район||53.177459|25.034217|||[]|||20|[]|osm:way/381721751
Часовня кладбищенская (19в.)|церковь|Зельвенский район||53.136013|25.027479|||[]|||20|[]|osm:way/381722738
Усадебный дом (руины)|замок|Зельвенский район||53.135553|25.030960|||[]|||40|[]|osm:way/381722740
Церковь Святого Архангела Михаила|архитектура|Зельвенский район||53.123053|25.157569|||[]|||20|[]|osm:way/381726199
Храм преподобномученика Серафима Жировицкого (2002)|церковь|Зельвенский район|Слонім|53.083392|25.296744|||[]|||20|[]|osm:way/381757376
Костёл Матери Божьей (1938)|архитектура|Зельвенский район|Слонім|53.077443|25.393615|||[]|||20|[]|osm:way/381767493
Храм преподобномученика Афанасия Брестского (1933)|архитектура|Зельвенский район|Слонім|53.077816|25.392635|||[]|||20|[]|osm:way/381767494
Храм в честь иконы Божией Матери «Споручница грешных»|церковь|Зельвенский район|Слонім|53.083503|25.297122|||[]|||20|[]|osm:way/381785451
Храм святителя Николая Чудотворца (1880)|архитектура|Дятловский район||53.226850|25.560434|||[]|||20|[]|osm:way/381804996
Водяная мельница|архитектура|Дятловский район||53.223035|25.555539|||[]|||20|[]|osm:way/381815755
Часовня|церковь|Сморгонский район||54.504222|26.872386|||[]|||20|[]|osm:way/381820826
Храм Казанской иконы Божией Матери (1818)|архитектура|Зельвенский район|Вялікія Шылавічы|53.031928|25.376835|||[]|||20|[]|osm:way/381921316
Собор Успения Пресвятой Богородицы (1650)|архитектура|Зельвенский район||53.014817|25.344607|||[]|||20|[]|osm:way/381935601
Семинария (1710)|архитектура|Зельвенский район||53.015302|25.344930|||[]|||20|[]|osm:way/381935602
Жилой корпус (18в)|архитектура|Зельвенский район||53.014559|25.345036|||[]|||20|[]|osm:way/381935606
Храм великомученика Георгия Победоносца (1710)|архитектура|Зельвенский район||53.019323|25.340415|||[]|||20|[]|osm:way/381935607
Свято-Успенский ставропигиальный мужской монастырь (1470)|архитектура|Зельвенский район|Жыровічы|53.013195|25.347257|||[]|||20|[]|osm:way/381935608
Часовня|церковь|Зельвенский район||53.010503|25.355430|||[]|||20|[]|osm:way/381935612
Храм Преоброжения Господня (1869)|архитектура|Зельвенский район||52.946386|25.432977|||[]|||20|[]|osm:way/381938793
Храм Успения Пресвятой Богородицы (1654)|архитектура|Зельвенский район||52.881214|25.495977|||[]|||20|[]|osm:way/381949042
Колокольня|церковь|Зельвенский район||52.881500|25.496041|||[]|||20|[]|osm:way/381949043
Бровар|замок|Зельвенский район||52.898170|25.496734|||[]|||40|[]|osm:way/381949072
Дворец Бохвицей (1906)|замок|Дятловский район||53.027641|25.816394|||[]|||40|[]|osm:way/381959943
Конюшня|архитектура|Дятловский район||53.027081|25.815616|||[]|||20|[]|osm:way/381959944
Клуб аматараў верхавой язды|архитектура|Дятловский район||53.026412|25.817355|||[]|||20|[]|osm:way/381959952
Храм преподобного Антония Киево-Печерского (1817)|архитектура|Зельвенский район|Падгорная|52.983643|25.554866|||[]|||20|[]|osm:way/381959973
Колокольня|церковь|Зельвенский район||52.983463|25.554603|||[]|||20|[]|osm:way/381959974
Дворец Котлубаев|замок|Дятловский район||53.031237|25.959353|||[]|||40|[]|osm:way/381966665
Винодельня|архитектура|Дятловский район||53.030496|25.962540|||[]|||20|[]|osm:way/381966667
Храм Святителя Николая Чудотворца (1924)|церковь|Дятловский район||53.044230|25.956757|||[]|||20|[]|osm:way/381966668
Часовня мемориальная в честь боя при Миловидах|памятник|Дятловский район||52.882148|25.778170|||[]|||10|[]|osm:way/381970873
Церковь Святых апостолов Петра и Павла|архитектура|Дятловский район|Востраў|52.888097|25.976801|||[]|||20|[]|osm:way/381982867
Церковь Покрова Пресвятой Богородицы|архитектура|Дятловский район|Крывошын|52.872588|26.130620|||[]|||20|[]|osm:way/381995128
Усадебный парк Потоцких «Репихово»|архитектура|Дятловский район||52.854050|26.145701|||[]|||20|[]|osm:way/382004168
Винокурня|архитектура|Кореличский район||52.916983|26.408941|||[]|||20|[]|osm:way/382028434
Флигель|архитектура|Кореличский район||52.916739|26.410908|||[]|||20|[]|osm:way/382028436
Хозпостройка|архитектура|Кореличский район||52.913753|26.407756|||[]|||20|[]|osm:way/382028463
Храм святителя Николая Чудотворца (1995)|церковь|Кореличский район||52.962281|26.461902|||[]|||20|[]|osm:way/382062762
Амбар Т-образный|архитектура|Кореличский район||52.962036|26.546185|||[]|||20|[]|osm:way/382062764
Усадебный дом Еленских|замок|Кореличский район||52.961478|26.544109|||[]|||40|[]|osm:way/382062766
Церковь Святых апостолов Петра и Павла|архитектура|Кореличский район|Галынка|52.898117|26.531908|||[]|||20|[]|osm:way/382062775
Руины амбара-голубятни|замок|Кореличский район||52.887589|26.550598|||[]|||40|[]|osm:way/382062778
Храм равноапостолного князя Владимира|церковь|Кореличский район||52.768146|26.526369|||[]|||20|[]|osm:way/382068233
Загінуўшых чакаюць вечна…|памятник|Сморгонский район||54.074181|26.781050|||[]|||10|[]|osm:way/382069181
Выставочный зал им. Никодима Силивановича|музей|Сморгонский район||54.495284|26.917400|||[]|Mo-Fr 09:00-17:00||40|[]|osm:way/382322236
Путь Жизни|костёл|Сморгонский район|Турэц-Баяры|54.381702|26.657663|||[]|||20|[]|osm:way/383591860
Часовня|костёл|Островецкий район||54.725037|26.000296|||[]|||20|[]|osm:way/385554523
Мемориал польским солдатам погибшим в 1919-1921гг|памятник|Островецкий район||54.724949|26.000988|||[]|||10|[]|osm:way/385554524
Коптильня (начало XX в.)|замок|Кореличский район||53.652779|26.171377|||[]|||40|[]|osm:way/385564374
Часовня Св. Николая Чудотворца|церковь|Сморгонский район|Каралеўцы|54.638085|26.777143|||[]|||20|[]|osm:way/386507899
Часовенка кладбищенская|архитектура|Сморгонский район||54.661116|26.762531|||[]|||20|[]|osm:way/386515543
Царква Св. Ганны (2013)|церковь|Сморгонский район||54.714478|26.639806|||[]|||20|[]|osm:way/386556748
Капліцка Гурыновічаў|памятник|Сморгонский район||54.692646|26.672055|||[]|||10|[]|osm:way/386560903
Хрысціянская царква|костёл|Сморгонский район||54.370016|26.870271|||[]|||20|[]|osm:way/386867923
Историко-краеведческий музей|музей|Новогрудский район||53.598707|25.823809|||[]|||40|[]|osm:way/387516837
дом шляхтича Ракицкого|замок|Ивьевский район||54.221121|26.101746|||[]|||40|[]|osm:way/388264636
Мемарыял 1 Сусветнай вайны «Рускае Сяло»|памятник|Сморгонский район||54.547455|26.648270|||[]|||10|[]|osm:way/388308064
Костёл Святой Троицы (1758)|архитектура|Щучинский район|Ішчална|53.665189|24.877016|||[]|||20|[]|osm:way/389757002
Костёл Пресвятой Девы Марии|архитектура|Дятловский район||52.831614|26.093735|||[]|||20|[]|osm:way/391265982
Костёл Воздвижения Креста Господня|архитектура|Щучинский район|Першамайск|53.910093|24.646209|||[]|||20|[]|osm:way/391937261
Преображение|костёл|Новогрудский район||53.324493|26.010804|||[]|||20|[]|osm:way/392122402
Церковь святого Георгия|церковь|Зельвенский район||53.166403|25.273789|||[]|||20|[]|osm:way/393274809
Купель-капліца|церковь|Сморгонский район||54.426196|26.845738|||[]|||20|[]|osm:way/396428405
Часовня княгини Ольги (2008)|церковь|Зельвенский район||53.012146|25.325919|||[]|||20|[]|osm:way/397461448
Купель|церковь|Зельвенский район||53.010839|25.355141|||[]|||20|[]|osm:way/397466557
Купель Животворящего Креста Господня|костёл|Новогрудский район||53.716347|25.796996|||[]|||20|[]|osm:way/397779513
Церковь Святого Николая|церковь|Зельвенский район||53.072987|25.009912|||[]|||20|[]|osm:way/398333143
Серафимовская церковь|церковь|Гродненский район|Абухава|53.609394|24.083202|||[]|||20|[]|osm:way/398415773
Тугановичский парк|архитектура|Кореличский район||53.377667|26.135700|||[]|||20|[]|osm:way/398775545
Костел Успения Пресвятой Девы Марии и Святого Андрея Боболи|костёл|Гродненский район|Казловічы|53.674325|24.028537|||[]|||20|[]|osm:way/399146216
Усадебный дом Керсновских|замок|Вороновский район||54.239321|25.371509|||[]|||40|[]|osm:way/403459873
Храм Воздвижения Креста Господня|архитектура|Зельвенский район||53.065545|25.044308|||[]|||20|[]|osm:way/405655606
Церковь Преображения Господня (1847)|архитектура|Берестовицкий район||53.573449|24.040131|||[]|||20|[]|osm:way/408356016
Церковь Святых Бориса и Глеба (1791)|архитектура|Дятловский район||53.490770|25.219175|||[]|||20|[]|osm:way/408441025
Церковь Святого Архангела Михаила|архитектура|Зельвенский район||53.240858|25.036725|||[]|||20|[]|osm:way/408642062
Водяная мельница 19в.|архитектура|Зельвенский район||53.217317|25.037591|||[]|||20|[]|osm:way/408655868
Церковь святого Антония (1893)|архитектура|Зельвенский район||53.018247|24.744702|||[]|||20|[]|osm:way/408668532
Колонны портика студенческого дома (руины)|замок|Ивьевский район||54.129091|25.762996|||[]|||40|[]|osm:way/408876080
Церковь Рождества Пресвятой Богородицы|архитектура|Сморгонский район|Куранец|54.556499|26.968238|||[]|||20|[]|osm:way/409058771
Часовня-усыпальница святой Семьи|архитектура|Новогрудский район||53.752224|25.901493|||[]|||20|[]|osm:way/409122349
Церковь Святых Апостолов Петра и Павла|архитектура|Новогрудский район||53.763840|25.902400|||[]|||20|[]|osm:way/409128135
Усадебный дом Брохоцких|замок|Новогрудский район||53.756380|25.904502|||[]|||40|[]|osm:way/409128137
Немецкое военное кладбище времён 1 мировой войны|архитектура|Сморгонский район||54.762509|26.603053|||[]|||20|[]|osm:way/409230328
Братская могила|памятник|Новогрудский район||53.322230|26.002475|||[]|||10|[]|osm:way/409563179
Царква евангельскіх хрысціян-баптыстаў|костёл|Новогрудский район||53.326507|26.003206|||[]|||20|[]|osm:way/409563182
Абарончая пабудова 1-ай Сусветнай вайны|архитектура|Сморгонский район||54.797702|26.645634|||[]|||20|[]|osm:way/412720246
Траецкі Касцёл|костёл|Сморгонский район||54.191952|26.441214|||[]|||20|[]|osm:way/420812338
Дворцово-парковый комплекс Воловичей|архитектура|Гродненский район||53.795554|23.662448|||[]|||20|[]|osm:way/423458416
Дом Милосердия|костёл|Щучинский район|Аляксандраўка|53.799617|24.816908|||[]|||20|[]|osm:way/423551242
Часовня-усыпальница Юлии Дзеконской (1868)|архитектура|Гродненский район|Сапоцкін|53.827527|23.638843|||[]|||20|[]|osm:way/424087887
Часовня-усыпальница Юзефа Гурского (1893)|архитектура|Гродненский район|Сапоцкін|53.827585|23.638965|||[]|||20|[]|osm:way/424087888
Церковь св. Анны|костёл|Кореличский район||53.180898|26.469969|||[]|||20|[]|osm:way/425952140
Церковь христиан веры Евангельской|костёл|Кореличский район|Нясвіж|53.210325|26.694133|||[]|||20|[]|osm:way/429091930
Костёл Божьего Тела|архитектура|Кореличский район||53.199494|26.161250|||[]|||20|[]|osm:way/431513166
Водяная мельница 1819 г (руины)|замок|Кореличский район||53.344698|26.268035|||[]|||40|[]|osm:way/431566222
Храм Воскресения Христова|церковь|Кореличский район||53.493593|26.742717|||[]|||20|[]|osm:way/433853467
Партизанская деревня - выставочный комплекс|музей|Гродненский район||53.601415|23.732750|||[]|||40|[]|osm:way/434973027
Водяная мельница (XIX в.)|архитектура|Ивьевский район||53.932088|25.776977|||[]|||20|[]|osm:way/435122383
Костёл Посещения Пресвятой Девы Марии|архитектура|Берестовицкий район||53.192746|24.019342|||[]|||20|[]|osm:way/438850118
Колокольня|церковь|Зельвенский район||52.968946|25.085859|||[]|||20|[]|osm:way/439497630
Церковь Преподобной Марии Египетской (1865 г.)|архитектура|Сморгонский район|Вілейка|54.488120|26.916139|||[]|||20|[]|osm:way/441056357
Бровар|архитектура|Ивьевский район||54.186011|26.010513|||[]|||20|[]|osm:way/450229861
Спиртоприемник|архитектура|Ивьевский район||54.186122|26.010155|||[]|||20|[]|osm:way/450229862
Часовня Святого Яна|костёл|Островецкий район||54.794442|25.856734|||[]|||20|[]|osm:way/450235906
Часовня|церковь|Кореличский район||53.039956|26.258501|||[]|||20|[]|osm:way/453787464
Мечеть|храм|Кореличский район||53.062572|26.626959|||[]|||20|[]|osm:way/454998358
Свет народам|костёл|Кореличский район||53.063330|26.645490|||[]|||20|[]|osm:way/454998800
Церковь Христиан Веры Евангельской Примирение|костёл|Кореличский район||53.044597|26.264281|||[]|||20|[]|osm:way/455591021
Часовня придорожная (предполож. XIX в.)|архитектура|Островецкий район||54.536336|26.145011|||[]|||20|[]|osm:way/455777724
Часовня в честь святой Семьи|костёл|Зельвенский район||53.179153|24.932077|||[]|||20|[]|osm:way/458480477
Храм великомученика Георгия Победоносца|костёл|Берестовицкий район||53.600843|24.212591|||[]|||20|[]|osm:way/460423281
Храм в честь Рождества Пресвятой Богородицы|церковь|Мостовский район||53.323322|24.692840|||[]|||20|[]|osm:way/461139347
Амбар|архитектура|Мостовский район||53.509085|24.584581|||[]|||20|[]|osm:way/463216367
Возрождение|костёл|Кореличский район||53.088986|26.450681|||[]|||20|[]|osm:way/463225023
Церковь Покрова Пресвятой Богородицы|архитектура|Мостовский район||53.327417|24.543355|||[]|||20|[]|osm:way/464715133
Городище «Замок»|архитектура|Кореличский район||53.421277|26.992585|||[]|||20|[]|osm:way/465415625
историческое место православного храма|костёл|Кореличский район||53.403117|26.985675|||[]|||20|[]|osm:way/465419278
Часовня Девы Марии Ангельской|архитектура|Лидский район||53.756690|25.293007|||[]|||20|[]|osm:way/465755606
Дом Шимона Переса|архитектура|Ивьевский район||54.139631|26.218414|||[]|||20|[]|osm:way/468520784
Церковь св. Ильи (1876)|архитектура|Ивьевский район||54.183829|26.012953|||[]|||20|[]|osm:way/468525874
Храм святых мучеников Антония, Иоанна и Евстафия Виленских|архитектура|Сморгонский район||54.487238|26.376661|||[]|||20|[]|osm:way/471505720
Бывшая ШПУ № 1|замок|Сморгонский район||54.434111|26.306933|||[]|||40|[]|osm:way/471557229
Здание бывшей психиатрической больницы|архитектура|Сморгонский район||54.620796|26.443249|||[]|||20|[]|osm:way/477123288
Церковь Св. Апостола Иоанна Богослова|церковь|Свислочский район|Mostowlany|53.065320|23.879186|||[]|||20|[]|osm:way/477187273
Церковь Святых Космы и Дамиана|церковь|Свислочский район||53.065002|23.877911|||[]|||20|[]|osm:way/477187274
Бывшее хранилище баллистических ракет|замок|Сморгонский район||54.441006|26.305947|||[]|||40|[]|osm:way/481614889
Часовня Св. Иосифа|архитектура|Кореличский район||53.802551|26.747470|||[]|||20|[]|osm:way/489917032
Немецкое военное кладбище времен 1-й Мировой войны|архитектура|Ивьевский район||54.165772|26.149348|||[]|||20|[]|osm:way/489927887
Усадебный дом|замок|Кореличский район||53.875657|26.969353|||[]|||40|[]|osm:way/489938136
Водяная мельница|архитектура|Кореличский район||53.866484|26.967754|||[]|||20|[]|osm:way/489938340
Костёл Непорочного Зачатия Пресвятой Девы Марии|костёл|Кореличский район||52.987400|26.360549|||[]|||20|[]|osm:way/491447303
Часовня католическая|архитектура|Кореличский район||53.696486|26.557381|||[]|||20|[]|osm:way/491455387
Усадебный дом (руины)|замок|Кореличский район||53.884771|26.734855|||[]|||40|[]|osm:way/491666659
Центр ремёсел|музей|Кореличский район||53.884497|26.735210|||[]|||40|[]|osm:way/491666660
Усадебный дом Блавдевичей «Кашубинцы»|замок|Берестовицкий район||53.611195|24.210579|||[]|||40|[]|osm:way/492075062
Фундамент княжеского дворца|замок|Новогрудский район||53.601527|25.828441|||[]|||40|[]|osm:way/492606418
Часовня Божей Матери Ангельской (бывший усадебный дом)|замок|Лидский район||53.985509|25.123492|||[]|||40|[]|osm:way/493312521
Селище|архитектура|Сморгонский район||54.571798|26.597959|||[]|||20|[]|osm:way/494512406
Каплица|костёл|Ивьевский район||53.938686|26.190342|||[]|||20|[]|osm:way/496006290
Костёл Святого Иоанна Крестителя|костёл|Сморгонский район|Аславяняты|54.461185|26.268839|||[]|||20|[]|osm:way/496766150
Церковь святых Виленских мучеников|церковь|Гродненский район||53.615144|23.806647|||[]|||20|[]|osm:way/497639467
Часовня-усыпальница Жабровских|архитектура|Кореличский район||53.973891|26.856638|||[]|||20|[]|osm:way/506947832
Храм В Честь Успения Пресвятой Богородицы 1861Г.|церковь|Дятловский район||53.234843|25.710306|||[]|||20|[]|osm:way/507058336
Курган Бессмертия|памятник|Лидский район||53.892336|25.315252|||[]|||10|[]|osm:way/507365359
Костёл Матери Божией Милосердия|архитектура|Гродненский район||53.487603|23.710906|||[]|||20|[]|osm:way/508426620
Часовня Святой Анны|архитектура|Берестовицкий район||53.386314|23.844799|||[]|||20|[]|osm:way/508451028
Костёл Воздвижения Креста Господня -1795)|архитектура|Берестовицкий район||53.326969|23.819868|||[]|||20|[]|osm:way/508463481
Опорный пункт № 8 Гродненской крепости|замок|Гродненский район||53.624437|23.658246|||[]|||40|[]|osm:way/508960306
ДОТ|замок|Гродненский район||53.775641|23.583633|||[]|||40|[]|osm:way/509260565
ДОТ|замок|Гродненский район||53.794500|23.556385|||[]|||40|[]|osm:way/509260566
ДОТ|замок|Гродненский район||53.795782|23.571064|||[]|||40|[]|osm:way/509593735
ДОТ|замок|Гродненский район||53.814570|23.591740|||[]|||40|[]|osm:way/509605445
Деревянная католическая часовня (>1900г.)|архитектура|Островецкий район||54.589088|25.824219|||[]|||20|[]|osm:way/510209717
Православный храм св. Праведной девы Иулиании Ольшанской|церковь|Гродненский район||53.815622|23.861296|||[]|||20|[]|osm:way/510767336
Храм в честь преподнобномученика Афанасия Брестского|церковь|Гродненский район||53.755682|23.835157|||[]|||20|[]|osm:way/511078009
Храм в честь явления иконы Божией Матери «Жировичская»|церковь|Гродненский район||53.755919|23.835149|||[]|||20|[]|osm:way/511078010
Храм Святого Архангела Михаила (1993г)|церковь|Свислочский район||52.828251|24.353048|||[]|||20|[]|osm:way/511150151
Церковь кладбищенская Свв. Бориса и Глеба|церковь|Берестовицкий район||53.323113|23.766524|||[]|||20|[]|osm:way/512595183
Конюшня-каретная|архитектура|Островецкий район||54.754045|25.887388|||[]|||20|[]|osm:way/512947327
Усадебный дом|замок|Островецкий район||54.754209|25.886061|||[]|||40|[]|osm:way/512947328
Флигель|архитектура|Островецкий район||54.754469|25.886653|||[]|||20|[]|osm:way/512947330
Часовня Святого Духа|костёл|Гродненский район||53.619193|23.796467|||[]|||20|[]|osm:way/514983339
Домовая церковь преп. Амвросия Оптинского|церковь|Зельвенский район||52.982371|25.401430|||[]|||20|[]|osm:way/517409647
Женский скит в честь преп. Амвросия Оптинского (2005)|архитектура|Зельвенский район||52.982438|25.401472|||[]|||20|[]|osm:way/517409650
Церковь Рождества Пресвятой Богородицы|архитектура|Лидский район||53.701678|25.105743|||[]|||20|[]|osm:way/519335437
Водяная мельница|архитектура|Сморгонский район||54.162907|26.920090|||[]|||20|[]|osm:way/522484912
Храм целителя Пантелеймона|церковь|Кореличский район||53.199222|26.155614|||[]|||20|[]|osm:way/525000393
Часовня|архитектура|Зельвенский район||53.211832|24.912473|||[]|||20|[]|osm:way/525626657
Костёл Божьей Матери Ченстоховской|костёл|Свислочский район||52.902185|24.288757|||[]|||20|[]|osm:way/527148593
Храм Во Имя Св. Равноапостольного Князя Владимира|церковь|Зельвенский район||52.809329|24.925863|||[]|||20|[]|osm:way/527768476
Костел Святого Антония Падуанского|замок|Свислочский район|Jałówka|53.006470|23.912206|||[]|||40|[]|osm:way/528548990
Водяная мельница|музей|Кореличский район||53.740484|26.878483|||[]||yes|40|[]|osm:way/531021173
Усадебный дом «Козелловы-Медники»|замок|Островецкий район||54.561782|25.752884|||[]|||40|[]|osm:way/531689793
Амбар|архитектура|Щучинский район|Вялікае Мажэйкава|53.682679|24.936471|||[]|||20|[]|osm:way/534517751
Лямус|архитектура|Щучинский район|Вялікае Мажэйкава|53.682439|24.936656|||[]|||20|[]|osm:way/534517755
Руины брамы|замок|Щучинский район||53.683667|24.934272|||[]|||40|[]|osm:way/534517758
Ледовня|архитектура|Щучинский район||53.682824|24.936878|||[]|||20|[]|osm:way/534518414
Сторожка|архитектура|Щучинский район||53.683892|24.933789|||[]|||20|[]|osm:way/534519199
Флигель|архитектура|Щучинский район||53.684177|24.934835|||[]|||20|[]|osm:way/534520209
Былая адміністрацыя гміны|архитектура|Мостовский район|Каменка|53.555847|24.505359|||[]|||20|[]|osm:way/534622713
Церковь Воздвижения Креста Господня|церковь|Зельвенский район||53.067385|24.963897|||[]|||20|[]|osm:way/535215639
Швейцарская долина|архитектура|Гродненский район||53.683929|23.831205|||[]|||20|[]|osm:way/535758104
Амбар|архитектура|Кореличский район||53.242260|26.505995|||[]|||20|[]|osm:way/539805746
Флигель|архитектура|Кореличский район||53.241908|26.504832|||[]|||20|[]|osm:way/539805747
Шлюз «Кужинец»|архитектура|Гродненский район||53.860332|23.528947|||[]|||20|[]|osm:way/543469527
Храм Архангела Михаила|архитектура|Кореличский район||53.489612|26.544957|||[]|||20|[]|osm:way/549884241
Церковь Покрова Пресвятой Богородицы|церковь|Кореличский район||53.404021|26.488578|||[]|||20|[]|osm:way/549884535
Часовня|костёл|Сморгонский район||54.037356|26.994942|||[]|||20|[]|osm:way/550067183
Церковь Божией Матери Казанской|архитектура|Кореличский район||53.561783|26.511321|||[]|||20|[]|osm:way/550147681
Водяная мельница|замок|Кореличский район||53.537654|26.576853|||[]|||40|[]|osm:way/550147712
Усадьба Замойских|замок|Ивьевский район||53.918513|25.802655|||[]|||40|[]|osm:way/551652212
Храм Параскевы Пятницы|архитектура|Зельвенский район||52.985155|24.666366|||[]|||20|[]|osm:way/551874952
Оранжерея|архитектура|Зельвенский район||52.976618|24.621064|||[]|||20|[]|osm:way/551890072
Бывшая плебания|архитектура|Свислочский район||52.937401|24.368352|||[]|||20|[]|osm:way/551923304
Часовня|костёл|Свислочский район||52.931815|24.359868|||[]|||20|[]|osm:way/551926984
Водяная мельница|архитектура|Зельвенский район||53.202028|25.027168|||[]|||20|[]|osm:way/554432761
Источник Жизни|костёл|Дятловский район||53.311997|25.702626|||[]|||20|[]|osm:way/559080661
Мемориальный комплекс Шауличи|памятник|Волковысский район||53.211302|24.551019|||[]|||10|[]|osm:way/559757984
Церковь Троицкая|церковь|Дятловский район||53.373436|25.767198|||[]|||20|[]|osm:way/559758202
Церковь Рождества Иоанна Предтечи (1852)|церковь|Кореличский район||53.348409|26.686789|||[]|||20|[]|osm:way/560745204
Дворцово-парковый комплекс Хрептовичей|замок|Кореличский район||53.656280|26.167962|||[]|||40|[]|osm:way/562575029
Дворец Хрептовичей /сохраненные подвалы/|замок|Кореличский район||53.654083|26.171041|||[]|||40|[]|osm:way/562575031
Хоздвор «Мурованка Хрептовичей»|замок|Кореличский район||53.659534|26.155693|||[]|||40|[]|osm:way/562876341
Новый парк|архитектура|Кореличский район||53.295204|26.233761|||[]|||20|[]|osm:way/565478876
Костёл Иоанна Павла II|костёл|Дятловский район||53.101483|25.990980|||[]|||20|[]|osm:way/566729009
Костел Девы Марии|архитектура|Дятловский район|Палонка|53.146458|25.712850|||[]|||20|[]|osm:way/570295099
Церковь Святого Николая Чудотворца|церковь|Дятловский район|Палонка|53.147472|25.712480|||[]|||20|[]|osm:way/570295101
Храм Святой Живоначальной Троицы|церковь|Зельвенский район||53.353503|24.876726|||[]|||20|[]|osm:way/570967698
Костёл Святого Иосифа (1936)|архитектура|Дятловский район||53.404333|25.107042|||[]|||20|[]|osm:way/571659928
Храм Святого Архангела Михаила|церковь|Дятловский район||53.402443|25.108073|||[]|||20|[]|osm:way/571659930
Зеленый мост|замок|Дятловский район||53.148629|26.021104|||[]|||40|[]|osm:way/572673939
Храм Преображения Господня|архитектура|Новогрудский район|Райца|53.467833|26.024279|||[]|||20|[]|osm:way/573185732
Костёл Святых Апостолов Петра и Павла|архитектура|Кореличский район||52.940196|26.302669|||[]|||20|[]|osm:way/573566923
Амбар|архитектура|Кореличский район||52.940144|26.301089|||[]|||20|[]|osm:way/573566925
Часовня|архитектура|Кореличский район||52.935759|26.303036|||[]|||20|[]|osm:way/573566927
Костел Матери Божией Фатимской|костёл|Дятловский район||53.150053|25.998910|||[]|||20|[]|osm:way/576787245
Приусадебный парк при бывшей усадьбе Обуховичей|архитектура|Кореличский район||52.777604|26.623768|||[]|||20|[]|osm:way/576831783
Церковь святого мученика Иоанна Воина|церковь|Зельвенский район||53.080601|25.324045|||[]|||20|[]|osm:way/579383172
Амбар (1842)|архитектура|Дятловский район||53.399284|25.571716|||[]|||20|[]|osm:way/582303793
Плебань|костёл|Кореличский район||53.346201|26.256608|||[]|||20|[]|osm:way/583297580
Пилотаж|архитектура|Лидский район||53.896476|25.290239|||[]|||20|[]|osm:way/583634122
Церковь Казанской иконы Богоматери|церковь|Дятловский район||52.979897|25.769885|||[]|||20|[]|osm:way/585945623
Вероятное местоположение старой усадьбы|архитектура|Кореличский район||53.841879|26.806116|||[]|||20|[]|osm:way/586333901
Будынак ГЭС|замок|Кореличский район||53.641569|26.230828|||[]|||40|[]|osm:way/586418903
Благодать|костёл|Зельвенский район||52.944611|25.604192|||[]|||20|[]|osm:way/586664179
Ворота|костёл|Дятловский район||53.363864|25.821516|||[]|||20|[]|osm:way/586670068
Церковь Покровская|церковь|Новогрудский район||53.363851|25.821896|||[]|||20|[]|osm:way/586670069
Церковь Св. Георгия|церковь|Кореличский район||53.162560|26.301945|||[]|||20|[]|osm:way/588149488
Часовня-усыпальница Солтанов|архитектура|Кореличский район||53.041669|26.251873|||[]|||20|[]|osm:way/588651606
Запольский замок|музей|Кореличский район||53.740082|26.878377|||[]||yes|40|[]|osm:way/589618546
Троицкий костел|костёл|Кореличский район||53.215927|26.213013|||[]|||20|[]|osm:way/589633943
Источник жизни|костёл|Дятловский район||53.292564|25.753386|||[]|||20|[]|osm:way/590597895
Галоўны вытворчы корпус піваварнага завода|архитектура|Лидский район|Ліда|53.896347|25.304034|||[]|||20|[]|osm:way/591533366
Флигель|замок|Дятловский район||53.027090|25.817290|||[]|||40|[]|osm:way/592594546
Коленопреклонённый воин|памятник|Сморгонский район||54.313892|26.705450|||[]|||10|[]|osm:way/594352224
Покровская церковь|костёл|Кореличский район||53.074440|26.638427|||[]|||20|[]|osm:way/597286935
Храм во имя Св. Великомученика Георгия Победоносца 1863Г.|церковь|Зельвенский район||53.013902|25.099743|||[]|||20|[]|osm:way/598032947
Польская школа|архитектура|Кореличский район||53.141262|26.347541|||[]|||20|[]|osm:way/603842084
Винокурня|архитектура|Сморгонский район|Жодзішкі|54.619380|26.446990|||[]|||20|[]|osm:way/604746639
Часовня Иоанна Предтечи Крестителя Господня 1870г.|церковь|Сморгонский район||54.360071|26.505251|||[]|||20|[]|osm:way/605002654
Церковь иконы Богоматери «Всех скорбящих Радость»|церковь|Сморгонский район||54.396431|26.449385|||[]|||20|[]|osm:way/605844833
Доска почета Вороновского района|архитектура|Вороновский район||54.151868|25.318478|||[]|||20|[]|osm:way/609474243
Водяная мельница (XIX в.)|архитектура|Дятловский район||53.440644|25.734627|||[]|||20|[]|osm:way/609806161
Бункер-77|архитектура|Щучинский район||53.576946|24.725072|||[]|||20|[]|osm:way/611214237
Музей холодной войны Бункер-77|музей|Щучинский район||53.577395|24.724405|||[]|Sa-Su 10:00-16:00||40|[]|osm:way/611214240
Церковь святой праведной Софии княгини Слуцкой|церковь|Мостовский район||53.391519|24.536945|||[]|||20|[]|osm:way/614020180
Церковь Святых Апостолов Петра и Павла|архитектура|Кореличский район||53.535619|26.417333|||[]|||20|[]|osm:way/614941583
Часовня придорожная|костёл|Новогрудский район||53.331549|25.998912|||[]|||20|[]|osm:way/615299390
Купель|церковь|Зельвенский район||53.012076|25.325911|||[]|||20|[]|osm:way/616354623
Лебединый остров|архитектура|Сморгонский район||54.418840|26.522412|||[]|||20|[]|osm:way/616568799
Усадьба: альтанка «Храм Амелии» (XIXв., восст. во 2-ой пол. XXв.)|архитектура|Сморгонский район||54.420868|26.521043|||[]|||20|[]|osm:way/616568803
Синагога (1900 г.)|архитектура|Щучинский район||53.814584|24.560899|||[]|||20|[]|osm:way/616872150
Часовня Святого Юрия|архитектура|Щучинский район||53.817594|24.554019|||[]|||20|[]|osm:way/616872194
Костёл Успения Пресвятой Девы Марии|архитектура|Щучинский район||53.816245|24.556237|||[]|||20|[]|osm:way/616872203
Часовня Успения Пресвятой Девы Марии|архитектура|Берестовицкий район||53.358925|24.006111|||[]|||20|[]|osm:way/618064782
Усадебный дом Биспингов|замок|Берестовицкий район||53.357743|24.009745|||[]|||40|[]|osm:way/618064815
Часовня Святых Апостолов Петра и Павла|архитектура|Гродненский район|Гродна|53.662120|23.792849|||[]|||20|[]|osm:way/619574268
Костёл Пресвятой Девы Марии Остробрамской Матери Милосердия|костёл|Гродненский район||53.662456|23.793054|||[]|||20|[]|osm:way/619574274
Храм в честь Святой великомученицы Екатерины|церковь|Зельвенский район||52.834628|25.481118|||[]|||20|[]|osm:way/625377729
Костел Святого Архангела Михаила|архитектура|Лидский район||53.708679|25.230817|||[]|||20|[]|osm:way/625837962
Церковь Успения Пресвятой Богородицы|архитектура|Кореличский район||53.452056|26.736359|||[]|||20|[]|osm:way/626184757
Костёл Святых Апостолов Петра и Павла|архитектура|Кореличский район||53.450959|26.736375|||[]|||20|[]|osm:way/626184759
Памятник жителям д. Городок, погибшим от нацистских захватчиков|памятник|Сморгонский район||54.161447|26.948228|||[]|||10|[]|osm:way/626668232
Храм Во Имя Св. Праведной Анны 1845Г.|церковь|Зельвенский район||52.752134|25.423347|||[]|||20|[]|osm:way/628561661
Храм Святой Троицы (1826г.)|церковь|Кореличский район||53.193778|26.812499|||[]|||20|[]|osm:way/633264116
Часовня Святого Иосифа Ремесленника|архитектура|Кореличский район||53.164341|26.826888|||[]|||20|[]|osm:way/633294351
Церковь Святого Иоанна Предтечи|церковь|Кореличский район||53.097457|26.729891|||[]|||20|[]|osm:way/634852187
Колокольня|архитектура|Дятловский район||53.302368|25.331673|||[]|||20|[]|osm:way/637146681
Костёл Святого Сердца Иисуса (1822)|архитектура|Дятловский район||53.302602|25.331803|||[]|||20|[]|osm:way/637146684
Храм Рождества Христова|церковь|Дятловский район||53.262718|25.285783|||[]|||20|[]|osm:way/637545459
Парк Массоляны|архитектура|Берестовицкий район||53.356801|24.009503|||[]|||20|[]|osm:way/637832924
Купель|церковь|Ивьевский район||53.931629|25.776741|||[]|||20|[]|osm:way/638818993
Часовня|церковь|Новогрудский район||53.843439|25.810696|||[]|||20|[]|osm:way/653783387
Усадебный дом|замок|Зельвенский район||53.073908|24.794877|||[]|||40|[]|osm:way/656647850
Царква Св. Серафіма Сароўскага|церковь|Кореличский район||53.362347|26.114847|||[]|||20|[]|osm:way/666315700
Часовня православная|церковь|Кореличский район||53.355974|26.261436|||[]|||20|[]|osm:way/666315707
Храм  воздвижения Креста Господня|церковь|Кореличский район||53.025842|26.716033|||[]|||20|[]|osm:way/669357791
Церковь Святых Апостолов Петра и Павла|архитектура|Кореличский район||53.415374|26.318676|||[]|||20|[]|osm:way/669839751
Часовня-надмогильные Карповичей|архитектура|Новогрудский район||53.475056|25.876188|||[]|||20|[]|osm:way/670049760
Костел Матери Божией Остробрамской|костёл|Дятловский район||53.126766|25.802540|||[]|||20|[]|osm:way/671243983
Усадебный дом (нач. XX в.)|замок|Островецкий район||54.584364|25.975808|||[]|||40|[]|osm:way/671578329
Часовня Святой Анны (1810)|архитектура|Ошмянский район||54.484361|25.940089|||[]|||20|[]|osm:way/671617079
Костёл Богоматери Ченстоховской|костёл|Щучинский район||53.545112|25.108526|||[]|||20|[]|osm:way/675949050
Усадьба Трубецких|замок|Дятловский район||53.638853|25.310216|||[]|||40|[]|osm:way/678349716
Часовня|церковь|Новогрудский район||53.759340|26.031431|||[]|||20|[]|osm:way/678752968
Остатки церкви Святой Троицы|замок|Кореличский район||53.523350|26.168984|||[]|||40|[]|osm:way/678891679
Церковь св. Николая|церковь|Кореличский район||53.943875|26.853459|||[]|||20|[]|osm:way/682030819
Плебания|архитектура|Вороновский район||54.078040|25.216627|||[]|||20|[]|osm:way/682134856
Церковь Преображения Господня|архитектура|Сморгонский район||54.050705|26.609866|||[]|||20|[]|osm:way/685318461
Крестовоздвиженская церковь|костёл|Новогрудский район||53.784430|25.979410|||[]|||20|[]|osm:way/685843260
Часовня на месте дома священника|церковь|Дятловский район||53.265383|25.891274|||[]|||20|[]|osm:way/685964991
Каменный канал (остатки)|архитектура|Ошмянский район||54.419239|26.062683|||[]|||20|[]|osm:way/686258337
Церковь Святой Параскевы Пятницы|архитектура|Щучинский район||53.859924|24.396341|||[]|||20|[]|osm:way/686487319
Костёл парафии Св. Яна Павла II|костёл|Сморгонский район|Смаргонь|54.490464|26.372015|||[]|||20|[]|osm:way/686496316
Костёл Пресвятой Троицы (1993)|костёл|Дятловский район||53.440766|25.719853|||[]|||20|[]|osm:way/688444169
Руины часовни|замок|Кореличский район||52.887909|26.550704|||[]|||40|[]|osm:way/688749987
Месца былога маёнтку Скарбец (былы палац 1897 г.)|архитектура|Зельвенский район||52.996735|24.665221|||[]|||20|[]|osm:way/689466808
Церковь Святителя Николая Чудотворца|костёл|Сморгонский район||54.325251|26.703059|||[]|||20|[]|osm:way/690021284
Усадебный дом Слизней|замок|Кореличский район||53.305564|26.160181|||[]|||40|[]|osm:way/690928590
Храм Августовской иконы Божией Матери|церковь|Гродненский район||53.671709|23.737290|||[]|||20|[]|osm:way/693964669
Усадебный дом|замок|Лидский район||53.804200|25.000250|||[]|||40|[]|osm:way/694636662
Мемориал сожженным деревням|памятник|Кореличский район||53.343735|26.915440|||[]|||10|[]|osm:way/698090278
Церковь Евфросиньи Полоцкой|костёл|Дятловский район|Сялец|53.668878|25.428919|||[]|||20|[]|osm:way/699835982
Часовня-усыпальница Барановичей|архитектура|Ивьевский район||54.247145|26.001717|||[]|||20|[]|osm:way/701716512
Костёл Святого Апостола Иакова|архитектура|Ошмянский район||54.537793|25.764705|||[]|||20|[]|osm:way/701871372
Костёл Пресвятой Девы Марии|архитектура|Ошмянский район||54.456780|25.784866|||[]|||20|[]|osm:way/701877028
Винодельня|архитектура|Дятловский район||52.894597|25.992633|||[]|||20|[]|osm:way/703940726
Часовня придорожная|архитектура|Ивьевский район||54.253556|26.019819|||[]|||20|[]|osm:way/704393831
Дворец (руины)|замок|Ошмянский район||54.503487|25.769267|||[]|||40|[]|osm:way/704880446
Храм в память об усекновении главы Св. Иоанна Предтечи|архитектура|Зельвенский район||52.859328|25.238976|||[]|||20|[]|osm:way/707306832
Церковь Святого Николая|архитектура|Щучинский район||53.797752|24.491166|||[]|||20|[]|osm:way/708286603
Танк Т-34|памятник|Гродненский район||53.675819|23.828941|||[]|||10|[]|osm:way/710563846
Усадьба Падарэвских|замок|Кореличский район||52.758823|26.454044|||[]|||40|[]|osm:way/713784262
Усадебный дом Костровицких|замок|Щучинский район||53.710635|24.820529|||[]|||40|[]|osm:way/715565287
Часовня-усыпальница «Святая фамилия»|архитектура|Кореличский район||53.744228|26.879275|||[]|||20|[]|osm:way/717953784
Часовня придорожная|костёл|Кореличский район||53.319616|26.541908|||[]|||20|[]|osm:way/728389043
Водяная мельница|архитектура|Лидский район||53.853013|25.385851|||[]|||20|[]|osm:way/729253041
Водяная мельница|замок|Мостовский район||53.508712|24.588065|||[]|||40|[]|osm:way/732467796
Башня-павильон|архитектура|Островецкий район||54.729411|26.016880|||[]|||20|[]|osm:way/732477144
Церковь Святых Апостолов Петра и Павла|церковь|Зельвенский район||52.858571|25.072056|||[]|||20|[]|osm:way/736893268
Кладбище еврейское|архитектура|Сморгонский район||54.148579|26.919380|||[]|||20|[]|osm:way/739864994
Каменный могильник «Кукли»|архитектура|Лидский район||53.902338|24.864029|||[]|||20|[]|osm:way/769602592
Спасо-Преображенская церковь|церковь|Кореличский район||52.759393|26.843357|||[]|||20|[]|osm:way/771723110
Церковь Воздвижения Креста Господня|архитектура|Свислочский район||53.094691|24.002913|||[]|||20|[]|osm:way/775180530
Храм в честь Собора Всех Белорусских Святых|церковь|Кореличский район||53.623569|26.669196|||[]|||20|[]|osm:way/780947896
Костёл Рождества Пресвятой Девы Марии|архитектура|Ивьевский район||54.155699|25.906527|||[]|||20|[]|osm:way/781433596
Усадебный дом|замок|Лидский район||53.845934|25.394398|||[]|||40|[]|osm:way/783799480
Часовня Воздвижения Святого Креста|костёл|Зельвенский район||52.784587|25.641598|||[]|||20|[]|osm:way/784399183
Часовня Св. Елизаветы|церковь|Зельвенский район||52.780363|25.624346|||[]|||20|[]|osm:way/784399462
Царква Святога Юр'я|церковь|Берестовицкий район||53.319646|23.766045|||[]|||20|[]|osm:way/788869791
Усадебно-парковый комплекс Брохоцких|архитектура|Кореличский район||53.354326|26.541343|||[]|||20|[]|osm:way/793600152
Церковь иконы Божией Матери «Неупиваемая Чаша»|церковь|Кореличский район||53.356315|26.544553|||[]|||20|[]|osm:way/793600154
Радунский замок|архитектура|Лидский район||54.035160|25.056648|||[]|||20|[]|osm:way/796456389
Часовня Святого Николая|архитектура|Дятловский район||53.361594|25.812224|||[]|||20|[]|osm:way/798117777
Костёл Святого Семейства|церковь|Гродненский район||53.703643|24.008439|||[]|||20|[]|osm:way/802718486
Храм во имя преподобного Серафима Саровского|церковь|Островецкий район||54.767921|26.093758|||[]|||20|[]|osm:way/803058406
Часовня-усыпальница|архитектура|Кореличский район||52.906884|26.410904|||[]|||20|[]|osm:way/810071401
Парк «Совейкі»|архитектура|Кореличский район||52.917133|26.410563|||[]|||20|[]|osm:way/810071403
Часовня св. Семьи (1828)|архитектура|Островецкий район||54.632778|26.196600|||[]|||20|[]|osm:way/814013582
Усадебный дом (руины, XIX в.)|замок|Островецкий район||54.789169|26.136862|||[]|||40|[]|osm:way/822287241
Усадьба Костюшко|архитектура|Зельвенский район||52.767517|25.125354|||[]|||20|[]|osm:way/827909415
Христианский Корабль|костёл|Дятловский район||53.070590|25.986429|||[]|||20|[]|osm:way/844815526
Голгофа|костёл|Дятловский район||52.998515|25.630396|||[]|||20|[]|osm:way/844827253
Св. Троицы|костёл|Дятловский район||52.990671|25.960927|||[]|||20|[]|osm:way/844827255
Возрождение|костёл|Кореличский район||53.202680|26.255659|||[]|||20|[]|osm:way/844827259
Благая весть|костёл|Дятловский район||52.958494|25.930101|||[]|||20|[]|osm:way/844831233
Церковь св. Дионисия|церковь|Кореличский район||52.899640|26.776737|||[]|||20|[]|osm:way/846467664
Спасение|костёл|Дятловский район||52.899903|25.847874|||[]|||20|[]|osm:way/846758474
Вифезда|костёл|Кореличский район||53.080074|26.212187|||[]|||20|[]|osm:way/846762642
Пробуждение|костёл|Кореличский район||53.057599|26.409080|||[]|||20|[]|osm:way/846762645
Ковчег Спасения|костёл|Дятловский район||52.885523|25.967691|||[]|||20|[]|osm:way/846762647
Протестантская|костёл|Кореличский район||53.096823|26.395530|||[]|||20|[]|osm:way/846762653
Храм Рождества Пресвятой Богородицы|церковь|Новогрудский район||53.832110|25.934961|||[]|||20|[]|osm:way/846917920
Дворцово-парковый комплекс Радзивиллов|архитектура|Кореличский район||53.344251|26.257168|||[]|||20|[]|osm:way/847914099
Дома польских чиновников (1920-е)|архитектура|Дятловский район||53.131998|26.023312|||[]|||20|[]|osm:way/851614911
Усадебно-парковый комплекс Слизней|архитектура|Кореличский район||53.304852|26.161257|||[]|||20|[]|osm:way/851901085
Дворец Уместовских (до 1877 г.)|замок|Ивьевский район||54.132378|25.765397|||[]|||40|[]|osm:way/860357498
Костёл Святой Троицы|архитектура|Вороновский район||54.127420|25.363135|||[]|||20|[]|osm:way/860694489
Приусадебный парк (остатки)|архитектура|Кореличский район||53.206530|26.556194|||[]|||20|[]|osm:way/865622128
Дворцово-парковый комплекс Святополк-Четвертинских|замок|Щучинский район|Жалудок|53.600865|24.956958|||[]|10:00-17:00|yes|40|[]|osm:way/868117852
Костёл Девы Марии Ангельской и кляштор францисканцев|костёл|Гродненский район|Гродна|53.671985|23.822247|||[]|||20|[]|osm:way/868466734
Храм святой преподобной Евфросинии Полоцкой (новый храм)|церковь|Свислочский район||53.123103|23.968694|||[]|||20|[]|osm:way/870272419
Церковь Успения Пресвятой Богородицы|архитектура|Свислочский район||53.111368|24.046703|||[]|||20|[]|osm:way/870334521
Синагога|замок|Кореличский район||53.452272|26.733695|||[]|||40|[]|osm:way/878095147
Бывшая винокурня|архитектура|Кореличский район||53.265400|26.405330|||[]|||20|[]|osm:way/881312034
Костёл Вознесения Пресвятой Девы Марии (1927)|архитектура|Вороновский район|Нача|54.071919|24.838903|||[]|||20|[]|osm:way/895190808
городище Каченовичи|архитектура|Кореличский район||53.197439|26.775259|||[]|||20|[]|osm:way/916551727
Часовня-усыпальница Язвинских|архитектура|Сморгонский район||54.164278|26.765131|||[]|||20|[]|osm:way/930611628
Усадебный дом де Вирионов|замок|Берестовицкий район||53.297410|23.838820|||[]|||40|[]|osm:way/930806560
Костёл Пресвятого Сердца Иисуса и Ангелов Хранителей|костёл|Ошмянский район||54.345340|25.603428|||[]|||20|[]|osm:way/932982862
Часовня Божественного Милосердия|костёл|Вороновский район||54.189447|25.184661|||[]|||20|[]|osm:way/935812386
Колокольня|архитектура|Зельвенский район||53.215192|24.682318|||[]|||20|[]|osm:way/936285835
Колокольня|архитектура|Ошмянский район||54.329624|25.840120|||[]|||20|[]|osm:way/947797319
Часовня Пресвятой Девы Марии|архитектура|Ошмянский район||54.371319|25.858150|||[]|||20|[]|osm:way/947831528
Музей Вилейского лесхоза|музей|Сморгонский район||54.556997|26.992507|||[]|||40|[]|osm:way/952419177
Земляной форт Гродненской крепости №VI|архитектура|Гродненский район||53.713960|23.834200|||[]|||20|[]|osm:way/963503943
Костёл Святого Станислава|архитектура|Щучинский район||53.637399|24.614006|||[]|||20|[]|osm:way/967111238
церковь Святого Георгия|церковь|Дятловский район||53.004366|26.047589|||[]|||20|[]|osm:way/969603534
Еврейское кладбище|архитектура|Волковысский район||53.289685|24.396779|||[]|||20|[]|osm:way/971613052
Часовня|костёл|Гродненский район||53.634615|23.727391|||[]|||20|[]|osm:way/977426582
Лосский замок|архитектура|Сморгонский район||54.262109|26.434766|||[]|||20|[]|osm:way/981898759
Церковь Ризоположения Пресвятой Богородицы (дерев.)|архитектура|Сморгонский район||54.239255|26.774278|||[]|||20|[]|osm:way/987652753
Коптильня нач.20в.|архитектура|Зельвенский район||53.112942|25.169786|||[]|||20|[]|osm:way/991637859
Купель|костёл|Сморгонский район||54.317007|26.574156|||[]|||20|[]|osm:way/992316010
Купель|церковь|Ошмянский район||54.419402|26.062124|||[]|||20|[]|osm:way/1004719689
Кладбище еврейское|архитектура|Кореличский район||53.254313|26.954992|||[]|||20|[]|osm:way/1005697119
Костёл Святого Духа|костёл|Гродненский район||53.619161|23.796117|||[]|||20|[]|osm:way/1014886042
Церковь Покрова Пресвятой Богородицы|церковь|Кореличский район||53.179138|26.961368|||[]|||20|[]|osm:way/1017168413
Водяная мельница (руины, XIX в.)|архитектура|Сморгонский район||54.136681|26.957309|||[]|||20|[]|osm:way/1030051084
Храм св. Валентины Минской|церковь|Дятловский район||53.102495|25.991530|||[]|||20|[]|osm:way/1031595175
Часовня-колокольня Покрова Пресвятой Богородицы|церковь|Дятловский район||53.267204|25.890786|||[]|||20|[]|osm:way/1039866791
Костел|костёл|Дятловский район||53.081149|26.091999|||[]|||20|[]|osm:way/1041402612
Братская могила|памятник|Гродненский район||53.754820|23.663825|||[]|||10|[]|osm:way/1055078834
Церковь|костёл|Щучинский район||53.638185|24.472961|||[]|||20|[]|osm:way/1059037359
Костёл Святой Троицы|костёл|Щучинский район||53.634938|24.474650|||[]|||20|[]|osm:way/1059037380
Кузница|музей|Кореличский район||53.227222|26.667627|||[]|||40|[]|osm:way/1060199248
Часовня святителя Николая Чудотворца|церковь|Кореличский район||52.830592|26.724557|||[]|||20|[]|osm:way/1069013475
Храм Михаила Архангела 1870г.|церковь|Кореличский район||52.843457|26.682016|||[]|||20|[]|osm:way/1069026041
Храм Михаила Архангела (новый)|церковь|Кореличский район||52.842748|26.669851|||[]|||20|[]|osm:way/1069026042
Липовая аллея|архитектура|Кореличский район||52.842515|26.666117|||[]|||20|[]|osm:way/1069026047
Часовня кладбищенская|церковь|Кореличский район||52.863721|26.641640|||[]|||20|[]|osm:way/1069028084
Часовня-усыпальница Вендорффов 19в.|архитектура|Кореличский район||52.816101|26.645508|||[]|||20|[]|osm:way/1069074261
Часовня-усыпальница Обуховичей 18в.|костёл|Кореличский район||52.778044|26.624798|||[]|||20|[]|osm:way/1069406432
Молельный вагончик|костёл|Дятловский район||53.102941|25.991657|||[]|||20|[]|osm:way/1075067453
Костел Матери Божией Остробрамской|костёл|Дятловский район||53.143105|26.034765|||[]|||20|[]|osm:way/1075801657
Замок Миндовга|музей|Кореличский район||53.740195|26.878782|||[]||yes|40|[]|osm:way/1078718425
Музей религии (закрыт)|музей|Кореличский район||53.740525|26.877466|||[]||yes|40|[]|osm:way/1078718426
Остатки фундамента усадебного дома Пузынов|замок|Островецкий район||54.763590|26.323194|||[]|||40|[]|osm:way/1082583387
Часовня св. Петра и Павла|костёл|Кореличский район||53.188352|26.332577|||[]|||20|[]|osm:way/1083991725
Пристань варягов|архитектура|Кореличский район||53.742726|26.878861|||[]|||20|[]|osm:way/1087954013
Стоянка древнего человека|архитектура|Кореличский район||53.742167|26.877928|||[]|||20|[]|osm:way/1087954014
Пантеон древних богов|архитектура|Кореличский район||53.742467|26.878100|||[]|||20|[]|osm:way/1087954017
Капище|архитектура|Кореличский район||53.742513|26.878582|||[]|||20|[]|osm:way/1087954021
Ветряная мельница|архитектура|Кореличский район||53.740596|26.881785|||[]|||20|[]|osm:way/1087954078
Храм Всех Святых|архитектура|Зельвенский район||52.875059|25.036597|||[]|||20|[]|osm:way/1087972681
МиГ-25ПУ|архитектура|Щучинский район||53.625151|24.727348|||[]|||20|[]|osm:way/1092424405
Подвесной мост|архитектура|Мостовский район||53.410713|24.545325|||[]|||20|[]|osm:way/1092424450
Подвесной мост|архитектура|Мостовский район||53.409769|24.547739|||[]|||20|[]|osm:way/1092424451
Руины церкви|замок|Зельвенский район||53.148198|24.821757|||[]|||40|[]|osm:way/1097274876
Церковь Святого Духа|архитектура|Кореличский район||53.081437|26.371761|||[]|||20|[]|osm:way/1102589630
Церковь святых мучениц Веры, Надежды, Любови и матери их Софии|архитектура|Гродненский район||53.634609|23.901570|||[]|||20|[]|osm:way/1102640812
Памятник погибшим жителям деревни|памятник|Щучинский район||53.732135|24.375363|||[]|||10|[]|osm:way/1102687908
Гродненский государственный историко-археологический музей|замок|Гродненский район||53.677034|23.823083|||[]|Tu-Sa 10:00-18:00||40|[]|osm:way/1102852544
Су-25|архитектура|Лидский район||53.890125|25.307548|||[]|||20|[]|osm:way/1105885819
Международное общество Сознания Кришны|храм|Гродненский район||53.669430|23.830081|||[]|||20|[]|osm:way/1110716949
Церковь Спасо-Преображенская (дерев.)|церковь|Кореличский район||52.964219|26.771803|||[]|||20|[]|osm:way/1113358757
Абарончая пабудова 1-ай Сусветнай вайны|архитектура|Сморгонский район||54.793895|26.657745|||[]|||20|[]|osm:way/1115494673
Часовня святой Елены|костёл|Ивьевский район||53.973662|26.059217|||[]|||20|[]|osm:way/1116589782
Часовня Богоматери Милосердия (1926 г.)|архитектура|Ивьевский район||53.989146|25.777735|||[]|||20|[]|osm:way/1116621714
Костёл Святых апостолов Петра и Павла|архитектура|Ивьевский район|Іўе|53.932579|25.780839|||[]|||20|[]|osm:way/1116758649
Часовня кладбищенская Святого пророка Илии|архитектура|Щучинский район||53.854973|24.490871|||[]|||20|[]|osm:way/1119012239
Храм Александра Невского|церковь|Сморгонский район||54.244671|26.837642|||[]|||20|[]|osm:way/1121489373
Старая деревянная часовня (XIXв., воссозд. 2005г.)|костёл|Ошмянский район||54.427393|25.934483|||[]|||20|[]|osm:way/1125710055
Бровар|архитектура|Кореличский район||53.845697|26.838935|||[]|||20|[]|osm:way/1127422739
Церковь Казанской иконы Богоматери|церковь|Кореличский район||53.231013|26.322009|||[]|||20|[]|osm:way/1132204740
Храм Святителя Николая Чудотворца|церковь|Кореличский район||53.416818|26.984658|||[]|Mo-Su 09:00-18:00||20|[]|osm:way/1136474723
Бровар нач.20в. (руины)|архитектура|Щучинский район||53.535042|24.917574|||[]|||20|[]|osm:way/1144269753
Застава|замок|Кореличский район||53.169532|26.858822|||[]|||40|[]|osm:way/1147198570
Типография|замок|Ошмянский район||54.452572|25.780238|||[]|||40|[]|osm:way/1151285275
Дом-музей Адама Мицкевича|музей|Новогрудский район||53.598075|25.827829|||[]|||40|[]|osm:way/1153865464
Усадебно-парковый комплекс Черноцких «Нача Брындзовская»|архитектура|Кореличский район||53.034991|26.435506|||[]|||20|[]|osm:way/1155190303
Руины водяной мельницы|замок|Островецкий район||54.566426|25.771468|||[]|||40|[]|osm:way/1164984211
Рэшткі млына|замок|Сморгонский район||54.394145|26.414033|||[]|||40|[]|osm:way/1171963815
Часовня-усыпальница Альбрехта Заборского|архитектура|Новогрудский район||53.590458|25.823541|||[]|||20|[]|osm:way/1176140900
Курганны могільнік (IX-XIII ст.)|архитектура|Сморгонский район||54.257319|26.488799|||[]|||20|[]|osm:way/1177979819
Рэшткі млына|замок|Сморгонский район||54.402552|26.437175|||[]|||40|[]|osm:way/1191856161
Костёл Матери Божьей Ченстоховской|костёл|Кореличский район||53.821286|26.838844|||[]|||20|[]|osm:way/1198474409
Лабірынт з туй|архитектура|Лидский район||53.850789|25.272786|||[]|||20|[]|osm:way/1199890696
Руины водяной мельницы|архитектура|Дятловский район||53.560914|25.244140|||[]|||20|[]|osm:way/1199939420
Руины млына 1901г.|замок|Волковысский район||53.159442|24.577165|||[]|||40|[]|osm:way/1200155416
Касцёл Найсвяцейшага Сэрца Ісуса|костёл|Кореличский район||53.286704|26.796559|||[]|||20|[]|osm:way/1226652731
Усадебно-парковый комплекс Бушэвских|замок|Ивьевский район||54.199074|26.019645|||[]|||40|[]|osm:way/1236097298
Часовня Георгия Победоносца|костёл|Кореличский район||53.079156|26.364182|||[]|||20|[]|osm:way/1262286528
Здание школы|архитектура|Кореличский район||52.936250|26.302279|||[]|||20|[]|osm:way/1274031131
Вечная память воинам Русской армии XXVII Армейского корпуса|памятник|Сморгонский район||54.513446|26.858540|||[]|||10|[]|osm:way/1308758607
Усадьба (остатки)|замок|Кореличский район||53.375982|26.361651|||[]|||40|[]|osm:way/1314600217
ДОСКА ПОЧЕТА|памятник|Свислочский район||53.036026|24.093577|||[]|||10|[]|osm:way/1315421915
Часовня Матери Божией Розария (1667?)|архитектура|Лидский район||53.675264|25.344968|||[]|||20|[]|osm:way/1317081544
Усадебный дом Чуловских|замок|Кореличский район||53.501419|26.773958|||[]|||40|[]|osm:way/1321438968
Колокольня (XIX в.)|архитектура|Щучинский район||53.816124|24.555727|||[]|||20|[]|osm:way/1324486487
ДОТ времен Первой мировой войны|замок|Дятловский район||53.662756|25.430886|||[]|||40|[]|osm:way/1328358730
ДОТ времен Первой миривой войны|замок|Дятловский район||53.671462|25.442217|||[]|||40|[]|osm:way/1328358985
Усадебный дом (XIX в.)|замок|Новогрудский район||53.694877|26.037992|||[]|||40|[]|osm:way/1328788567
Усадебный парк|архитектура|Новогрудский район||53.694858|26.038466|||[]|||20|[]|osm:way/1328788569
Часовня Казанской иконы Божьей Матери|церковь|Кореличский район||53.125727|26.900303|||[]|||20|[]|osm:way/1329960516
Часовня|архитектура|Кореличский район||53.895974|26.742620|||[]|||20|[]|osm:way/1331448331
Усадебный дом Корвинов-Милевских (сохр. цокольный этаж) XIX в.|замок|Ивьевский район||53.968170|25.973319|||[]|||40|[]|osm:way/1338294967
Колокольня (1858)|архитектура|Мостовский район||53.369872|24.357329|||[]|||20|[]|osm:way/1346145343
Усадебный дом (1819)|замок|Дятловский район||53.483813|25.390469|||[]|||40|[]|osm:way/1351208029
Фундамент костёла Святого Казимира|архитектура|Кореличский район||53.477252|26.732485|||[]|||20|[]|osm:way/1353462440
Часовня-усыпальница|архитектура|Сморгонский район||54.159780|26.368952|||[]|||20|[]|osm:way/1358659546
Брама-колокольня|архитектура|Дятловский район||53.348211|25.486865|||[]|||20|[]|osm:way/1364973766
Часовня Св. Терезы (1908)|архитектура|Новогрудский район||53.491349|25.702080|||[]|||20|[]|osm:way/1364973770
Часовня кладбищенская|архитектура|Волковысский район|Вярэйкі|53.243607|24.181911|||[]|||20|[]|osm:way/1367627343
Городище-1|архитектура|Сморгонский район||54.473744|26.921599|||[]|||20|[]|osm:way/1371963173
Городище-2|архитектура|Сморгонский район||54.516763|26.922905|||[]|||20|[]|osm:way/1371965799
Костёл прихода благословлённого ксендза Михала Сопоцько|костёл|Гродненский район||53.609861|24.082201|||[]|||20|[]|osm:way/1375342443
Усадебный дом|замок|Островецкий район||54.653635|26.223379|||[]|||40|[]|osm:way/1382669335
Мельница водяная (руины)|архитектура|Дятловский район||53.444069|25.717668|||[]|||20|[]|osm:way/1396088222
Ледовня|архитектура|Островецкий район||54.719796|25.912513|||[]|||20|[]|osm:way/1408247282
Костёл Посещения Пресвятой Девы Марии|архитектура|Ивьевский район|Вішнева|54.142146|26.209848|||[]|||20|[]|osm:way/1410931932
Руины мельницы|замок|Гродненский район||53.669011|23.775132|||[]|||40|[]|osm:way/1411022888
Хозпостройка (руины)|замок|Ивьевский район||54.136401|26.283375|||[]|||40|[]|osm:way/1411102425
Часовня-усыпальница В.А. Шукевича|архитектура|Лидский район||54.064052|24.836044|||[]|||20|[]|osm:way/1415647159
Амбар|архитектура|Кореличский район||52.916016|26.407606|||[]|||20|[]|osm:way/1427953716
Часовня Святого Роха|архитектура|Зельвенский район||53.215215|24.684725|||[]|||20|[]|osm:way/1442594493
Часовня-усыпальница|архитектура|Зельвенский район||52.784291|25.661468|||[]|||20|[]|osm:way/1443487450
Священная роща|архитектура|Дятловский район||53.115275|25.445014|||[]|||20|[]|osm:way/1444733026
Часовня-усыпальница|архитектура|Кореличский район||53.305715|26.181157|||[]|||20|[]|osm:way/1446690207
Церковь Рождества Пресвятой Богородицы|церковь|Кореличский район||53.461257|26.673739|||[]|||20|[]|osm:way/1448136831
Часовня Пресвятой Девы Марии Остробрамской (1834)|архитектура|Вороновский район||54.132168|25.098488|||[]|||20|[]|osm:way/1450294478
Усадебный дом|замок|Ошмянский район||54.404362|25.725585|||[]|||40|[]|osm:way/1450650683
Усадебный дом|замок|Ошмянский район||54.402183|25.727511|||[]|||40|[]|osm:way/1450650686
Часовня|костёл|Ошмянский район||54.402380|25.730374|||[]|||20|[]|osm:way/1450650692
Усадебный дом «Станиславово»|замок|Вороновский район||54.149377|25.344971|||[]|||40|[]|osm:way/1450655803
Часовня|архитектура|Ивьевский район||53.929195|26.048304|||[]|||20|[]|osm:way/1460026204
Часовня католич. Сердца Иисуса|архитектура|Ивьевский район||53.988310|25.879396|||[]|||20|[]|osm:way/1460066531
Церковь св. Варвары|архитектура|Кореличский район||53.846808|26.071727|||[]|||20|[]|osm:way/1460071318
Церковь Казанской иконы Богоматери (дерев.)|церковь|Кореличский район||52.944508|26.870210|||[]|||20|[]|osm:way/1467846543
макет замка|архитектура|Кореличский район||53.039211|26.255104|||[]|||20|[]|osm:way/1473333820
Руины церкви Святой Параскевы Пятницы|замок|Свислочский район||53.177838|23.906218|||[]|||40|[]|osm:way/1474960705
Брама-колокольня|архитектура|Зельвенский район||53.064609|24.770093|||[]|||20|[]|osm:way/1475631741
Часовенка придорожная католическая|архитектура|Кореличский район||53.708475|26.546477|||[]|||20|[]|osm:way/1484019522
Руины усадебного дома|замок|Кореличский район||53.803786|26.749365|||[]|||40|[]|osm:way/1484268190
Церковь Вознесенская (ок. 1990-ых гг.)|церковь|Сморгонский район||54.401672|26.604738|||[]|||20|[]|osm:way/1486347755
Часовня|архитектура|Берестовицкий район||53.350860|24.032744|||[]|||20|[]|osm:way/1486867324
Хозяйственная постройка|замок|Сморгонский район||54.792425|26.666011|||[]|||40|[]|osm:way/1490079073
Хозяйственная постройка|замок|Сморгонский район||54.792966|26.666149|||[]|||40|[]|osm:way/1490079074
Навагрудская Брама|архитектура|Новогрудский район||53.601954|25.807669|||[]|||20|[]|osm:way/1491622744
Руины хоз. постройки|замок|Свислочский район||52.947794|24.378016|||[]|||40|[]|osm:way/1497013452
"Часовня иконы Божией Матери ""Жировицкая"""|церковь|Сморгонский район||54.719980|26.536835|||[]|||20|[]|osm:way/1499097944
Иордань|церковь|Сморгонский район||54.719913|26.537488|||[]|||20|[]|osm:way/1499097946
Сырница (руины 19в.)|замок|Новогрудский район||53.423949|26.055179|||[]|||40|[]|osm:way/1507318760
Дом-музей Гапановича|музей|Кореличский район||53.183702|26.666437|||[]|||40|[]|osm:way/1514832652
Водяная мельница|замок|Новогрудский район||53.786295|25.825367|||[]|||40|[]|osm:way/1515133235
Флигель|замок|Новогрудский район||53.762398|25.829604|||[]|||40|[]|osm:way/1515202292
Крестьянский дом 19в. из д.Семерники|музей|Берестовицкий район||53.370957|24.175207|||[]|||40|[]|osm:way/1530207171
Подвесной мост|архитектура|Сморгонский район||54.524786|26.725279|||[]|||20|[]|osm:way/1533263647
Подвесной мост|архитектура|Сморгонский район||54.495336|26.732516|||[]|||20|[]|osm:way/1533442325
Опорный пункт|замок|Гродненский район||53.729552|23.757544|||[]|||40|[]|osm:way/1539973764
Каменный могильник периода средневековья|архитектура|Берестовицкий район||53.303794|24.221281|||[]|||20|[]|osm:way/1540835938
Немецкий дот первой мировой войны|замок|Сморгонский район||54.315930|26.249451|||[]|||40|[]|osm:way/1545719611
Руины усадебного дома Оскерко (?)|замок|Ошмянский район||54.380159|25.835322|||[]|||40|[]|osm:way/1545719664
Руины фундамента амбара|замок|Кореличский район||52.888429|26.549218|||[]|||40|[]|osm:way/1547920574
Амбар|архитектура|Кореличский район||52.960849|26.544336|||[]|||20|[]|osm:way/1548137629
Часовня|костёл|Кореличский район||53.841899|26.841291|||[]|||20|[]|osm:way/1551742186
Тупальский мост|замок|Сморгонский район||54.658409|26.409207|||[]|||40|[]|osm:way/1560192831
Лестница усадьбы Шафнагелей|замок|Сморгонский район||54.461466|26.201562|||[]|||40|[]|osm:way/1561270775
Костёл Обретения Святого Креста и монастырь бернардинцев|архитектура|Гродненский район|Гродна|53.674810|23.830602|||[]|||20|[]|osm:relation/59854
Приход Пресвятого Искупителя|костёл|Гродненский район|Гродна|53.707856|23.851038|||[]|||20|[]|osm:relation/61777
Костёл Благовещения Пресвятой Девы Марии и монастырь бригиток|архитектура|Гродненский район|Гродна|53.676875|23.836443|||[]|||20|[]|osm:relation/61787
Мирский Замок|замок|Кореличский район||53.451193|26.472922|||[]|||40|[]|osm:relation/1579104
Бывшие меловые карьеры|архитектура|Волковысский район||53.277784|24.488889|||[]|||20|[]|osm:relation/2715676
Гродненская крепость|замок|Гродненский район||53.662846|23.784979|||[]|||40|[]|osm:relation/3814616
Часовня памяти воинов Первой мировой войны|церковь|Сморгонский район||54.490212|26.901559|||[]|||20|[]|osm:relation/4501614
Лидский замок|замок|Лидский район||53.887207|25.302842|||[]|Apr-Sep Tu-Su 10:00-19:00; Oct-Mar Tu-Su 09:00-18:00||40|[]|osm:relation/5755161
Новогрудский замок|замок|Новогрудский район||53.601342|25.827744|||[]|||40|[]|osm:relation/9251622
Мстибовское городище|архитектура|Волковысский район||53.108871|24.258712|||[]|||20|[]|osm:relation/11015679
Городище|архитектура|Сморгонский район||54.571802|26.597302|||[]|||20|[]|osm:relation/13132185
Кревский замок|замок|Сморгонский район||54.309286|26.282504|||[]|||40|[]|osm:relation/13193453
Клецкое городище (11-13вв)|архитектура|Кореличский район||53.069612|26.627552|||[]|||20|[]|osm:relation/13194910
Замок Гаштольдов|замок|Ивьевский район||54.113344|25.579329|||[]|||40|[]|osm:relation/13196482
Кревское городище|архитектура|Сморгонский район||54.325201|26.305294|||[]|||20|[]|osm:relation/13200464
Замчище|архитектура|Зельвенский район||53.095183|25.321206|||[]|||20|[]|osm:relation/13250551
Мышский замок|архитектура|Дятловский район||53.182207|25.892854|||[]|||20|[]|osm:relation/14034243
Часовня Булгарина (1747)|архитектура|Кореличский район||53.220613|26.683215|||[]|||20|[]|osm:relation/14560688
Замковая башня|архитектура|Кореличский район||53.220964|26.683568|||[]|||20|[]|osm:relation/14560689
Несвижский замок|замок|Кореличский район||53.222798|26.691765|||[]|Mo-Su 09:00-18:00||40|[]|osm:relation/14560856
Муравельник|архитектура|Волковысский район||53.154583|24.487689|||[]|||20|[]|osm:relation/15062514
Замчище|архитектура|Волковысский район||53.153056|24.477633|||[]|||20|[]|osm:relation/15062559
Кромлех «Врата всех звезд»|архитектура|Кореличский район||53.741855|26.877313|||[]|||20|[]|osm:relation/15393967
Лесопарк Альба|архитектура|Кореличский район||53.203392|26.642160|||[]|||20|[]|osm:relation/15898907
Кащелицкое городище|архитектура|Сморгонский район||54.248642|26.473217|||[]|||20|[]|osm:relation/15926133
Городище|архитектура|Сморгонский район||54.635718|26.542322|||[]|||20|[]|osm:relation/17578719
Ворота (XIX в.)|архитектура|Мостовский район||53.353110|24.308112|||[]|||20|[]|osm:relation/18147180
Дом вице-администратора|архитектура|Гродненский район||53.684429|23.834718|||[]|||20|[]|osm:relation/18245814
Фара Витовта|памятник|Гродненский район||53.678789|23.828373|||[]|||10|[]|osm:relation/18245883
Старый замок|замок|Гродненский район||53.677334|23.823021|||[]|Tu-Su 10:00-18:00||40|[]|osm:relation/18245978
Городище|архитектура|Новогрудский район||53.323297|25.987973|||[]|||20|[]|osm:relation/18796939
"городище ""Замок"""|архитектура|Островецкий район||54.740439|26.208505|||[]|||20|[]|osm:relation/19110788
Дворцово-парковый комплекс Новицких «Совейкі»|архитектура|Кореличский район||52.916691|26.410615|||[]|||20|[]|osm:relation/19587143
Вольер для содержания оленя пятнистого|архитектура|Островецкий район||54.633478|25.857576|||[]|||20|[]|osm:relation/19735718
Вольер для содержания оленя благородного|архитектура|Островецкий район||54.631507|25.870703|||[]|||20|[]|osm:relation/19735719
Вольер для содержания муфлона|архитектура|Островецкий район||54.638446|25.862789|||[]|||20|[]|osm:relation/19735720
Вольер для содержания лани|архитектура|Островецкий район||54.638836|25.868709|||[]|||20|[]|osm:relation/19735722
